# Figure 1b -- GM12878 chr7 Hi-C contact values, for the R-drawn contact map.
# Written by figures/scripts/export_hic_matrix.py. EXPORT ONLY: no value here is
# rescaled, logged or coloured -- these are the cooler's own ICE-balanced contact
# frequencies (count * weight_i * weight_j), exactly as the software reads them.
# source: /home/coder/TAD/creditad/package_stage/example_data/chr7_tracks/GM12878_chr7_hg38.mcool
# cooler: /resolutions/10000   balanced: True (ICE 'weight' column)
# drawn window: chr7:86525000-87325000   triangle apex separation: 260000 bp
# fetched region: chr7:86375000-87475000 (half the apex beyond each edge, so the drawn
#   triangle's upper corners are covered; the panel clips to the drawn window)
# rows: EVERY cell of the drawn region -- including cells with no contacts, so the
#   panel renders them deliberately rather than leaving bare paper, and including
#   one row/column of OVERDRAW beyond the drawn limits so the panel's clip cuts a
#   straight edge (the overdraw is exported, not drawn).
# geometry: ROTATED TRIANGLE, 3.08:1 (window 800 kb : separation cap 260 kb)
# status: measured      = a contact count was observed
#         zero          = both bins are ICE-weighted and the count is zero
#         unmeasurable  = a bin carries no ICE weight (balanced is NA)
# columns: bin_i bin_j start_i start_j balanced count status
bin_i	bin_j	start_i	start_j	balanced	count	status
0	27	86370000	86640000	0.001129317447	13	measured
0	28	86370000	86650000	0.001106587801	12	measured
1	26	86380000	86630000	0.001950326112	28	measured
1	27	86380000	86640000	0.002224749889	26	measured
1	28	86380000	86650000	0.001634979448	18	measured
1	29	86380000	86660000	0.001352807567	17	measured
2	25	86390000	86620000	0.002936306036	25	measured
2	26	86390000	86630000	0.001930100123	23	measured
2	27	86390000	86640000	0.0009277974055	9	measured
2	28	86390000	86650000	0.001750904964	16	measured
2	29	86390000	86660000	0.001725688504	18	measured
2	30	86390000	86670000	0.001683430241	18	measured
3	24	86400000	86610000	0.001940840663	23	measured
3	25	86400000	86620000	0.001548484085	17	measured
3	26	86400000	86630000	0.001561923502	24	measured
3	27	86400000	86640000	0.001598958366	20	measured
3	28	86400000	86650000	0.001697341003	20	measured
3	29	86400000	86660000	0.001412667707	19	measured
3	30	86400000	86670000	0.001595665355	22	measured
3	31	86400000	86680000	0.0008546925285	12	measured
4	23	86410000	86600000	0.002406064868	25	measured
4	24	86410000	86610000	0.002583247102	22	measured
4	25	86410000	86620000	0.002154705746	17	measured
4	26	86410000	86630000	0.001901730783	21	measured
4	27	86410000	86640000	0.001001223174	9	measured
4	28	86410000	86650000	0.001889471359	16	measured
4	29	86410000	86660000	0.00196571812	19	measured
4	30	86410000	86670000	0.00211943281	21	measured
4	31	86410000	86680000	0.001288407479	13	measured
4	32	86410000	86690000	0.001225637879	15	measured
5	22	86420000	86590000	0.002043374185	25	measured
5	23	86420000	86600000	0.002589883915	33	measured
5	24	86420000	86610000	0.002202267863	23	measured
5	25	86420000	86620000	0.00186041824	18	measured
5	26	86420000	86630000	0.002584620718	35	measured
5	27	86420000	86640000	0.001270034312	14	measured
5	28	86420000	86650000	0.001251880048	13	measured
5	29	86420000	86660000	0.001771682805	21	measured
5	30	86420000	86670000	0.001316798661	16	measured
5	31	86420000	86680000	0.002020453822	25	measured
5	32	86420000	86690000	0.001332600422	20	measured
5	33	86420000	86700000	0.001153346635	14	measured
6	21	86430000	86580000	0.002312225116	32	measured
6	22	86430000	86590000	0.00226946308	33	measured
6	23	86430000	86600000	0.002773428265	42	measured
6	24	86430000	86610000	0.002255805364	28	measured
6	25	86430000	86620000	0.001565351512	18	measured
6	26	86430000	86630000	0.002112559659	34	measured
6	27	86430000	86640000	0.001602905805	21	measured
6	28	86430000	86650000	0.001053328915	13	measured
6	29	86430000	86660000	0.001419704502	20	measured
6	30	86430000	86670000	0.001592679969	23	measured
6	31	86430000	86680000	0.001768005275	26	measured
6	32	86430000	86690000	0.001569745586	28	measured
6	33	86430000	86700000	0.001039739072	15	measured
6	34	86430000	86710000	0.001739666196	22	measured
7	20	86440000	86570000	0.002139442092	19	measured
7	21	86440000	86580000	0.002128785025	25	measured
7	22	86440000	86590000	0.002755495848	34	measured
7	23	86440000	86600000	0.002101082342	27	measured
7	24	86440000	86610000	0.002278591628	24	measured
7	25	86440000	86620000	0.002049656242	20	measured
7	26	86440000	86630000	0.002123438685	29	measured
7	27	86440000	86640000	0.002608545203	29	measured
7	28	86440000	86650000	0.002291625033	24	measured
7	29	86440000	86660000	0.002091315876	25	measured
7	30	86440000	86670000	0.0005712291796	7	measured
7	31	86440000	86680000	0.001762968495	22	measured
7	32	86440000	86690000	0.001717735334	26	measured
7	33	86440000	86700000	0.001388652846	17	measured
7	34	86440000	86710000	0.001677364359	18	measured
7	35	86440000	86720000	0.001416678968	18	measured
8	19	86450000	86560000	0.002990829852	41	measured
8	20	86450000	86570000	0.002250315328	18	measured
8	21	86450000	86580000	0.002552580812	27	measured
8	22	86450000	86590000	0.00314929125	35	measured
8	23	86450000	86600000	0.002764733184	32	measured
8	24	86450000	86610000	0.002951462198	28	measured
8	25	86450000	86620000	0.001706735537	15	measured
8	26	86450000	86630000	0.001056839453	13	measured
8	27	86450000	86640000	0.001897483063	19	measured
8	28	86450000	86650000	0.001908221388	18	measured
8	29	86450000	86660000	0.001393140196	15	measured
8	30	86450000	86670000	0.001630830358	18	measured
8	31	86450000	86680000	0.001245586362	14	measured
8	32	86450000	86690000	0.001467022704	20	measured
8	33	86450000	86700000	0.001451071085	16	measured
8	34	86450000	86710000	0.00165538428	16	measured
8	35	86450000	86720000	0.001835025798	21	measured
8	36	86450000	86730000	0.001232249405	19	measured
9	18	86460000	86550000	0.005266264096	38	measured
9	19	86460000	86560000	0.003526358635	64	measured
9	20	86460000	86570000	0.003116186686	33	measured
9	21	86460000	86580000	0.002927778702	41	measured
9	22	86460000	86590000	0.002310799972	34	measured
9	23	86460000	86600000	0.002806146607	43	measured
9	24	86460000	86610000	0.002229337799	28	measured
9	25	86460000	86620000	0.002406421272	28	measured
9	26	86460000	86630000	0.002333393138	38	measured
9	27	86460000	86640000	0.002262998241	30	measured
9	28	86460000	86650000	0.002482313348	31	measured
9	29	86460000	86660000	0.001683656379	24	measured
9	30	86460000	86670000	0.001231820541	18	measured
9	31	86460000	86680000	0.001209642308	18	measured
9	32	86460000	86690000	0.001662136737	30	measured
9	33	86460000	86700000	0.00246609533	36	measured
9	34	86460000	86710000	0.00132851487	17	measured
9	35	86460000	86720000	0.001452058839	22	measured
9	36	86460000	86730000	0.001567594204	32	measured
9	37	86460000	86740000	0.001032411754	15	measured
10	17	86470000	86540000	0.005337647087	72	measured
10	18	86470000	86550000	0.003924829151	28	measured
10	19	86470000	86560000	0.004235491203	76	measured
10	20	86470000	86570000	0.003438394598	36	measured
10	21	86470000	86580000	0.004333605044	60	measured
10	22	86470000	86590000	0.002680968621	39	measured
10	23	86470000	86600000	0.002376227893	36	measured
10	24	86470000	86610000	0.003704412723	46	measured
10	25	86470000	86620000	0.001999333071	23	measured
10	26	86470000	86630000	0.003540159772	57	measured
10	27	86470000	86640000	0.00244149943	32	measured
10	28	86470000	86650000	0.002591722948	32	measured
10	29	86470000	86660000	0.002412486116	34	measured
10	30	86470000	86670000	0.002561063508	37	measured
10	31	86470000	86680000	0.002243066195	33	measured
10	32	86470000	86690000	0.002185514983	39	measured
10	33	86470000	86700000	0.0020786066	30	measured
10	34	86470000	86710000	0.001976064856	25	measured
10	35	86470000	86720000	0.001468682439	22	measured
10	36	86470000	86730000	0.001535992346	31	measured
10	37	86470000	86740000	0.001253077331	18	measured
10	38	86470000	86750000	0.001918615035	29	measured
11	16	86480000	86530000	0.006793371162	73	measured
11	17	86480000	86540000	0.005325399558	49	measured
11	18	86480000	86550000	0.005548367866	27	measured
11	19	86480000	86560000	0.005637389483	69	measured
11	20	86480000	86570000	0.003920577154	28	measured
11	21	86480000	86580000	0.004235423359	40	measured
11	22	86480000	86590000	0.003325675126	33	measured
11	23	86480000	86600000	0.002612691373	27	measured
11	24	86480000	86610000	0.004368195006	37	measured
11	25	86480000	86620000	0.003185928911	25	measured
11	26	86480000	86630000	0.002549440008	28	measured
11	27	86480000	86640000	0.002572605794	23	measured
11	28	86480000	86650000	0.003324569266	28	measured
11	29	86480000	86660000	0.001768371819	17	measured
11	30	86480000	86670000	0.00152211912	15	measured
11	31	86480000	86680000	0.003288371297	33	measured
11	32	86480000	86690000	0.001314461657	16	measured
11	33	86480000	86700000	0.00213308961	21	measured
11	34	86480000	86710000	0.00162228809	14	measured
11	35	86480000	86720000	0.002153112194	22	measured
11	36	86480000	86730000	0.001670682611	23	measured
11	37	86480000	86740000	0.002347318182	23	measured
11	38	86480000	86750000	0.00106689404	11	measured
11	39	86480000	86760000	0.001976038571	23	measured
12	15	86490000	86520000	0.009458040465	104	measured
12	16	86490000	86530000	0.007738398	86	measured
12	17	86490000	86540000	0.006410266437	61	measured
12	18	86490000	86550000	0.00695439983	35	measured
12	19	86490000	86560000	0.004028925663	51	measured
12	20	86490000	86570000	0.00419704664	31	measured
12	21	86490000	86580000	0.004709608384	46	measured
12	22	86490000	86590000	0.003702879735	38	measured
12	23	86490000	86600000	0.00271339158	29	measured
12	24	86490000	86610000	0.003652922012	32	measured
12	25	86490000	86620000	0.003203756854	26	measured
12	26	86490000	86630000	0.002289023448	26	measured
12	27	86490000	86640000	0.00313641508	29	measured
12	28	86490000	86650000	0.003099782675	27	measured
12	29	86490000	86660000	0.002715679764	27	measured
12	30	86490000	86670000	0.002158590151	22	measured
12	31	86490000	86680000	0.002794184214	29	measured
12	32	86490000	86690000	0.002065339331	26	measured
12	33	86490000	86700000	0.002553602422	26	measured
12	34	86490000	86710000	0.0015686213	14	measured
12	35	86490000	86720000	0.0009463114779	10	measured
12	36	86490000	86730000	0.001545179455	22	measured
12	37	86490000	86740000	0.001282855106	13	measured
12	38	86490000	86750000	0.001781854889	19	measured
12	39	86490000	86760000	0.002076814552	25	measured
12	40	86490000	86770000	0.001522983497	16	measured
13	14	86500000	86510000	0.03341838634	387	measured
13	15	86500000	86520000	0.01729877806	200	measured
13	16	86500000	86530000	0.0124090409	145	measured
13	17	86500000	86540000	0.008995107501	90	measured
13	18	86500000	86550000	0.009259878627	49	measured
13	19	86500000	86560000	0.00706259877	94	measured
13	20	86500000	86570000	0.00437802887	34	measured
13	21	86500000	86580000	0.004381845701	45	measured
13	22	86500000	86590000	0.003985126103	43	measured
13	23	86500000	86600000	0.003381548918	38	measured
13	24	86500000	86610000	0.003257086401	30	measured
13	25	86500000	86620000	0.003984581552	34	measured
13	26	86500000	86630000	0.002930640456	35	measured
13	27	86500000	86640000	0.002880123888	28	measured
13	28	86500000	86650000	0.002729763947	25	measured
13	29	86500000	86660000	0.002582832002	27	measured
13	30	86500000	86670000	0.002052994538	22	measured
13	31	86500000	86680000	0.0029324095	32	measured
13	32	86500000	86690000	0.002039855643	27	measured
13	33	86500000	86700000	0.001961628809	21	measured
13	34	86500000	86710000	0.00159844955	15	measured
13	35	86500000	86720000	0.002790059109	31	measured
13	36	86500000	86730000	0.002271186321	34	measured
13	37	86500000	86740000	0.001313953189	14	measured
13	38	86500000	86750000	0.001516300422	17	measured
13	39	86500000	86760000	0.002054228074	26	measured
13	40	86500000	86770000	0.002715901856	30	measured
13	41	86500000	86780000	0.001252024307	11	measured
14	14	86510000	86510000	0.09809359895	1682	measured
14	15	86510000	86520000	0.03487385271	597	measured
14	16	86510000	86530000	0.01814847045	314	measured
14	17	86510000	86540000	0.01113750622	165	measured
14	18	86510000	86550000	0.01021032034	80	measured
14	19	86510000	86560000	0.007408490074	146	measured
14	20	86510000	86570000	0.007218018041	83	measured
14	21	86510000	86580000	0.005918712476	90	measured
14	22	86510000	86590000	0.004256206517	68	measured
14	23	86510000	86600000	0.004086779039	68	measured
14	24	86510000	86610000	0.003152946829	43	measured
14	25	86510000	86620000	0.003165949338	40	measured
14	26	86510000	86630000	0.003279915509	58	measured
14	27	86510000	86640000	0.002639835722	38	measured
14	28	86510000	86650000	0.002802262715	38	measured
14	29	86510000	86660000	0.003294903787	51	measured
14	30	86510000	86670000	0.002962123337	47	measured
14	31	86510000	86680000	0.003342016318	54	measured
14	32	86510000	86690000	0.002602231999	51	measured
14	33	86510000	86700000	0.002712727429	43	measured
14	34	86510000	86710000	0.002518928765	35	measured
14	35	86510000	86720000	0.001641177828	27	measured
14	36	86510000	86730000	0.001308314069	29	measured
14	37	86510000	86740000	0.002155117439	34	measured
14	38	86510000	86750000	0.00259026953	43	measured
14	39	86510000	86760000	0.002401198109	45	measured
14	40	86510000	86770000	0.002078796136	34	measured
14	41	86510000	86780000	0.002306117847	30	measured
14	42	86510000	86790000	0.001952101587	43	measured
15	15	86520000	86520000	0.08138861318	1391	measured
15	16	86520000	86530000	0.03207237092	554	measured
15	17	86520000	86540000	0.0169702663	251	measured
15	18	86520000	86550000	0.01137759075	89	measured
15	19	86520000	86560000	0.009656980827	190	measured
15	20	86520000	86570000	0.008710654566	100	measured
15	21	86520000	86580000	0.005796666654	88	measured
15	22	86520000	86590000	0.004513954703	72	measured
15	23	86520000	86600000	0.004093474391	68	measured
15	24	86520000	86610000	0.004259779365	58	measured
15	25	86520000	86620000	0.004598147344	58	measured
15	26	86520000	86630000	0.003625146462	64	measured
15	27	86520000	86640000	0.002992076415	43	measured
15	28	86520000	86650000	0.00280685365	38	measured
15	29	86520000	86660000	0.003041454613	47	measured
15	30	86520000	86670000	0.002588213255	41	measured
15	31	86520000	86680000	0.002541613938	41	measured
15	32	86520000	86690000	0.002759818473	54	measured
15	33	86520000	86700000	0.002464411522	39	measured
15	34	86520000	86710000	0.00165800791	23	measured
15	35	86520000	86720000	0.002922429445	48	measured
15	36	86520000	86730000	0.002123844872	47	measured
15	37	86520000	86740000	0.002031668856	32	measured
15	38	86520000	86750000	0.002232488066	37	measured
15	39	86520000	86760000	0.001817210831	34	measured
15	40	86520000	86770000	0.002143443049	35	measured
15	41	86520000	86780000	0.001770920228	23	measured
15	42	86520000	86790000	0.002273604311	50	measured
15	43	86520000	86800000	0.001538420849	25	measured
16	16	86530000	86530000	0.1044794597	1824	measured
16	17	86530000	86540000	0.03338107083	499	measured
16	18	86530000	86550000	0.01530489853	121	measured
16	19	86530000	86560000	0.01101327962	219	measured
16	20	86530000	86570000	0.009652806422	112	measured
16	21	86530000	86580000	0.006061266586	93	measured
16	22	86530000	86590000	0.006637327707	107	measured
16	23	86530000	86600000	0.005122316379	86	measured
16	24	86530000	86610000	0.004578091244	63	measured
16	25	86530000	86620000	0.004157339988	53	measured
16	26	86530000	86630000	0.004203312019	75	measured
16	27	86530000	86640000	0.004130857927	60	measured
16	28	86530000	86650000	0.004092691242	56	measured
16	29	86530000	86660000	0.003521526446	55	measured
16	30	86530000	86670000	0.002373474553	38	measured
16	31	86530000	86680000	0.002453412089	40	measured
16	32	86530000	86690000	0.003135185413	62	measured
16	33	86530000	86700000	0.002876015605	46	measured
16	34	86530000	86710000	0.002139758694	30	measured
16	35	86530000	86720000	0.002108412706	35	measured
16	36	86530000	86730000	0.002414368058	54	measured
16	37	86530000	86740000	0.002764015054	44	measured
16	38	86530000	86750000	0.001850690939	31	measured
16	39	86530000	86760000	0.00237970814	45	measured
16	40	86530000	86770000	0.002363160911	39	measured
16	41	86530000	86780000	0.001980748307	26	measured
16	42	86530000	86790000	0.002024613723	45	measured
16	43	86530000	86800000	0.0024963403	41	measured
16	44	86530000	86810000	0.002368972282	46	measured
17	17	86540000	86540000	0.1174227735	1503	measured
17	18	86540000	86550000	0.03944118734	267	measured
17	19	86540000	86560000	0.01703194255	290	measured
17	20	86540000	86570000	0.012581697	125	measured
17	21	86540000	86580000	0.008220492305	108	measured
17	22	86540000	86590000	0.006592414563	91	measured
17	23	86540000	86600000	0.007164713147	103	measured
17	24	86540000	86610000	0.005431471479	64	measured
17	25	86540000	86620000	0.00513004689	56	measured
17	26	86540000	86630000	0.004516199223	69	measured
17	27	86540000	86640000	0.003618221555	45	measured
17	28	86540000	86650000	0.002901973932	34	measured
17	29	86540000	86660000	0.003589245271	48	measured
17	30	86540000	86670000	0.002990738728	41	measured
17	31	86540000	86680000	0.003366681265	47	measured
17	32	86540000	86690000	0.003248088579	55	measured
17	33	86540000	86700000	0.003431823146	47	measured
17	34	86540000	86710000	0.001665969995	20	measured
17	35	86540000	86720000	0.002954816432	42	measured
17	36	86540000	86730000	0.002245286718	43	measured
17	37	86540000	86740000	0.002347639135	32	measured
17	38	86540000	86750000	0.002300804824	33	measured
17	39	86540000	86760000	0.002532145597	41	measured
17	40	86540000	86770000	0.00290139046	41	measured
17	41	86540000	86780000	0.003380906627	38	measured
17	42	86540000	86790000	0.002259392864	43	measured
17	43	86540000	86800000	0.002630966328	37	measured
17	44	86540000	86810000	0.002586212687	43	measured
17	45	86540000	86820000	0.001707598374	22	measured
18	18	86550000	86550000	0.1720540092	616	measured
18	19	86550000	86560000	0.03053825697	275	measured
18	20	86550000	86570000	0.01579620157	83	measured
18	21	86550000	86580000	0.01309666834	91	measured
18	22	86550000	86590000	0.007533749453	55	measured
18	23	86550000	86600000	0.004997934324	38	measured
18	24	86550000	86610000	0.007220967808	45	measured
18	25	86550000	86620000	0.005196368341	30	measured
18	26	86550000	86630000	0.003093922105	25	measured
18	27	86550000	86640000	0.003800738737	25	measured
18	28	86550000	86650000	0.003873211363	24	measured
18	29	86550000	86660000	0.004948519768	35	measured
18	30	86550000	86670000	0.003172253021	23	measured
18	31	86550000	86680000	0.003521460797	26	measured
18	32	86550000	86690000	0.003349899634	30	measured
18	33	86550000	86700000	0.002347044523	17	measured
18	34	86550000	86710000	0.002992513692	19	measured
18	35	86550000	86720000	0.001995344278	15	measured
18	36	86550000	86730000	0.002172057902	22	measured
18	37	86550000	86740000	0.002358172928	17	measured
18	38	86550000	86750000	0.001845607052	14	measured
18	39	86550000	86760000	0.001634851155	14	measured
18	40	86550000	86770000	0.002809874885	21	measured
18	41	86550000	86780000	0.002691627325	16	measured
18	42	86550000	86790000	0.002086353802	21	measured
18	43	86550000	86800000	0.002420089551	18	measured
18	44	86550000	86810000	0.002388143629	21	measured
18	45	86550000	86820000	0.002641684345	18	measured
18	46	86550000	86830000	0.002223339765	12	measured
19	19	86560000	86560000	0.08516697963	1929	measured
19	20	86560000	86570000	0.0388924373	514	measured
19	21	86560000	86580000	0.0161932246	283	measured
19	22	86560000	86590000	0.01007506086	185	measured
19	23	86560000	86600000	0.008052952468	154	measured
19	24	86560000	86610000	0.006826437831	107	measured
19	25	86560000	86620000	0.005371563854	78	measured
19	26	86560000	86630000	0.005117173858	104	measured
19	27	86560000	86640000	0.004170657878	69	measured
19	28	86560000	86650000	0.004298948326	67	measured
19	29	86560000	86660000	0.003822466117	68	measured
19	30	86560000	86670000	0.003399845171	62	measured
19	31	86560000	86680000	0.004038668806	75	measured
19	32	86560000	86690000	0.003640423085	82	measured
19	33	86560000	86700000	0.003897249609	71	measured
19	34	86560000	86710000	0.002630021521	42	measured
19	35	86560000	86720000	0.002803044013	53	measured
19	36	86560000	86730000	0.003140264076	80	measured
19	37	86560000	86740000	0.002812706201	51	measured
19	38	86560000	86750000	0.002044105368	39	measured
19	39	86560000	86760000	0.002414243067	52	measured
19	40	86560000	86770000	0.002340711187	44	measured
19	41	86560000	86780000	0.001939636778	29	measured
19	42	86560000	86790000	0.002369994727	60	measured
19	43	86560000	86800000	0.002993466657	56	measured
19	44	86560000	86810000	0.00244153174	54	measured
19	45	86560000	86820000	0.003267562558	56	measured
19	46	86560000	86830000	0.002651884207	36	measured
19	47	86560000	86840000	0.002469382117	49	measured
20	20	86570000	86570000	0.1364208667	1052	measured
20	21	86570000	86580000	0.03108631114	317	measured
20	22	86570000	86590000	0.01484007506	159	measured
20	23	86570000	86600000	0.01254658329	140	measured
20	24	86570000	86610000	0.00754436125	69	measured
20	25	86570000	86620000	0.007671539402	65	measured
20	26	86570000	86630000	0.005059540853	60	measured
20	27	86570000	86640000	0.004661557141	45	measured
20	28	86570000	86650000	0.004948379046	45	measured
20	29	86570000	86660000	0.00491323946	51	measured
20	30	86570000	86670000	0.004510988405	48	measured
20	31	86570000	86680000	0.003045467293	33	measured
20	32	86570000	86690000	0.003728182045	49	measured
20	33	86570000	86700000	0.003762901828	40	measured
20	34	86570000	86710000	0.002360998526	22	measured
20	35	86570000	86720000	0.003172379356	35	measured
20	36	86570000	86730000	0.003161819439	47	measured
20	37	86570000	86740000	0.001606815969	17	measured
20	38	86570000	86750000	0.002515125882	28	measured
20	39	86570000	86760000	0.00302359953	38	measured
20	40	86570000	86770000	0.002461625271	27	measured
20	41	86570000	86780000	0.002865665164	25	measured
20	42	86570000	86790000	0.002369338967	35	measured
20	43	86570000	86800000	0.004214123442	46	measured
20	44	86570000	86810000	0.002557087433	33	measured
20	45	86570000	86820000	0.004099989684	41	measured
20	46	86570000	86830000	0.001893678893	15	measured
20	47	86570000	86840000	0.00276379114	32	measured
20	48	86570000	86850000	0.002849145765	33	measured
21	21	86580000	86580000	0.1072316733	1446	measured
21	22	86580000	86590000	0.03571365943	506	measured
21	23	86580000	86600000	0.01789147837	264	measured
21	24	86580000	86610000	0.01182372405	143	measured
21	25	86580000	86620000	0.009996133525	112	measured
21	26	86580000	86630000	0.006886974497	108	measured
21	27	86580000	86640000	0.004465172247	57	measured
21	28	86580000	86650000	0.005155692389	62	measured
21	29	86580000	86660000	0.004662540226	64	measured
21	30	86580000	86670000	0.004121955792	58	measured
21	31	86580000	86680000	0.003629010345	52	measured
21	32	86580000	86690000	0.003682356803	64	measured
21	33	86580000	86700000	0.003058977024	43	measured
21	34	86580000	86710000	0.00405777444	50	measured
21	35	86580000	86720000	0.00411256887	60	measured
21	36	86580000	86730000	0.00249275818	49	measured
21	37	86580000	86740000	0.00321643363	45	measured
21	38	86580000	86750000	0.003328454601	49	measured
21	39	86580000	86760000	0.002226318316	37	measured
21	40	86580000	86770000	0.002826746721	41	measured
21	41	86580000	86780000	0.00251378596	29	measured
21	42	86580000	86790000	0.003020341341	59	measured
21	43	86580000	86800000	0.00367172506	53	measured
21	44	86580000	86810000	0.003633023358	62	measured
21	45	86580000	86820000	0.003402955608	45	measured
21	46	86580000	86830000	0.003341396293	35	measured
21	47	86580000	86840000	0.003135027408	48	measured
21	48	86580000	86850000	0.003590941094	55	measured
21	49	86580000	86860000	0.002294817234	33	measured
22	22	86590000	86590000	0.0945163582	1407	measured
22	23	86590000	86600000	0.03508893982	544	measured
22	24	86590000	86610000	0.01857202659	236	measured
22	25	86590000	86620000	0.01121287558	132	measured
22	26	86590000	86630000	0.01043907967	172	measured
22	27	86590000	86640000	0.006337403114	85	measured
22	28	86590000	86650000	0.00664819333	84	measured
22	29	86590000	86660000	0.005131016173	74	measured
22	30	86590000	86670000	0.004126047442	61	measured
22	31	86590000	86680000	0.004981672487	75	measured
22	32	86590000	86690000	0.004161870203	76	measured
22	33	86590000	86700000	0.003791620236	56	measured
22	34	86590000	86710000	0.005329617418	69	measured
22	35	86590000	86720000	0.003327064004	51	measured
22	36	86590000	86730000	0.003050378039	63	measured
22	37	86590000	86740000	0.002789169988	41	measured
22	38	86590000	86750000	0.00349115687	54	measured
22	39	86590000	86760000	0.003436100295	60	measured
22	40	86590000	86770000	0.003018491228	46	measured
22	41	86590000	86780000	0.003217539976	39	measured
22	42	86590000	86790000	0.00311826511	64	measured
22	43	86590000	86800000	0.003956166677	60	measured
22	44	86590000	86810000	0.005632833582	101	measured
22	45	86590000	86820000	0.005613935501	78	measured
22	46	86590000	86830000	0.003543672638	39	measured
22	47	86590000	86840000	0.003481105438	56	measured
22	48	86590000	86850000	0.003231305213	52	measured
22	49	86590000	86860000	0.003640205474	55	measured
22	50	86590000	86870000	0.003464661378	48	measured
23	23	86600000	86600000	0.09692686221	1565	measured
23	24	86600000	86610000	0.03256739554	431	measured
23	25	86600000	86620000	0.01794420482	220	measured
23	26	86600000	86630000	0.01200492498	206	measured
23	27	86600000	86640000	0.008733950027	122	measured
23	28	86600000	86650000	0.008131423803	107	measured
23	29	86600000	86660000	0.007589881232	114	measured
23	30	86600000	86670000	0.004871067081	75	measured
23	31	86600000	86680000	0.005867595959	92	measured
23	32	86600000	86690000	0.004206524195	80	measured
23	33	86600000	86700000	0.003965747922	61	measured
23	34	86600000	86710000	0.003930802996	53	measured
23	35	86600000	86720000	0.003069343712	49	measured
23	36	86600000	86730000	0.003812285641	82	measured
23	37	86600000	86740000	0.004245833391	65	measured
23	38	86600000	86750000	0.0034763388	56	measured
23	39	86600000	86760000	0.003849205399	70	measured
23	40	86600000	86770000	0.003780435229	60	measured
23	41	86600000	86780000	0.004277712267	54	measured
23	42	86600000	86790000	0.003602319687	77	measured
23	43	86600000	86800000	0.004115239842	65	measured
23	44	86600000	86810000	0.005301505376	99	measured
23	45	86600000	86820000	0.004284725166	62	measured
23	46	86600000	86830000	0.003402609107	39	measured
23	47	86600000	86840000	0.003461908692	58	measured
23	48	86600000	86850000	0.00262534135	44	measured
23	49	86600000	86860000	0.00330464656	52	measured
23	50	86600000	86870000	0.003534664502	51	measured
23	51	86600000	86880000	0.004436461098	93	measured
24	24	86610000	86610000	0.1193854701	1295	measured
24	25	86610000	86620000	0.03413277546	343	measured
24	26	86610000	86630000	0.01727724336	243	measured
24	27	86610000	86640000	0.01144189912	131	measured
24	28	86610000	86650000	0.008344518374	90	measured
24	29	86610000	86660000	0.007229297249	89	measured
24	30	86610000	86670000	0.00578444444	73	measured
24	31	86610000	86680000	0.005835923411	75	measured
24	32	86610000	86690000	0.003849112471	60	measured
24	33	86610000	86700000	0.004600438303	58	measured
24	34	86610000	86710000	0.00425284166	47	measured
24	35	86610000	86720000	0.004508970592	59	measured
24	36	86610000	86730000	0.00346001007	61	measured
24	37	86610000	86740000	0.003347147328	42	measured
24	38	86610000	86750000	0.003256705376	43	measured
24	39	86610000	86760000	0.003287343398	49	measured
24	40	86610000	86770000	0.002844252982	37	measured
24	41	86610000	86780000	0.003769279679	39	measured
24	42	86610000	86790000	0.00399544828	70	measured
24	43	86610000	86800000	0.003939380383	51	measured
24	44	86610000	86810000	0.004442719265	68	measured
24	45	86610000	86820000	0.004300088598	51	measured
24	46	86610000	86830000	0.003619114446	34	measured
24	47	86610000	86840000	0.004150863176	57	measured
24	48	86610000	86850000	0.003494220334	48	measured
24	49	86610000	86860000	0.003489073629	45	measured
24	50	86610000	86870000	0.00338231429	40	measured
24	51	86610000	86880000	0.003783058286	65	measured
24	52	86610000	86890000	0.003563516415	36	measured
25	25	86620000	86620000	0.1191255197	1109	measured
25	26	86620000	86630000	0.03445960511	449	measured
25	27	86620000	86640000	0.01678195683	178	measured
25	28	86620000	86650000	0.01271037211	127	measured
25	29	86620000	86660000	0.009557148887	109	measured
25	30	86620000	86670000	0.008382250741	98	measured
25	31	86620000	86680000	0.00739140111	88	measured
25	32	86620000	86690000	0.005470565479	79	measured
25	33	86620000	86700000	0.005565194562	65	measured
25	34	86620000	86710000	0.004590658554	47	measured
25	35	86620000	86720000	0.003464738484	42	measured
25	36	86620000	86730000	0.004530801398	74	measured
25	37	86620000	86740000	0.00412916801	48	measured
25	38	86620000	86750000	0.004087669722	50	measured
25	39	86620000	86760000	0.003838138488	53	measured
25	40	86620000	86770000	0.003153159016	38	measured
25	41	86620000	86780000	0.002503806579	24	measured
25	42	86620000	86790000	0.003635090797	59	measured
25	43	86620000	86800000	0.003501892503	42	measured
25	44	86620000	86810000	0.00564190441	80	measured
25	45	86620000	86820000	0.003003426068	33	measured
25	46	86620000	86830000	0.002872494375	25	measured
25	47	86620000	86840000	0.00306565972	39	measured
25	48	86620000	86850000	0.002985990518	38	measured
25	49	86620000	86860000	0.003012977578	36	measured
25	50	86620000	86870000	0.003650982395	40	measured
25	51	86620000	86880000	0.002764255171	44	measured
25	52	86620000	86890000	0.00363287921	34	measured
25	53	86620000	86900000	0.004280445115	64	measured
26	26	86630000	86630000	0.08126487136	1482	measured
26	27	86630000	86640000	0.03960870254	588	measured
26	28	86630000	86650000	0.0154453939	216	measured
26	29	86630000	86660000	0.01309298991	209	measured
26	30	86630000	86670000	0.007211195551	118	measured
26	31	86630000	86680000	0.007801500564	130	measured
26	32	86630000	86690000	0.006976135946	141	measured
26	33	86630000	86700000	0.005933752435	97	measured
26	34	86630000	86710000	0.005862017535	84	measured
26	35	86630000	86720000	0.005363561381	91	measured
26	36	86630000	86730000	0.004899502933	112	measured
26	37	86630000	86740000	0.005162871263	84	measured
26	38	86630000	86750000	0.003563086142	61	measured
26	39	86630000	86760000	0.003777098623	73	measured
26	40	86630000	86770000	0.003735025052	63	measured
26	41	86630000	86780000	0.003428767675	46	measured
26	42	86630000	86790000	0.003697713261	84	measured
26	43	86630000	86800000	0.002859469383	48	measured
26	44	86630000	86810000	0.004434136947	88	measured
26	45	86630000	86820000	0.004486862802	69	measured
26	46	86630000	86830000	0.004104685392	50	measured
26	47	86630000	86840000	0.003594429815	64	measured
26	48	86630000	86850000	0.003817723169	68	measured
26	49	86630000	86860000	0.003528061149	59	measured
26	50	86630000	86870000	0.003325910949	51	measured
26	51	86630000	86880000	0.003680696429	82	measured
26	52	86630000	86890000	0.004656853433	61	measured
26	53	86630000	86900000	0.00353615564	74	measured
26	54	86630000	86910000	0.001959305943	33	measured
27	27	86640000	86640000	0.1020316733	1233	measured
27	28	86640000	86650000	0.03276519154	373	measured
27	29	86640000	86660000	0.0162380414	211	measured
27	30	86640000	86670000	0.01028500423	137	measured
27	31	86640000	86680000	0.009215172023	125	measured
27	32	86640000	86690000	0.00820518227	135	measured
27	33	86640000	86700000	0.006537859499	87	measured
27	34	86640000	86710000	0.006515384664	76	measured
27	35	86640000	86720000	0.004995967394	69	measured
27	36	86640000	86730000	0.004890283463	91	measured
27	37	86640000	86740000	0.005889321381	78	measured
27	38	86640000	86750000	0.004305329344	60	measured
27	39	86640000	86760000	0.004703550662	74	measured
27	40	86640000	86770000	0.003641510913	50	measured
27	41	86640000	86780000	0.004212080874	46	measured
27	42	86640000	86790000	0.004055774964	75	measured
27	43	86640000	86800000	0.004537269175	62	measured
27	44	86640000	86810000	0.006004222893	97	measured
27	45	86640000	86820000	0.005032605531	63	measured
27	46	86640000	86830000	0.00342884166	34	measured
27	47	86640000	86840000	0.004346595492	63	measured
27	48	86640000	86850000	0.003586389929	52	measured
27	49	86640000	86860000	0.004113682423	56	measured
27	50	86640000	86870000	0.004005613913	50	measured
27	51	86640000	86880000	0.004135576442	75	measured
27	52	86640000	86890000	0.003469949069	37	measured
27	53	86640000	86900000	0.003169947384	54	measured
27	54	86640000	86910000	0.003209221065	44	measured
27	55	86640000	86920000	0.00161379897	21	measured
28	28	86650000	86650000	0.1250445028	1341	measured
28	29	86650000	86660000	0.03431092498	420	measured
28	30	86650000	86670000	0.01753228554	220	measured
28	31	86650000	86680000	0.0114255795	146	measured
28	32	86650000	86690000	0.008387446514	130	measured
28	33	86650000	86700000	0.006541270818	82	measured
28	34	86650000	86710000	0.007644299639	84	measured
28	35	86650000	86720000	0.006379410428	83	measured
28	36	86650000	86730000	0.007016648154	123	measured
28	37	86650000	86740000	0.005049439211	63	measured
28	38	86650000	86750000	0.004037039005	53	measured
28	39	86650000	86760000	0.005870097383	87	measured
28	40	86650000	86770000	0.005334486854	69	measured
28	41	86650000	86780000	0.004082442786	42	measured
28	42	86650000	86790000	0.004707153772	82	measured
28	43	86650000	86800000	0.004894128316	63	measured
28	44	86650000	86810000	0.004928086046	75	measured
28	45	86650000	86820000	0.005003066779	59	measured
28	46	86650000	86830000	0.004282135954	40	measured
28	47	86650000	86840000	0.003295741469	45	measured
28	48	86650000	86850000	0.003953482944	54	measured
28	49	86650000	86860000	0.003742966313	48	measured
28	50	86650000	86870000	0.003316619399	39	measured
28	51	86650000	86880000	0.003043757719	52	measured
28	52	86650000	86890000	0.004579427154	46	measured
28	53	86650000	86900000	0.003676565034	59	measured
28	54	86650000	86910000	0.002632436002	34	measured
28	55	86650000	86920000	0.001713094738	21	measured
28	56	86650000	86930000	0.001384917742	23	measured
29	29	86660000	86660000	0.09905274962	1384	measured
29	30	86660000	86670000	0.03839952511	550	measured
29	31	86660000	86680000	0.0185112802	270	measured
29	32	86660000	86690000	0.01283097262	227	measured
29	33	86660000	86700000	0.00845631121	121	measured
29	34	86660000	86710000	0.007813251452	98	measured
29	35	86660000	86720000	0.008417047427	125	measured
29	36	86660000	86730000	0.006746921642	135	measured
29	37	86660000	86740000	0.005406804089	77	measured
29	38	86660000	86750000	0.005672223192	85	measured
29	39	86660000	86760000	0.004906270125	83	measured
29	40	86660000	86770000	0.005553985231	82	measured
29	41	86660000	86780000	0.005194550362	61	measured
29	42	86660000	86790000	0.004978827021	99	measured
29	43	86660000	86800000	0.004968267512	73	measured
29	44	86660000	86810000	0.007080589877	123	measured
29	45	86660000	86820000	0.005348895265	72	measured
29	46	86660000	86830000	0.005252133989	56	measured
29	47	86660000	86840000	0.003593155061	56	measured
29	48	86660000	86850000	0.003784298896	59	measured
29	49	86660000	86860000	0.005055378888	74	measured
29	50	86660000	86870000	0.004246715769	57	measured
29	51	86660000	86880000	0.004307579803	84	measured
29	52	86660000	86890000	0.00392476038	45	measured
29	53	86660000	86900000	0.004585818232	84	measured
29	54	86660000	86910000	0.00339153434	50	measured
29	55	86660000	86920000	0.002572834772	36	measured
29	56	86660000	86930000	0.001740834129	33	measured
29	57	86660000	86940000	0.001477094279	20	measured
30	30	86670000	86670000	0.1034555172	1519	measured
30	31	86670000	86680000	0.03517962072	526	measured
30	32	86670000	86690000	0.01764478691	320	measured
30	33	86670000	86700000	0.01343057269	197	measured
30	34	86670000	86710000	0.00886631783	114	measured
30	35	86670000	86720000	0.009064869704	138	measured
30	36	86670000	86730000	0.007069238247	145	measured
30	37	86670000	86740000	0.007671859655	112	measured
30	38	86670000	86750000	0.0062494002	96	measured
30	39	86670000	86760000	0.005766417481	100	measured
30	40	86670000	86770000	0.005087615851	77	measured
30	41	86670000	86780000	0.005399632482	65	measured
30	42	86670000	86790000	0.0059852789	122	measured
30	43	86670000	86800000	0.006108051042	92	measured
30	44	86670000	86810000	0.006345640879	113	measured
30	45	86670000	86820000	0.004420731632	61	measured
30	46	86670000	86830000	0.004757555157	52	measured
30	47	86670000	86840000	0.004882196483	78	measured
30	48	86670000	86850000	0.004004479841	64	measured
30	49	86670000	86860000	0.003798652487	57	measured
30	50	86670000	86870000	0.004070043815	56	measured
30	51	86670000	86880000	0.003601797239	72	measured
30	52	86670000	86890000	0.003743570599	44	measured
30	53	86670000	86900000	0.004153984499	78	measured
30	54	86670000	86910000	0.003043804568	46	measured
30	55	86670000	86920000	0.001603503641	23	measured
30	56	86670000	86930000	0.001337979684	26	measured
30	57	86670000	86940000	0.00129683118	18	measured
30	58	86670000	86950000	0.001147521547	17	measured
31	31	86680000	86680000	0.09785909693	1490	measured
31	32	86680000	86690000	0.03449176339	637	measured
31	33	86680000	86700000	0.01867850166	279	measured
31	34	86680000	86710000	0.01168528748	153	measured
31	35	86680000	86720000	0.009224185828	143	measured
31	36	86680000	86730000	0.008952735404	187	measured
31	37	86680000	86740000	0.006053891912	90	measured
31	38	86680000	86750000	0.006903993691	108	measured
31	39	86680000	86760000	0.005549344465	98	measured
31	40	86680000	86770000	0.007331815985	113	measured
31	41	86680000	86780000	0.005955020093	73	measured
31	42	86680000	86790000	0.005732988221	119	measured
31	43	86680000	86800000	0.004954934855	76	measured
31	44	86680000	86810000	0.006121101092	111	measured
31	45	86680000	86820000	0.004839302333	68	measured
31	46	86680000	86830000	0.004851586452	54	measured
31	47	86680000	86840000	0.003380592836	55	measured
31	48	86680000	86850000	0.003195059924	52	measured
31	49	86680000	86860000	0.004515577769	69	measured
31	50	86680000	86870000	0.00406813578	57	measured
31	51	86680000	86880000	0.003193078882	65	measured
31	52	86680000	86890000	0.003258423166	39	measured
31	53	86680000	86900000	0.00355622072	68	measured
31	54	86680000	86910000	0.001754414562	27	measured
31	55	86680000	86920000	0.002464643682	36	measured
31	56	86680000	86930000	0.001516027056	30	measured
31	57	86680000	86940000	0.00141498052	20	measured
31	58	86680000	86950000	0.001524576742	23	measured
31	59	86680000	86960000	0.001569540649	26	measured
32	32	86690000	86690000	0.08044365287	1802	measured
32	33	86690000	86700000	0.03526953394	639	measured
32	34	86690000	86710000	0.01674906769	266	measured
32	35	86690000	86720000	0.01127428211	212	measured
32	36	86690000	86730000	0.008999326745	228	measured
32	37	86690000	86740000	0.008762141673	158	measured
32	38	86690000	86750000	0.007431162764	141	measured
32	39	86690000	86760000	0.007749697072	166	measured
32	40	86690000	86770000	0.006312133143	118	measured
32	41	86690000	86780000	0.006321923778	94	measured
32	42	86690000	86790000	0.005520900485	139	measured
32	43	86690000	86800000	0.005590089056	104	measured
32	44	86690000	86810000	0.005955783464	131	measured
32	45	86690000	86820000	0.005925926316	101	measured
32	46	86690000	86830000	0.004592432006	62	measured
32	47	86690000	86840000	0.004662072633	92	measured
32	48	86690000	86850000	0.0036979374	73	measured
32	49	86690000	86860000	0.003830748277	71	measured
32	50	86690000	86870000	0.00329510791	56	measured
32	51	86690000	86880000	0.002754014574	68	measured
32	52	86690000	86890000	0.003581848825	52	measured
32	53	86690000	86900000	0.003707996173	86	measured
32	54	86690000	86910000	0.00257140644	48	measured
32	55	86690000	86920000	0.001749743405	31	measured
32	56	86690000	86930000	0.001708168012	41	measured
32	57	86690000	86940000	0.001166571848	20	measured
32	58	86690000	86950000	0.001256927769	23	measured
32	59	86690000	86960000	0.001244228828	25	measured
32	60	86690000	86970000	0.001592695109	35	measured
33	33	86700000	86700000	0.1016826831	1490	measured
33	34	86700000	86710000	0.03238651353	416	measured
33	35	86700000	86720000	0.01834505872	279	measured
33	36	86700000	86730000	0.01146845465	235	measured
33	37	86700000	86740000	0.009530810845	139	measured
33	38	86700000	86750000	0.009839578038	151	measured
33	39	86700000	86760000	0.007965583439	138	measured
33	40	86700000	86770000	0.006613875413	100	measured
33	41	86700000	86780000	0.006319705785	76	measured
33	42	86700000	86790000	0.005205504786	106	measured
33	43	86700000	86800000	0.00564892982	85	measured
33	44	86700000	86810000	0.005396357374	96	measured
33	45	86700000	86820000	0.005440740379	75	measured
33	46	86700000	86830000	0.005220207512	57	measured
33	47	86700000	86840000	0.004385823135	70	measured
33	48	86700000	86850000	0.004258998369	68	measured
33	49	86700000	86860000	0.003669017826	55	measured
33	50	86700000	86870000	0.003564836048	49	measured
33	51	86700000	86880000	0.00340508612	68	measured
33	52	86700000	86890000	0.003406636269	40	measured
33	53	86700000	86900000	0.002825391028	53	measured
33	54	86700000	86910000	0.002715658857	41	measured
33	55	86700000	86920000	0.001744675033	25	measured
33	56	86700000	86930000	0.001545360648	30	measured
33	57	86700000	86940000	0.001298123067	18	measured
33	58	86700000	86950000	0.001013527671	15	measured
33	59	86700000	86960000	0.0014768397	24	measured
33	60	86700000	86970000	0.001350323139	24	measured
33	61	86700000	86980000	0.001377396455	28	measured
34	34	86710000	86710000	0.1086194158	1223	measured
34	35	86710000	86720000	0.04350638862	580	measured
34	36	86710000	86730000	0.01764844477	317	measured
34	37	86710000	86740000	0.01110742867	142	measured
34	38	86710000	86750000	0.008548846241	115	measured
34	39	86710000	86760000	0.00921884852	140	measured
34	40	86710000	86770000	0.007469668747	99	measured
34	41	86710000	86780000	0.007683841985	81	measured
34	42	86710000	86790000	0.005658332928	101	measured
34	43	86710000	86800000	0.006671754606	88	measured
34	44	86710000	86810000	0.006605061006	103	measured
34	45	86710000	86820000	0.006041290755	73	measured
34	46	86710000	86830000	0.006895519415	66	measured
34	47	86710000	86840000	0.003788253927	53	measured
34	48	86710000	86850000	0.004072710639	57	measured
34	49	86710000	86860000	0.004033417148	53	measured
34	50	86710000	86870000	0.004149766148	50	measured
34	51	86710000	86880000	0.003484649978	61	measured
34	52	86710000	86890000	0.003109037006	32	measured
34	53	86710000	86900000	0.003648917808	60	measured
34	54	86710000	86910000	0.003324713072	44	measured
34	55	86710000	86920000	0.001831101895	23	measured
34	56	86710000	86930000	0.001821714967	31	measured
34	57	86710000	86940000	0.00172771775	21	measured
34	58	86710000	86950000	0.001310398571	17	measured
34	59	86710000	86960000	0.001403984298	20	measured
34	60	86710000	86970000	0.001155338143	18	measured
34	61	86710000	86980000	0.0008417872179	15	measured
34	62	86710000	86990000	0.001166854013	18	measured
35	35	86720000	86720000	0.1035192529	1634	measured
35	36	86720000	86730000	0.03427825789	729	measured
35	37	86720000	86740000	0.01618584244	245	measured
35	38	86720000	86750000	0.01381263011	220	measured
35	39	86720000	86760000	0.009176490578	165	measured
35	40	86720000	86770000	0.009048957078	142	measured
35	41	86720000	86780000	0.006890264491	86	measured
35	42	86720000	86790000	0.00662428783	140	measured
35	43	86720000	86800000	0.006211166364	97	measured
35	44	86720000	86810000	0.006499274652	120	measured
35	45	86720000	86820000	0.005591661855	80	measured
35	46	86720000	86830000	0.00423553547	48	measured
35	47	86720000	86840000	0.004527604798	75	measured
35	48	86720000	86850000	0.003500102225	58	measured
35	49	86720000	86860000	0.003727943313	58	measured
35	50	86720000	86870000	0.003504835662	50	measured
35	51	86720000	86880000	0.002894840314	60	measured
35	52	86720000	86890000	0.003364370415	41	measured
35	53	86720000	86900000	0.002876370945	56	measured
35	54	86720000	86910000	0.0026165521	41	measured
35	55	86720000	86920000	0.002017204676	30	measured
35	56	86720000	86930000	0.001637859742	33	measured
35	57	86720000	86940000	0.001459206753	21	measured
35	58	86720000	86950000	0.001822873605	28	measured
35	59	86720000	86960000	0.0008893394343	15	measured
35	60	86720000	86970000	0.00157209447	29	measured
35	61	86720000	86980000	0.001516718841	32	measured
35	62	86720000	86990000	0.001204510903	22	measured
35	63	86720000	87000000	0.00159748566	31	measured
36	36	86730000	86730000	0.07995367662	2291	measured
36	37	86730000	86740000	0.03000839604	612	measured
36	38	86730000	86750000	0.01593683014	342	measured
36	39	86730000	86760000	0.01155773804	280	measured
36	40	86730000	86770000	0.009790450272	207	measured
36	41	86730000	86780000	0.008562923627	144	measured
36	42	86730000	86790000	0.007901614061	225	measured
36	43	86730000	86800000	0.006891147827	145	measured
36	44	86730000	86810000	0.005587539174	139	measured
36	45	86730000	86820000	0.006743981998	130	measured
36	46	86730000	86830000	0.004518958083	69	measured
36	47	86730000	86840000	0.004570140549	102	measured
36	48	86730000	86850000	0.003896674453	87	measured
36	49	86730000	86860000	0.003864100932	81	measured
36	50	86730000	86870000	0.004318151585	83	measured
36	51	86730000	86880000	0.003616736525	101	measured
36	52	86730000	86890000	0.003288787742	54	measured
36	53	86730000	86900000	0.002287337516	60	measured
36	54	86730000	86910000	0.002320939109	49	measured
36	55	86730000	86920000	0.001596984961	32	measured
36	56	86730000	86930000	0.001510319263	41	measured
36	57	86730000	86940000	0.001805043685	35	measured
36	58	86730000	86950000	0.001207982577	25	measured
36	59	86730000	86960000	0.001408148334	32	measured
36	60	86730000	86970000	0.001287516363	32	measured
36	61	86730000	86980000	0.001442318243	41	measured
36	62	86730000	86990000	0.001462893438	36	measured
36	63	86730000	87000000	0.00160637413	42	measured
36	64	86730000	87010000	0.001350055491	29	measured
37	37	86740000	86740000	0.09796455446	1422	measured
37	38	86740000	86750000	0.03450360423	527	measured
37	39	86740000	86760000	0.0178625535	308	measured
37	40	86740000	86770000	0.01269239848	191	measured
37	41	86740000	86780000	0.01194740612	143	measured
37	42	86740000	86790000	0.008733424546	177	measured
37	43	86740000	86800000	0.007278268495	109	measured
37	44	86740000	86810000	0.007398694359	131	measured
37	45	86740000	86820000	0.006195409057	85	measured
37	46	86740000	86830000	0.006993278519	76	measured
37	47	86740000	86840000	0.004532521697	72	measured
37	48	86740000	86850000	0.004719697297	75	measured
37	49	86740000	86860000	0.004088568596	61	measured
37	50	86740000	86870000	0.004239608904	58	measured
37	51	86740000	86880000	0.00387404119	77	measured
37	52	86740000	86890000	0.004107346417	48	measured
37	53	86740000	86900000	0.003053035604	57	measured
37	54	86740000	86910000	0.002661985396	40	measured
37	55	86740000	86920000	0.001402357865	20	measured
37	56	86740000	86930000	0.00175971296	34	measured
37	57	86740000	86940000	0.001159358274	16	measured
37	58	86740000	86950000	0.001629333226	24	measured
37	59	86740000	86960000	0.001422015316	23	measured
37	60	86740000	86970000	0.001639376809	29	measured
37	61	86740000	86980000	0.001532205244	31	measured
37	62	86740000	86990000	0.001484436245	26	measured
37	63	86740000	87000000	0.00107474496	20	measured
37	64	86740000	87010000	0.001373570412	21	measured
37	65	86740000	87020000	0.001795447404	27	measured
38	38	86750000	86750000	0.1031005148	1657	measured
38	39	86750000	86760000	0.03538444036	642	measured
38	40	86750000	86770000	0.01856701715	294	measured
38	41	86750000	86780000	0.01516545461	191	measured
38	42	86750000	86790000	0.01111332792	237	measured
38	43	86750000	86800000	0.008059159904	127	measured
38	44	86750000	86810000	0.009070995949	169	measured
38	45	86750000	86820000	0.006926846085	100	measured
38	46	86750000	86830000	0.005421798829	62	measured
38	47	86750000	86840000	0.004307490902	72	measured
38	48	86750000	86850000	0.004664788546	78	measured
38	49	86750000	86860000	0.003630787121	57	measured
38	50	86750000	86870000	0.004168055849	60	measured
38	51	86750000	86880000	0.003538259698	74	measured
38	52	86750000	86890000	0.003008889903	37	measured
38	53	86750000	86900000	0.003715902846	73	measured
38	54	86750000	86910000	0.003099033239	49	measured
38	55	86750000	86920000	0.002732103783	41	measured
38	56	86750000	86930000	0.001721533336	35	measured
38	57	86750000	86940000	0.001652697621	24	measured
38	58	86750000	86950000	0.001548440034	24	measured
38	59	86750000	86960000	0.001410172226	24	measured
38	60	86750000	86970000	0.001826603071	34	measured
38	61	86750000	86980000	0.001784938776	38	measured
38	62	86750000	86990000	0.001573514237	29	measured
38	63	86750000	87000000	0.001583148277	31	measured
38	64	86750000	87010000	0.001616178993	26	measured
38	65	86750000	87020000	0.001263931088	20	measured
38	66	86750000	87030000	0.001552920188	28	measured
39	39	86760000	86760000	0.1003781971	2056	measured
39	40	86760000	86770000	0.03350893369	599	measured
39	41	86760000	86780000	0.01821632676	259	measured
39	42	86760000	86790000	0.01358258756	327	measured
39	43	86760000	86800000	0.01039912402	185	measured
39	44	86760000	86810000	0.008843418754	186	measured
39	45	86760000	86820000	0.006381280785	104	measured
39	46	86760000	86830000	0.004957590621	64	measured
39	47	86760000	86840000	0.004875494573	92	measured
39	48	86760000	86850000	0.004608882004	87	measured
39	49	86760000	86860000	0.0051910204	92	measured
39	50	86760000	86870000	0.003692091939	60	measured
39	51	86760000	86880000	0.004193070439	99	measured
39	52	86760000	86890000	0.004466169897	62	measured
39	53	86760000	86900000	0.003607201933	80	measured
39	54	86760000	86910000	0.002913214585	52	measured
39	55	86760000	86920000	0.002892333671	49	measured
39	56	86760000	86930000	0.002222063913	51	measured
39	57	86760000	86940000	0.001768964575	29	measured
39	58	86760000	86950000	0.001600221711	28	measured
39	59	86760000	86960000	0.001457330063	28	measured
39	60	86760000	86970000	0.001475251068	31	measured
39	61	86760000	86980000	0.001622718967	39	measured
39	62	86760000	86990000	0.001441892594	30	measured
39	63	86760000	87000000	0.00167378858	37	measured
39	64	86760000	87010000	0.001541747023	28	measured
39	65	86760000	87020000	0.001343518403	24	measured
39	66	86760000	87030000	0.001080818483	22	measured
39	67	86760000	87040000	0.001220046391	20	measured
40	40	86770000	86770000	0.1014687255	1583	measured
40	41	86770000	86780000	0.03803825166	472	measured
40	42	86770000	86790000	0.01780015844	374	measured
40	43	86770000	86800000	0.01178673784	183	measured
40	44	86770000	86810000	0.0104598626	192	measured
40	45	86770000	86820000	0.008788242523	125	measured
40	46	86770000	86830000	0.006124311658	69	measured
40	47	86770000	86840000	0.005404286466	89	measured
40	48	86770000	86850000	0.005402364073	89	measured
40	49	86770000	86860000	0.004396340545	68	measured
40	50	86770000	86870000	0.004653531921	66	measured
40	51	86770000	86880000	0.004028028743	83	measured
40	52	86770000	86890000	0.004787282422	58	measured
40	53	86770000	86900000	0.003719893185	72	measured
40	54	86770000	86910000	0.003530606581	55	measured
40	55	86770000	86920000	0.002502485343	37	measured
40	56	86770000	86930000	0.001597547771	32	measured
40	57	86770000	86940000	0.001887132557	27	measured
40	58	86770000	86950000	0.002553902064	39	measured
40	59	86770000	86960000	0.001968028292	33	measured
40	60	86770000	86970000	0.002235659224	41	measured
40	61	86770000	86980000	0.001048863304	22	measured
40	62	86770000	86990000	0.001321722865	24	measured
40	63	86770000	87000000	0.001969699515	38	measured
40	64	86770000	87010000	0.001766569074	28	measured
40	65	86770000	87020000	0.001411147998	22	measured
40	66	86770000	87030000	0.001801347767	32	measured
40	67	86770000	87040000	0.001258161406	18	measured
40	68	86770000	87050000	0.001732191944	34	measured
41	41	86780000	86780000	0.1290848382	1274	measured
41	42	86780000	86790000	0.03596284125	601	measured
41	43	86780000	86800000	0.01651961646	204	measured
41	44	86780000	86810000	0.01123300254	164	measured
41	45	86780000	86820000	0.008043789015	91	measured
41	46	86780000	86830000	0.008481038659	76	measured
41	47	86780000	86840000	0.005725809259	75	measured
41	48	86780000	86850000	0.004960602829	65	measured
41	49	86780000	86860000	0.004958376565	61	measured
41	50	86780000	86870000	0.00425507537	48	measured
41	51	86780000	86880000	0.003905005956	64	measured
41	52	86780000	86890000	0.003735861905	36	measured
41	53	86780000	86900000	0.003572629012	55	measured
41	54	86780000	86910000	0.002824762501	35	measured
41	55	86780000	86920000	0.002721115993	32	measured
41	56	86780000	86930000	0.002385144691	38	measured
41	57	86780000	86940000	0.001406001823	16	measured
41	58	86780000	86950000	0.002305286576	28	measured
41	59	86780000	86960000	0.001349637575	18	measured
41	60	86780000	86970000	0.001576800842	23	measured
41	61	86780000	86980000	0.001738286936	29	measured
41	62	86780000	86990000	0.001800237349	26	measured
41	63	86780000	87000000	0.001759573463	27	measured
41	64	86780000	87010000	0.001665785759	21	measured
41	65	86780000	87020000	0.00120967415	15	measured
41	66	86780000	87030000	0.001769354496	25	measured
41	67	86780000	87040000	0.001757604305	20	measured
41	68	86780000	87050000	0.001857557874	29	measured
41	69	86780000	87060000	0.001652634213	17	measured
42	42	86790000	86790000	0.07944188633	2248	measured
42	43	86790000	86800000	0.03543738913	741	measured
42	44	86790000	86810000	0.01573531087	389	measured
42	45	86790000	86820000	0.01054494612	202	measured
42	46	86790000	86830000	0.008172046945	124	measured
42	47	86790000	86840000	0.006808105506	151	measured
42	48	86790000	86850000	0.005183136632	115	measured
42	49	86790000	86860000	0.004704456574	98	measured
42	50	86790000	86870000	0.003978811176	76	measured
42	51	86790000	86880000	0.003495321899	97	measured
42	52	86790000	86890000	0.004167455233	68	measured
42	53	86790000	86900000	0.003682732557	96	measured
42	54	86790000	86910000	0.003288794237	69	measured
42	55	86790000	86920000	0.00215943059	43	measured
42	56	86790000	86930000	0.002149972198	58	measured
42	57	86790000	86940000	0.002750524309	53	measured
42	58	86790000	86950000	0.001944914877	40	measured
42	59	86790000	86960000	0.001771243886	40	measured
42	60	86790000	86970000	0.001821944896	45	measured
42	61	86790000	86980000	0.001769975235	50	measured
42	62	86790000	86990000	0.002044561323	50	measured
42	63	86790000	87000000	0.001770415439	46	measured
42	64	86790000	87010000	0.001780152317	38	measured
42	65	86790000	87020000	0.001476428949	31	measured
42	66	86790000	87030000	0.001671893285	40	measured
42	67	86790000	87040000	0.001816489423	35	measured
42	68	86790000	87050000	0.00147530794	39	measured
42	69	86790000	87060000	0.001664943625	29	measured
42	70	86790000	87070000	0.001082138463	26	measured
43	43	86800000	86800000	0.09196611828	1421	measured
43	44	86800000	86810000	0.02687803325	491	measured
43	45	86800000	86820000	0.01391712379	197	measured
43	46	86800000	86830000	0.009810522122	110	measured
43	47	86800000	86840000	0.007443881131	122	measured
43	48	86800000	86850000	0.005672415489	93	measured
43	49	86800000	86860000	0.006236556914	96	measured
43	50	86800000	86870000	0.004817690741	68	measured
43	51	86800000	86880000	0.004535118724	93	measured
43	52	86800000	86890000	0.004478639015	54	measured
43	53	86800000	86900000	0.003789763223	73	measured
43	54	86800000	86910000	0.002967124109	46	measured
43	55	86800000	86920000	0.003398060184	50	measured
43	56	86800000	86930000	0.001906244991	38	measured
43	57	86800000	86940000	0.002528322022	36	measured
43	58	86800000	86950000	0.00217142491	33	measured
43	59	86800000	86960000	0.001438201983	24	measured
43	60	86800000	86970000	0.001588952778	29	measured
43	61	86800000	86980000	0.001101831769	23	measured
43	62	86800000	86990000	0.00188147877	34	measured
43	63	86800000	87000000	0.001562531854	30	measured
43	64	86800000	87010000	0.001331322067	21	measured
43	65	86800000	87020000	0.001482412139	23	measured
43	66	86800000	87030000	0.001300968158	23	measured
43	67	86800000	87040000	0.001334469643	19	measured
43	68	86800000	87050000	0.001740553025	34	measured
43	69	86800000	87060000	0.001087726825	14	measured
43	70	86800000	87070000	0.001689744374	30	measured
43	71	86800000	87080000	0.001000920439	14	measured
44	44	86810000	86810000	0.08084300546	1746	measured
44	45	86810000	86820000	0.03770464359	631	measured
44	46	86810000	86830000	0.01448381208	192	measured
44	47	86810000	86840000	0.01083779944	210	measured
44	48	86810000	86850000	0.008563974989	166	measured
44	49	86810000	86860000	0.008571966634	156	measured
44	50	86810000	86870000	0.006172334398	103	measured
44	51	86810000	86880000	0.00527956205	128	measured
44	52	86810000	86890000	0.005331483974	76	measured
44	53	86810000	86900000	0.005049742976	115	measured
44	54	86810000	86910000	0.004419214848	81	measured
44	55	86810000	86920000	0.00304662603	53	measured
44	56	86810000	86930000	0.002927699012	69	measured
44	57	86810000	86940000	0.001663298265	28	measured
44	58	86810000	86950000	0.001725340378	31	measured
44	59	86810000	86960000	0.00157127627	31	measured
44	60	86810000	86970000	0.001761078868	38	measured
44	61	86810000	86980000	0.001377680742	34	measured
44	62	86810000	86990000	0.001872244714	40	measured
44	63	86810000	87000000	0.002026504971	46	measured
44	64	86810000	87010000	0.001179692269	22	measured
44	65	86810000	87020000	0.001471929832	27	measured
44	66	86810000	87030000	0.001435298735	30	measured
44	67	86810000	87040000	0.001128732202	19	measured
44	68	86810000	87050000	0.00186191141	43	measured
44	69	86810000	87060000	0.001314328774	20	measured
44	70	86810000	87070000	0.001191028022	25	measured
44	71	86810000	87080000	0.001572269851	26	measured
44	72	86810000	87090000	0.001292077165	21	measured
45	45	86820000	86820000	0.1144370492	1484	measured
45	46	86820000	86830000	0.03251587078	334	measured
45	47	86820000	86840000	0.01651736498	248	measured
45	48	86820000	86850000	0.01018652376	153	measured
45	49	86820000	86860000	0.009715020246	137	measured
45	50	86820000	86870000	0.007578889359	98	measured
45	51	86820000	86880000	0.005589133681	105	measured
45	52	86820000	86890000	0.006699362915	74	measured
45	53	86820000	86900000	0.0059501512	105	measured
45	54	86820000	86910000	0.004717394205	67	measured
45	55	86820000	86920000	0.003783386625	51	measured
45	56	86820000	86930000	0.002464093134	45	measured
45	57	86820000	86940000	0.002223194045	29	measured
45	58	86820000	86950000	0.002011121889	28	measured
45	59	86820000	86960000	0.001242830001	19	measured
45	60	86820000	86970000	0.001794253216	30	measured
45	61	86820000	86980000	0.001987103721	38	measured
45	62	86820000	86990000	0.001389305411	23	measured
45	63	86820000	87000000	0.001933018578	34	measured
45	64	86820000	87010000	0.001245620729	18	measured
45	65	86820000	87020000	0.001618148774	23	measured
45	66	86820000	87030000	0.00129660476	21	measured
45	67	86820000	87040000	0.00153332628	20	measured
45	68	86820000	87050000	0.001397004599	25	measured
45	69	86820000	87060000	0.001526559705	18	measured
45	70	86820000	87070000	0.001475572259	24	measured
45	71	86820000	87080000	0.001482772794	19	measured
45	72	86820000	87090000	0.002223281515	28	measured
45	73	86820000	87100000	0.001819919452	29	measured
46	46	86830000	86830000	0.1546129033	1258	measured
46	47	86830000	86840000	0.03834158829	456	measured
46	48	86830000	86850000	0.01571782142	187	measured
46	49	86830000	86860000	0.01163811562	130	measured
46	50	86830000	86870000	0.008982215924	92	measured
46	51	86830000	86880000	0.008668841864	129	measured
46	52	86830000	86890000	0.006857553551	60	measured
46	53	86830000	86900000	0.006295606093	88	measured
46	54	86830000	86910000	0.003199970978	36	measured
46	55	86830000	86920000	0.00262231435	28	measured
46	56	86830000	86930000	0.001935614239	28	measured
46	57	86830000	86940000	0.002613119729	27	measured
46	58	86830000	86950000	0.002357598691	26	measured
46	59	86830000	86960000	0.002147077137	26	measured
46	60	86830000	86970000	0.001963143285	26	measured
46	61	86830000	86980000	0.001584398249	24	measured
46	62	86830000	86990000	0.001753936635	23	measured
46	63	86830000	87000000	0.001579050298	22	measured
46	64	86830000	87010000	0.001135724112	13	measured
46	65	86830000	87020000	0.001243468593	14	measured
46	66	86830000	87030000	0.001403062425	18	measured
46	67	86830000	87040000	0.001935756612	20	measured
46	68	86830000	87050000	0.001481471476	21	measured
46	69	86830000	87060000	0.001177741956	11	measured
46	70	86830000	87070000	0.001785226185	23	measured
46	71	86830000	87080000	0.002167503767	22	measured
46	72	86830000	87090000	0.002004853272	20	measured
46	73	86830000	87100000	0.00110917067	14	measured
46	74	86830000	87110000	0.001952722636	27	measured
47	47	86840000	86840000	0.09370580666	1629	measured
47	48	86840000	86850000	0.03110915189	541	measured
47	49	86840000	86860000	0.01825138144	298	measured
47	50	86840000	86870000	0.01249043123	187	measured
47	51	86840000	86880000	0.008459201223	184	measured
47	52	86840000	86890000	0.007819124348	100	measured
47	53	86840000	86900000	0.005922163697	121	measured
47	54	86840000	86910000	0.005351387174	88	measured
47	55	86840000	86920000	0.004485025564	70	measured
47	56	86840000	86930000	0.002884900072	61	measured
47	57	86840000	86940000	0.002979533145	45	measured
47	58	86840000	86950000	0.002729539433	44	measured
47	59	86840000	86960000	0.002146831992	38	measured
47	60	86840000	86970000	0.002479476809	48	measured
47	61	86840000	86980000	0.002032384099	45	measured
47	62	86840000	86990000	0.001721631363	33	measured
47	63	86840000	87000000	0.002013248121	41	measured
47	64	86840000	87010000	0.001613739467	27	measured
47	65	86840000	87020000	0.001883686569	31	measured
47	66	86840000	87030000	0.001493147401	28	measured
47	67	86840000	87040000	0.00185403936	28	measured
47	68	86840000	87050000	0.002123571256	44	measured
47	69	86840000	87060000	0.0009522280631	13	measured
47	70	86840000	87070000	0.002017851358	38	measured
47	71	86840000	87080000	0.001819873105	27	measured
47	72	86840000	87090000	0.002263115402	33	measured
47	73	86840000	87100000	0.001680243397	31	measured
47	74	86840000	87110000	0.001929663428	39	measured
47	75	86840000	87120000	0.001445357841	34	measured
48	48	86850000	86850000	0.101399304	1764	measured
48	49	86850000	86860000	0.03697957394	604	measured
48	50	86850000	86870000	0.01742696746	261	measured
48	51	86850000	86880000	0.01139747637	248	measured
48	52	86850000	86890000	0.009692265269	124	measured
48	53	86850000	86900000	0.006213613637	127	measured
48	54	86850000	86910000	0.004072902285	67	measured
48	55	86850000	86920000	0.003522695132	55	measured
48	56	86850000	86930000	0.002742044004	58	measured
48	57	86850000	86940000	0.002647531802	40	measured
48	58	86850000	86950000	0.001984413448	32	measured
48	59	86850000	86960000	0.002089592847	37	measured
48	60	86850000	86970000	0.002220407859	43	measured
48	61	86850000	86980000	0.001896217071	42	measured
48	62	86850000	86990000	0.00177317104	34	measured
48	63	86850000	87000000	0.002208876559	45	measured
48	64	86850000	87010000	0.001911899773	32	measured
48	65	86850000	87020000	0.002186728851	36	measured
48	66	86850000	87030000	0.001865770331	35	measured
48	67	86850000	87040000	0.001853379848	28	measured
48	68	86850000	87050000	0.001736849346	36	measured
48	69	86850000	87060000	0.002123445451	29	measured
48	70	86850000	87070000	0.001910968651	36	measured
48	71	86850000	87080000	0.002425634329	36	measured
48	72	86850000	87090000	0.002193755515	32	measured
48	73	86850000	87100000	0.001896374186	35	measured
48	74	86850000	87110000	0.001879516067	38	measured
48	75	86850000	87120000	0.001869797734	44	measured
48	76	86850000	87130000	0.001772702474	44	measured
49	49	86860000	86860000	0.1068790265	1639	measured
49	50	86860000	86870000	0.03271355306	460	measured
49	51	86860000	86880000	0.01855174649	379	measured
49	52	86860000	86890000	0.0109892008	132	measured
49	53	86860000	86900000	0.008233532091	158	measured
49	54	86860000	86910000	0.006215684935	96	measured
49	55	86860000	86920000	0.004570626609	67	measured
49	56	86860000	86930000	0.003021247111	60	measured
49	57	86860000	86940000	0.0032428555	46	measured
49	58	86860000	86950000	0.00284013648	43	measured
49	59	86860000	86960000	0.002225616048	37	measured
49	60	86860000	86970000	0.002584941562	47	measured
49	61	86860000	86980000	0.002981391592	62	measured
49	62	86860000	86990000	0.002166331382	39	measured
49	63	86860000	87000000	0.002352664599	45	measured
49	64	86860000	87010000	0.002863625548	45	measured
49	65	86860000	87020000	0.001811502913	28	measured
49	66	86860000	87030000	0.001816890223	32	measured
49	67	86860000	87040000	0.002538034243	36	measured
49	68	86860000	87050000	0.002055456127	40	measured
49	69	86860000	87060000	0.002261672306	29	measured
49	70	86860000	87070000	0.002035364211	36	measured
49	71	86860000	87080000	0.002152943613	30	measured
49	72	86860000	87090000	0.002701646625	37	measured
49	73	86860000	87100000	0.001962110577	34	measured
49	74	86860000	87110000	0.002001864204	38	measured
49	75	86860000	87120000	0.00217255991	48	measured
49	76	86860000	87130000	0.002274299287	53	measured
49	77	86860000	87140000	0.001975905218	42	measured
50	50	86870000	86870000	0.100204851	1292	measured
50	51	86870000	86880000	0.03437856992	644	measured
50	52	86870000	86890000	0.01761368627	194	measured
50	53	86870000	86900000	0.01028641446	181	measured
50	54	86870000	86910000	0.007061128386	100	measured
50	55	86870000	86920000	0.00476142846	64	measured
50	56	86870000	86930000	0.004942354077	90	measured
50	57	86870000	86940000	0.003382819228	44	measured
50	58	86870000	86950000	0.003169419893	44	measured
50	59	86870000	86960000	0.002361605597	36	measured
50	60	86870000	86970000	0.002579156383	43	measured
50	61	86870000	86980000	0.002097701423	40	measured
50	62	86870000	86990000	0.001999081833	33	measured
50	63	86870000	87000000	0.001995592655	35	measured
50	64	86870000	87010000	0.003331204546	48	measured
50	65	86870000	87020000	0.001905026925	27	measured
50	66	86870000	87030000	0.001919538168	31	measured
50	67	86870000	87040000	0.002152828114	28	measured
50	68	86870000	87050000	0.002129551588	38	measured
50	69	86870000	87060000	0.002211369823	26	measured
50	70	86870000	87070000	0.002959628624	48	measured
50	71	86870000	87080000	0.001878360691	24	measured
50	72	86870000	87090000	0.00191114839	24	measured
50	73	86870000	87100000	0.001888087709	30	measured
50	74	86870000	87110000	0.002298091715	40	measured
50	75	86870000	87120000	0.002023814621	41	measured
50	76	86870000	87130000	0.002152711971	46	measured
50	77	86870000	87140000	0.002154876856	42	measured
50	78	86870000	87150000	0.001714892148	25	measured
51	51	86880000	86880000	0.08461972008	2303	measured
51	52	86880000	86890000	0.03405812504	545	measured
51	53	86880000	86900000	0.01615515773	413	measured
51	54	86880000	86910000	0.009963310748	205	measured
51	55	86880000	86920000	0.006093684399	119	measured
51	56	86880000	86930000	0.004497943693	119	measured
51	57	86880000	86940000	0.003862999758	73	measured
51	58	86880000	86950000	0.003718468212	75	measured
51	59	86880000	86960000	0.002980056589	66	measured
51	60	86880000	86970000	0.003385312612	82	measured
51	61	86880000	86980000	0.003320834372	92	measured
51	62	86880000	86990000	0.002376660756	57	measured
51	63	86880000	87000000	0.002590141526	66	measured
51	64	86880000	87010000	0.002579464348	54	measured
51	65	86880000	87020000	0.002671011454	55	measured
51	66	86880000	87030000	0.002770282902	65	measured
51	67	86880000	87040000	0.003122331737	59	measured
51	68	86880000	87050000	0.003162963117	82	measured
51	69	86880000	87060000	0.001990410503	34	measured
51	70	86880000	87070000	0.002419059464	57	measured
51	71	86880000	87080000	0.002316391229	43	measured
51	72	86880000	87090000	0.002576064495	47	measured
51	73	86880000	87100000	0.002469172735	57	measured
51	74	86880000	87110000	0.002095843944	53	measured
51	75	86880000	87120000	0.002106465103	62	measured
51	76	86880000	87130000	0.002351400797	73	measured
51	77	86880000	87140000	0.002613247796	74	measured
51	78	86880000	87150000	0.002360709319	50	measured
51	79	86880000	87160000	0.002080043268	64	measured
52	52	86890000	86890000	0.1201017302	1130	measured
52	53	86890000	86900000	0.02980476843	448	measured
52	54	86890000	86910000	0.01463085371	177	measured
52	55	86890000	86920000	0.009493056839	109	measured
52	56	86890000	86930000	0.006814272632	106	measured
52	57	86890000	86940000	0.004950067228	55	measured
52	58	86890000	86950000	0.003119975049	37	measured
52	59	86890000	86960000	0.00437725672	57	measured
52	60	86890000	86970000	0.003300117262	47	measured
52	61	86890000	86980000	0.003069558958	50	measured
52	62	86890000	86990000	0.003545756687	50	measured
52	63	86890000	87000000	0.003070322377	46	measured
52	64	86890000	87010000	0.002924723789	36	measured
52	65	86890000	87020000	0.003303844809	40	measured
52	66	86890000	87030000	0.003261894164	45	measured
52	67	86890000	87040000	0.003060219201	34	measured
52	68	86890000	87050000	0.003542587796	54	measured
52	69	86890000	87060000	0.00358436993	36	measured
52	70	86890000	87070000	0.003753372079	52	measured
52	71	86890000	87080000	0.003023458299	33	measured
52	72	86890000	87090000	0.003262672672	35	measured
52	73	86890000	87100000	0.003020696281	41	measured
52	74	86890000	87110000	0.002959254631	44	measured
52	75	86890000	87120000	0.002426936742	42	measured
52	76	86890000	87130000	0.00388963399	71	measured
52	77	86890000	87140000	0.003123192864	52	measured
52	78	86890000	87150000	0.002649921672	33	measured
52	79	86890000	87160000	0.002432157294	44	measured
52	80	86890000	87170000	0.002103897382	22	measured
53	53	86900000	86900000	0.07866410637	1889	measured
53	54	86900000	86910000	0.02902660083	561	measured
53	55	86900000	86920000	0.01144816277	210	measured
53	56	86900000	86930000	0.007283315655	181	measured
53	57	86900000	86940000	0.006422293909	114	measured
53	58	86900000	86950000	0.004855949278	92	measured
53	59	86900000	86960000	0.004662682185	97	measured
53	60	86900000	86970000	0.004087439899	93	measured
53	61	86900000	86980000	0.003689046468	96	measured
53	62	86900000	86990000	0.003417956798	77	measured
53	63	86900000	87000000	0.003885491939	93	measured
53	64	86900000	87010000	0.003458025465	68	measured
53	65	86900000	87020000	0.002740137997	53	measured
53	66	86900000	87030000	0.003357577062	74	measured
53	67	86900000	87040000	0.003436690096	61	measured
53	68	86900000	87050000	0.003901102714	95	measured
53	69	86900000	87060000	0.002368267956	38	measured
53	70	86900000	87070000	0.004111464884	91	measured
53	71	86900000	87080000	0.003727694538	65	measured
53	72	86900000	87090000	0.003501012238	60	measured
53	73	86900000	87100000	0.004381105657	95	measured
53	74	86900000	87110000	0.003157387174	75	measured
53	75	86900000	87120000	0.003725489198	103	measured
53	76	86900000	87130000	0.003806363711	111	measured
53	77	86900000	87140000	0.004436233376	118	measured
53	78	86900000	87150000	0.004121638205	82	measured
53	79	86900000	87160000	0.003598398349	104	measured
53	80	86900000	87170000	0.002933154031	49	measured
53	81	86900000	87180000	0.002467271812	75	measured
54	54	86910000	86910000	0.09758740166	1518	measured
54	55	86910000	86920000	0.02851591165	421	measured
54	56	86910000	86930000	0.01444897582	289	measured
54	57	86910000	86940000	0.009169492187	131	measured
54	58	86910000	86950000	0.007148278692	109	measured
54	59	86910000	86960000	0.005016860556	84	measured
54	60	86910000	86970000	0.006826012956	125	measured
54	61	86910000	86980000	0.005586212063	117	measured
54	62	86910000	86990000	0.00364005917	66	measured
54	63	86910000	87000000	0.004516177266	87	measured
54	64	86910000	87010000	0.004991545446	79	measured
54	65	86910000	87020000	0.005524381732	86	measured
54	66	86910000	87030000	0.003889842563	69	measured
54	67	86910000	87040000	0.00560001496	80	measured
54	68	86910000	87050000	0.005714397754	112	measured
54	69	86910000	87060000	0.005730171572	74	measured
54	70	86910000	87070000	0.004547041057	81	measured
54	71	86910000	87080000	0.004204047712	59	measured
54	72	86910000	87090000	0.005364913969	74	measured
54	73	86910000	87100000	0.004641237627	81	measured
54	74	86910000	87110000	0.005282951391	101	measured
54	75	86910000	87120000	0.005302940509	118	measured
54	76	86910000	87130000	0.00617794406	145	measured
54	77	86910000	87140000	0.0100896196	216	measured
54	78	86910000	87150000	0.0072444041	116	measured
54	79	86910000	87160000	0.004685878907	109	measured
54	80	86910000	87170000	0.004462504882	60	measured
54	81	86910000	87180000	0.004659606569	114	measured
54	82	86910000	87190000	0.004112557333	87	measured
55	55	86920000	86920000	0.1010535558	1416	measured
55	56	86920000	86930000	0.03424015796	650	measured
55	57	86920000	86940000	0.01629856784	221	measured
55	58	86920000	86950000	0.009535363337	138	measured
55	59	86920000	86960000	0.007740001358	123	measured
55	60	86920000	86970000	0.008112587414	141	measured
55	61	86920000	86980000	0.007243979793	144	measured
55	62	86920000	86990000	0.007786682873	134	measured
55	63	86920000	87000000	0.006125660618	112	measured
55	64	86920000	87010000	0.006257761016	94	measured
55	65	86920000	87020000	0.004873050445	72	measured
55	66	86920000	87030000	0.006117913603	103	measured
55	67	86920000	87040000	0.007522852617	102	measured
55	68	86920000	87050000	0.007257205044	135	measured
55	69	86920000	87060000	0.006690105091	82	measured
55	70	86920000	87070000	0.006742669763	114	measured
55	71	86920000	87080000	0.00615619912	82	measured
55	72	86920000	87090000	0.005499797767	72	measured
55	73	86920000	87100000	0.005614549507	93	measured
55	74	86920000	87110000	0.006668433011	121	measured
55	75	86920000	87120000	0.008191511255	173	measured
55	76	86920000	87130000	0.008529287465	190	measured
55	77	86920000	87140000	0.01338668755	272	measured
55	78	86920000	87150000	0.01059384797	161	measured
55	79	86920000	87160000	0.007337747437	162	measured
55	80	86920000	87170000	0.007131026129	91	measured
55	81	86920000	87180000	0.005340098455	124	measured
55	82	86920000	87190000	0.005378976537	108	measured
55	83	86920000	87200000	0.005187848534	78	measured
56	56	86930000	86930000	0.08421993695	2166	measured
56	57	86930000	86940000	0.03271641432	601	measured
56	58	86930000	86950000	0.01611681791	316	measured
56	59	86930000	86960000	0.01235525231	266	measured
56	60	86930000	86970000	0.009980267821	235	measured
56	61	86930000	86980000	0.008837425219	238	measured
56	62	86930000	86990000	0.008449830011	197	measured
56	63	86930000	87000000	0.007347512842	182	measured
56	64	86930000	87010000	0.006191497782	126	measured
56	65	86930000	87020000	0.006994078512	140	measured
56	66	86930000	87030000	0.007540994405	172	measured
56	67	86930000	87040000	0.007458251182	137	measured
56	68	86930000	87050000	0.008293082163	209	measured
56	69	86930000	87060000	0.008250375431	137	measured
56	70	86930000	87070000	0.007247182252	166	measured
56	71	86930000	87080000	0.006372806076	115	measured
56	72	86930000	87090000	0.005638301308	100	measured
56	73	86930000	87100000	0.00757556354	170	measured
56	74	86930000	87110000	0.008013803797	197	measured
56	75	86930000	87120000	0.008283241661	237	measured
56	76	86930000	87130000	0.009576152428	289	measured
56	77	86930000	87140000	0.01638380693	451	measured
56	78	86930000	87150000	0.01214232703	250	measured
56	79	86930000	87160000	0.007656270765	229	measured
56	80	86930000	87170000	0.00659400912	114	measured
56	81	86930000	87180000	0.00508606163	160	measured
56	82	86930000	87190000	0.005551200307	151	measured
56	83	86930000	87200000	0.004713005807	96	measured
56	84	86930000	87210000	0.005344748831	195	measured
57	57	86940000	86940000	0.1207205408	1584	measured
57	58	86940000	86950000	0.03227493818	452	measured
57	59	86940000	86960000	0.01762276463	271	measured
57	60	86940000	86970000	0.01563741096	263	measured
57	61	86940000	86980000	0.01226861577	236	measured
57	62	86940000	86990000	0.009968380381	166	measured
57	63	86940000	87000000	0.01017363702	180	measured
57	64	86940000	87010000	0.008737026747	127	measured
57	65	86940000	87020000	0.00783348936	112	measured
57	66	86940000	87030000	0.008654740526	141	measured
57	67	86940000	87040000	0.006554652277	86	measured
57	68	86940000	87050000	0.01066610067	192	measured
57	69	86940000	87060000	0.008937041554	106	measured
57	70	86940000	87070000	0.006845637302	112	measured
57	71	86940000	87080000	0.00636182155	82	measured
57	72	86940000	87090000	0.006393932796	81	measured
57	73	86940000	87100000	0.006800287742	109	measured
57	74	86940000	87110000	0.007346778683	129	measured
57	75	86940000	87120000	0.007829007991	160	measured
57	76	86940000	87130000	0.008118317347	175	measured
57	77	86940000	87140000	0.01393553384	274	measured
57	78	86940000	87150000	0.00985972238	145	measured
57	79	86940000	87160000	0.005710529771	122	measured
57	80	86940000	87170000	0.005587641711	69	measured
57	81	86940000	87180000	0.005384951223	121	measured
57	82	86940000	87190000	0.005043950253	98	measured
57	83	86940000	87200000	0.004880000408	71	measured
57	84	86940000	87210000	0.004758270666	124	measured
57	85	86940000	87220000	0.007139400296	168	measured
58	58	86950000	86950000	0.1100509702	1645	measured
58	59	86950000	86960000	0.03826179872	628	measured
58	60	86950000	86970000	0.02061160516	370	measured
58	61	86950000	86980000	0.01412480788	290	measured
58	62	86950000	86990000	0.01147750975	204	measured
58	63	86950000	87000000	0.009478895897	179	measured
58	64	86950000	87010000	0.009217156697	143	measured
58	65	86950000	87020000	0.008453332167	129	measured
58	66	86950000	87030000	0.008626352235	150	measured
58	67	86950000	87040000	0.008212020703	115	measured
58	68	86950000	87050000	0.008483851209	163	measured
58	69	86950000	87060000	0.007030381747	89	measured
58	70	86950000	87070000	0.006757388045	118	measured
58	71	86950000	87080000	0.006687386851	92	measured
58	72	86950000	87090000	0.006286413775	85	measured
58	73	86950000	87100000	0.00648820793	111	measured
58	74	86950000	87110000	0.005922856557	111	measured
58	75	86950000	87120000	0.007380973036	161	measured
58	76	86950000	87130000	0.0079973626	184	measured
58	77	86950000	87140000	0.0091490345	192	measured
58	78	86950000	87150000	0.006498271394	102	measured
58	79	86950000	87160000	0.004955597234	113	measured
58	80	86950000	87170000	0.004400565023	58	measured
58	81	86950000	87180000	0.003210614167	77	measured
58	82	86950000	87190000	0.003857764346	80	measured
58	83	86950000	87200000	0.004056981694	63	measured
58	84	86950000	87210000	0.004817627805	134	measured
58	85	86950000	87220000	0.004499164619	113	measured
58	86	86950000	87230000	0.005765314923	130	measured
59	59	86960000	86960000	0.09488107903	1710	measured
59	60	86960000	86970000	0.03556361286	701	measured
59	61	86960000	86980000	0.01707745096	385	measured
59	62	86960000	86990000	0.01337321343	261	measured
59	63	86960000	87000000	0.01249056985	259	measured
59	64	86960000	87010000	0.009685513331	165	measured
59	65	86960000	87020000	0.009906587459	166	measured
59	66	86960000	87030000	0.00727995164	139	measured
59	67	86960000	87040000	0.007608793938	117	measured
59	68	86960000	87050000	0.008152891288	172	measured
59	69	86960000	87060000	0.006330665093	88	measured
59	70	86960000	87070000	0.006988426725	134	measured
59	71	86960000	87080000	0.005362056726	81	measured
59	72	86960000	87090000	0.005725069047	85	measured
59	73	86960000	87100000	0.005908844011	111	measured
59	74	86960000	87110000	0.006074296887	125	measured
59	75	86960000	87120000	0.005260609362	126	measured
59	76	86960000	87130000	0.00625408554	158	measured
59	77	86960000	87140000	0.007594336752	175	measured
59	78	86960000	87150000	0.005627910386	97	measured
59	79	86960000	87160000	0.003914005213	98	measured
59	80	86960000	87170000	0.002971164314	43	measured
59	81	86960000	87180000	0.003151760807	83	measured
59	82	86960000	87190000	0.003074124935	70	measured
59	83	86960000	87200000	0.003284190128	56	measured
59	84	86960000	87210000	0.003143239295	96	measured
59	85	86960000	87220000	0.003843590145	106	measured
59	86	86960000	87230000	0.004806228449	119	measured
59	87	86960000	87240000	0.004203535427	66	measured
60	60	86970000	86970000	0.09370085996	2020	measured
60	61	86970000	86980000	0.03808309718	939	measured
60	62	86970000	86990000	0.01719355507	367	measured
60	63	86970000	87000000	0.01512449768	343	measured
60	64	86970000	87010000	0.01159302578	216	measured
60	65	86970000	87020000	0.01042206335	191	measured
60	66	86970000	87030000	0.009194312786	192	measured
60	67	86970000	87040000	0.009454344791	159	measured
60	68	86970000	87050000	0.008581293302	198	measured
60	69	86970000	87060000	0.005854111969	89	measured
60	70	86970000	87070000	0.006866595443	144	measured
60	71	86970000	87080000	0.00605272213	100	measured
60	72	86970000	87090000	0.004865116516	79	measured
60	73	86970000	87100000	0.006424773608	132	measured
60	74	86970000	87110000	0.005376203797	121	measured
60	75	86970000	87120000	0.006107870808	160	measured
60	76	86970000	87130000	0.006369769972	176	measured
60	77	86970000	87140000	0.007578609341	191	measured
60	78	86970000	87150000	0.005994572734	113	measured
60	79	86970000	87160000	0.003907360241	107	measured
60	80	86970000	87170000	0.003411586018	54	measured
60	81	86970000	87180000	0.003541438313	102	measured
60	82	86970000	87190000	0.003172158771	79	measured
60	83	86970000	87200000	0.003217331907	60	measured
60	84	86970000	87210000	0.003652333225	122	measured
60	85	86970000	87220000	0.003481166987	105	measured
60	86	86970000	87230000	0.003914422193	106	measured
60	87	86970000	87240000	0.002562287183	44	measured
60	88	86970000	87250000	0.002416280594	39	measured
61	61	86980000	86980000	0.08421796516	2375	measured
61	62	86980000	86990000	0.03203176239	782	measured
61	63	86980000	87000000	0.02081876969	540	measured
61	64	86980000	87010000	0.01351481171	288	measured
61	65	86980000	87020000	0.01025730484	215	measured
61	66	86980000	87030000	0.009629868192	230	measured
61	67	86980000	87040000	0.008370177149	161	measured
61	68	86980000	87050000	0.007806012413	206	measured
61	69	86980000	87060000	0.006498661601	113	measured
61	70	86980000	87070000	0.007171035577	172	measured
61	71	86980000	87080000	0.006403399066	121	measured
61	72	86980000	87090000	0.00516906328	96	measured
61	73	86980000	87100000	0.006042918032	142	measured
61	74	86980000	87110000	0.006176777233	159	measured
61	75	86980000	87120000	0.006441716834	193	measured
61	76	86980000	87130000	0.006676794322	211	measured
61	77	86980000	87140000	0.006556807283	189	measured
61	78	86980000	87150000	0.004591868543	99	measured
61	79	86980000	87160000	0.003703668655	116	measured
61	80	86980000	87170000	0.002982845692	54	measured
61	81	86980000	87180000	0.00279281262	92	measured
61	82	86980000	87190000	0.003194800021	91	measured
61	83	86980000	87200000	0.003141187638	67	measured
61	84	86980000	87210000	0.00272218956	104	measured
61	85	86980000	87220000	0.003739381102	129	measured
61	86	86980000	87230000	0.003519352426	109	measured
61	87	86980000	87240000	0.003004011568	59	measured
61	88	86980000	87250000	0.003033508717	56	measured
61	89	86980000	87260000	0.002660785403	75	measured
62	62	86990000	86990000	0.08947435186	1891	measured
62	63	86990000	87000000	0.03344523017	751	measured
62	64	86990000	87010000	0.01805072693	333	measured
62	65	86990000	87020000	0.01350186739	245	measured
62	66	86990000	87030000	0.01175253983	243	measured
62	67	86990000	87040000	0.01008906701	168	measured
62	68	86990000	87050000	0.009323405467	213	measured
62	69	86990000	87060000	0.006776081211	102	measured
62	70	86990000	87070000	0.006116318635	127	measured
62	71	86990000	87080000	0.006785488642	111	measured
62	72	86990000	87090000	0.006966130236	112	measured
62	73	86990000	87100000	0.005407343953	110	measured
62	74	86990000	87110000	0.005743911438	128	measured
62	75	86990000	87120000	0.006708516936	174	measured
62	76	86990000	87130000	0.006213945147	170	measured
62	77	86990000	87140000	0.007093112245	177	measured
62	78	86990000	87150000	0.00444698122	83	measured
62	79	86990000	87160000	0.002471052034	67	measured
62	80	86990000	87170000	0.003637012839	57	measured
62	81	86990000	87180000	0.00315594504	90	measured
62	82	86990000	87190000	0.002919898358	72	measured
62	83	86990000	87200000	0.002653677292	49	measured
62	84	86990000	87210000	0.003204969059	106	measured
62	85	86990000	87220000	0.003281474588	98	measured
62	86	86990000	87230000	0.003766956335	101	measured
62	87	86990000	87240000	0.003175969332	54	measured
62	88	86990000	87250000	0.003378966851	54	measured
62	89	86990000	87260000	0.002663758778	65	measured
62	90	86990000	87270000	0.002893064064	55	measured
63	63	87000000	87000000	0.09368261384	2235	measured
63	64	87000000	87010000	0.03127506041	613	measured
63	65	87000000	87020000	0.01711704977	330	measured
63	66	87000000	87030000	0.01538612931	338	measured
63	67	87000000	87040000	0.01062641552	188	measured
63	68	87000000	87050000	0.009063686365	220	measured
63	69	87000000	87060000	0.006940465971	111	measured
63	70	87000000	87070000	0.007388583838	163	measured
63	71	87000000	87080000	0.006098896092	106	measured
63	72	87000000	87090000	0.005912649849	101	measured
63	73	87000000	87100000	0.00582973851	126	measured
63	74	87000000	87110000	0.006462140797	153	measured
63	75	87000000	87120000	0.005914963874	163	measured
63	76	87000000	87130000	0.005263772909	153	measured
63	77	87000000	87140000	0.006487527814	172	measured
63	78	87000000	87150000	0.004185549816	83	measured
63	79	87000000	87160000	0.003644883124	105	measured
63	80	87000000	87170000	0.00336314216	56	measured
63	81	87000000	87180000	0.002805388857	85	measured
63	82	87000000	87190000	0.002595561777	68	measured
63	83	87000000	87200000	0.002752536	54	measured
63	84	87000000	87210000	0.002760431216	97	measured
63	85	87000000	87220000	0.003529784667	112	measured
63	86	87000000	87230000	0.003896542441	111	measured
63	87	87000000	87240000	0.003708895208	67	measured
63	88	87000000	87250000	0.00341590186	58	measured
63	89	87000000	87260000	0.003355737721	87	measured
63	90	87000000	87270000	0.002524949853	51	measured
63	91	87000000	87280000	0.002412399841	73	measured
64	64	87010000	87010000	0.1015340361	1635	measured
64	65	87010000	87020000	0.02872649111	455	measured
64	66	87010000	87030000	0.01883856446	340	measured
64	67	87010000	87040000	0.01293430223	188	measured
64	68	87010000	87050000	0.01068114971	213	measured
64	69	87010000	87060000	0.006316841117	83	measured
64	70	87010000	87070000	0.007834623958	142	measured
64	71	87010000	87080000	0.006372986111	91	measured
64	72	87010000	87090000	0.007553058749	106	measured
64	73	87010000	87100000	0.006194801942	110	measured
64	74	87010000	87110000	0.005140924147	100	measured
64	75	87010000	87120000	0.006139535333	139	measured
64	76	87010000	87130000	0.006281352752	150	measured
64	77	87010000	87140000	0.005830566024	127	measured
64	78	87010000	87150000	0.004480778685	73	measured
64	79	87010000	87160000	0.003887213066	92	measured
64	80	87010000	87170000	0.003362569278	46	measured
64	81	87010000	87180000	0.003253983688	81	measured
64	82	87010000	87190000	0.002741136608	59	measured
64	83	87010000	87200000	0.001675171296	27	measured
64	84	87010000	87210000	0.00280573355	81	measured
64	85	87010000	87220000	0.003222297886	84	measured
64	86	87010000	87230000	0.00346096862	81	measured
64	87	87010000	87240000	0.003436340154	51	measured
64	88	87010000	87250000	0.002939120952	41	measured
64	89	87010000	87260000	0.002535237952	54	measured
64	90	87010000	87270000	0.002109146935	35	measured
64	91	87010000	87280000	0.001850292862	46	measured
64	92	87010000	87290000	0.001688116456	37	measured
65	65	87020000	87020000	0.08382849172	1306	measured
65	66	87020000	87030000	0.03734734279	663	measured
65	67	87020000	87040000	0.0172766446	247	measured
65	68	87020000	87050000	0.01422393939	279	measured
65	69	87020000	87060000	0.008743344601	113	measured
65	70	87020000	87070000	0.007292063723	130	measured
65	71	87020000	87080000	0.008187978827	115	measured
65	72	87020000	87090000	0.007026936398	97	measured
65	73	87020000	87100000	0.005668226893	99	measured
65	74	87020000	87110000	0.005122058834	98	measured
65	75	87020000	87120000	0.00642146369	143	measured
65	76	87020000	87130000	0.006088008538	143	measured
65	77	87020000	87140000	0.007047924366	151	measured
65	78	87020000	87150000	0.005678705111	91	measured
65	79	87020000	87160000	0.003823118998	89	measured
65	80	87020000	87170000	0.003047014751	41	measured
65	81	87020000	87180000	0.003267364834	80	measured
65	82	87020000	87190000	0.002361706709	50	measured
65	83	87020000	87200000	0.002333858243	37	measured
65	84	87020000	87210000	0.00257076014	73	measured
65	85	87020000	87220000	0.003470992681	89	measured
65	86	87020000	87230000	0.003779281019	87	measured
65	87	87020000	87240000	0.002603076062	38	measured
65	88	87020000	87250000	0.002405054005	33	measured
65	89	87020000	87260000	0.002004709965	42	measured
65	90	87020000	87270000	0.002511886081	41	measured
65	91	87020000	87280000	0.002412747889	59	measured
65	92	87020000	87290000	0.001716246617	37	measured
65	93	87020000	87300000	0.001682974166	28	measured
66	66	87030000	87030000	0.08977589177	1816	measured
66	67	87030000	87040000	0.03038542739	495	measured
66	68	87030000	87050000	0.01883629528	421	measured
66	69	87030000	87060000	0.01032144361	152	measured
66	70	87030000	87070000	0.008024027555	163	measured
66	71	87030000	87080000	0.009247797048	148	measured
66	72	87030000	87090000	0.008010553729	126	measured
66	73	87030000	87100000	0.006331116147	126	measured
66	74	87030000	87110000	0.006834432515	149	measured
66	75	87030000	87120000	0.006108398981	155	measured
66	76	87030000	87130000	0.005791200721	155	measured
66	77	87030000	87140000	0.006963553444	170	measured
66	78	87030000	87150000	0.005586062628	102	measured
66	79	87030000	87160000	0.003468273526	92	measured
66	80	87030000	87170000	0.002934951425	45	measured
66	81	87030000	87180000	0.003871052873	108	measured
66	82	87030000	87190000	0.00269443071	65	measured
66	83	87030000	87200000	0.002601766466	47	measured
66	84	87030000	87210000	0.003121460009	101	measured
66	85	87030000	87220000	0.003627999852	106	measured
66	86	87030000	87230000	0.003354828394	88	measured
66	87	87030000	87240000	0.00330646291	55	measured
66	88	87030000	87250000	0.002494440815	39	measured
66	89	87030000	87260000	0.002680895815	64	measured
66	90	87030000	87270000	0.002795871007	52	measured
66	91	87030000	87280000	0.0024045424	67	measured
66	92	87030000	87290000	0.001872550359	46	measured
66	93	87030000	87300000	0.001371483131	26	measured
66	94	87030000	87310000	0.001621833924	46	measured
67	67	87040000	87040000	0.0920753443	1208	measured
67	68	87040000	87050000	0.04194465363	755	measured
67	69	87040000	87060000	0.01669468824	198	measured
67	70	87040000	87070000	0.009291047101	152	measured
67	71	87040000	87080000	0.009776049383	126	measured
67	72	87040000	87090000	0.007578434344	96	measured
67	73	87040000	87100000	0.006426333018	103	measured
67	74	87040000	87110000	0.007745890732	136	measured
67	75	87040000	87120000	0.007389055217	151	measured
67	76	87040000	87130000	0.006355851673	137	measured
67	77	87040000	87140000	0.007731109892	152	measured
67	78	87040000	87150000	0.006256187019	92	measured
67	79	87040000	87160000	0.003744827069	80	measured
67	80	87040000	87170000	0.003644325708	45	measured
67	81	87040000	87180000	0.002714885072	61	measured
67	82	87040000	87190000	0.002882424609	56	measured
67	83	87040000	87200000	0.003161873948	46	measured
67	84	87040000	87210000	0.002609525716	68	measured
67	85	87040000	87220000	0.003229916198	76	measured
67	86	87040000	87230000	0.004402373172	93	measured
67	87	87040000	87240000	0.002985913512	40	measured
67	88	87040000	87250000	0.004129792274	52	measured
67	89	87040000	87260000	0.002028527206	39	measured
67	90	87040000	87270000	0.001802576969	27	measured
67	91	87040000	87280000	0.002584650926	58	measured
67	92	87040000	87290000	0.00187022417	37	measured
67	93	87040000	87300000	0.002619952276	40	measured
67	94	87040000	87310000	0.00175115588	40	measured
67	95	87040000	87320000	0.00131713305	22	measured
68	68	87050000	87050000	0.09050246993	2235	measured
68	69	87050000	87060000	0.02679494413	436	measured
68	70	87050000	87070000	0.01496971716	336	measured
68	71	87050000	87080000	0.01176276499	208	measured
68	72	87050000	87090000	0.01104746748	192	measured
68	73	87050000	87100000	0.00773086639	170	measured
68	74	87050000	87110000	0.008012038186	193	measured
68	75	87050000	87120000	0.008524386041	239	measured
68	76	87050000	87130000	0.008994728656	266	measured
68	77	87050000	87140000	0.0101578563	274	measured
68	78	87050000	87150000	0.007385185485	149	measured
68	79	87050000	87160000	0.005288429536	155	measured
68	80	87050000	87170000	0.004781266303	81	measured
68	81	87050000	87180000	0.003795427674	117	measured
68	82	87050000	87190000	0.003826690562	102	measured
68	83	87050000	87200000	0.003557118333	71	measured
68	84	87050000	87210000	0.003971862965	142	measured
68	85	87050000	87220000	0.00480134158	155	measured
68	86	87050000	87230000	0.004933932296	143	measured
68	87	87050000	87240000	0.003210129021	59	measured
68	88	87050000	87250000	0.003010103655	52	measured
68	89	87050000	87260000	0.002994998192	79	measured
68	90	87050000	87270000	0.003114320261	64	measured
68	91	87050000	87280000	0.002208696586	68	measured
68	92	87050000	87290000	0.001768424089	48	measured
68	93	87050000	87300000	0.002196061329	46	measured
68	94	87050000	87310000	0.001786924018	56	measured
68	95	87050000	87320000	0.00165822633	38	measured
68	96	87050000	87330000	0.001290938422	33	measured
69	69	87060000	87060000	0.08487723458	910	measured
69	70	87060000	87070000	0.03394388104	502	measured
69	71	87060000	87080000	0.01673648138	195	measured
69	72	87060000	87090000	0.01580605687	181	measured
69	73	87060000	87100000	0.0110428886	160	measured
69	74	87060000	87110000	0.01064770152	169	measured
69	75	87060000	87120000	0.009310588176	172	measured
69	76	87060000	87130000	0.01016143591	198	measured
69	77	87060000	87140000	0.01288458535	229	measured
69	78	87060000	87150000	0.008650803388	115	measured
69	79	87060000	87160000	0.005074632095	98	measured
69	80	87060000	87170000	0.004389726441	49	measured
69	81	87060000	87180000	0.003249393115	66	measured
69	82	87060000	87190000	0.003131621927	55	measured
69	83	87060000	87200000	0.003573726268	47	measured
69	84	87060000	87210000	0.003778151605	89	measured
69	85	87060000	87220000	0.005312424996	113	measured
69	86	87060000	87230000	0.004293925083	82	measured
69	87	87060000	87240000	0.003550768791	43	measured
69	88	87060000	87250000	0.002811328194	32	measured
69	89	87060000	87260000	0.003107038933	54	measured
69	90	87060000	87270000	0.001920171889	26	measured
69	91	87060000	87280000	0.002070426892	42	measured
69	92	87060000	87290000	0.002180686596	39	measured
69	93	87060000	87300000	0.001304195208	18	measured
69	94	87060000	87310000	0.001307571017	27	measured
69	95	87060000	87320000	0.001920620988	29	measured
69	96	87060000	87330000	0.001424906249	24	measured
69	97	87060000	87340000	0.001960533846	35	measured
70	70	87070000	87070000	0.08097962726	1652	measured
70	71	87070000	87080000	0.0326038424	524	measured
70	72	87070000	87090000	0.0192453804	304	measured
70	73	87070000	87100000	0.01245862191	249	measured
70	74	87070000	87110000	0.01320003119	289	measured
70	75	87070000	87120000	0.0113803238	290	measured
70	76	87070000	87130000	0.01093818271	294	measured
70	77	87070000	87140000	0.008280164274	203	measured
70	78	87070000	87150000	0.007253008611	133	measured
70	79	87070000	87160000	0.004429640123	118	measured
70	80	87070000	87170000	0.005130697605	79	measured
70	81	87070000	87180000	0.003961769917	111	measured
70	82	87070000	87190000	0.002806877759	68	measured
70	83	87070000	87200000	0.003252246005	59	measured
70	84	87070000	87210000	0.003169819623	103	measured
70	85	87070000	87220000	0.003680832664	108	measured
70	86	87070000	87230000	0.003986005195	105	measured
70	87	87070000	87240000	0.003950989039	66	measured
70	88	87070000	87250000	0.003757695045	59	measured
70	89	87070000	87260000	0.002544431253	61	measured
70	90	87070000	87270000	0.002837596109	53	measured
70	91	87070000	87280000	0.001715377849	48	measured
70	92	87070000	87290000	0.002513207154	62	measured
70	93	87070000	87300000	0.001313161237	25	measured
70	94	87070000	87310000	0.001966063312	56	measured
70	95	87070000	87320000	0.001200305046	25	measured
70	96	87070000	87330000	0.001291231924	30	measured
70	97	87070000	87340000	0.001258855682	31	measured
70	98	87070000	87350000	0.001373032229	27	measured
71	71	87080000	87080000	0.1112808051	1409	measured
71	72	87080000	87090000	0.03672323094	457	measured
71	73	87080000	87100000	0.01886248365	297	measured
71	74	87080000	87110000	0.01617532761	279	measured
71	75	87080000	87120000	0.0107592535	216	measured
71	76	87080000	87130000	0.01005887043	213	measured
71	77	87080000	87140000	0.007455506874	144	measured
71	78	87080000	87150000	0.006576001826	95	measured
71	79	87080000	87160000	0.00443140204	93	measured
71	80	87080000	87170000	0.003132598185	38	measured
71	81	87080000	87180000	0.004122678147	91	measured
71	82	87080000	87190000	0.002934096419	56	measured
71	83	87080000	87200000	0.003078618122	44	measured
71	84	87080000	87210000	0.003164128493	81	measured
71	85	87080000	87220000	0.004066510895	94	measured
71	86	87080000	87230000	0.003806689203	79	measured
71	87	87080000	87240000	0.003875286658	51	measured
71	88	87080000	87250000	0.003637925508	45	measured
71	89	87080000	87260000	0.003917999478	74	measured
71	90	87080000	87270000	0.002922233624	43	measured
71	91	87080000	87280000	0.002540261084	56	measured
71	92	87080000	87290000	0.002572636162	50	measured
71	93	87080000	87300000	0.00180017024	27	measured
71	94	87080000	87310000	0.001648856892	37	measured
71	95	87080000	87320000	0.00164545934	27	measured
71	96	87080000	87330000	0.001584355974	29	measured
71	97	87080000	87340000	0.001185533565	23	measured
71	98	87080000	87350000	0.001226428787	19	measured
71	99	87080000	87360000	0.0008771034777	19	measured
72	72	87090000	87090000	0.111765719	1367	measured
72	73	87090000	87100000	0.04058050885	628	measured
72	74	87090000	87110000	0.02158963925	366	measured
72	75	87090000	87120000	0.01520425209	300	measured
72	76	87090000	87130000	0.01230056312	256	measured
72	77	87090000	87140000	0.008533852167	162	measured
72	78	87090000	87150000	0.006197783619	88	measured
72	79	87090000	87160000	0.004169385712	86	measured
72	80	87090000	87170000	0.004697043044	56	measured
72	81	87090000	87180000	0.003779786844	82	measured
72	82	87090000	87190000	0.003145239953	59	measured
72	83	87090000	87200000	0.002989977038	42	measured
72	84	87090000	87210000	0.002503946584	63	measured
72	85	87090000	87220000	0.003521271335	80	measured
72	86	87090000	87230000	0.003726055669	76	measured
72	87	87090000	87240000	0.002705933499	35	measured
72	88	87090000	87250000	0.00320790363	39	measured
72	89	87090000	87260000	0.002801247071	52	measured
72	90	87090000	87270000	0.002350936035	34	measured
72	91	87090000	87280000	0.001846144697	40	measured
72	92	87090000	87290000	0.002251086788	43	measured
72	93	87090000	87300000	0.001831593086	27	measured
72	94	87090000	87310000	0.001450930587	32	measured
72	95	87090000	87320000	0.001426154724	23	measured
72	96	87090000	87330000	0.001889944725	34	measured
72	97	87090000	87340000	0.001363561669	26	measured
72	98	87090000	87350000	0.001838917239	28	measured
72	99	87090000	87360000	0.001127259468	24	measured
72	100	87090000	87370000	0.001292363113	20	measured
73	73	87100000	87100000	0.1026529999	2010	measured
73	74	87100000	87110000	0.03449957643	740	measured
73	75	87100000	87120000	0.01806500524	451	measured
73	76	87100000	87130000	0.01370913249	361	measured
73	77	87100000	87140000	0.01069993076	257	measured
73	78	87100000	87150000	0.006568307678	118	measured
73	79	87100000	87160000	0.004827940519	126	measured
73	80	87100000	87170000	0.003646002363	55	measured
73	81	87100000	87180000	0.003533807875	97	measured
73	82	87100000	87190000	0.003202086854	76	measured
73	83	87100000	87200000	0.002644442717	47	measured
73	84	87100000	87210000	0.002827123386	90	measured
73	85	87100000	87220000	0.003722297026	107	measured
73	86	87100000	87230000	0.003913585839	101	measured
73	87	87100000	87240000	0.004277252198	70	measured
73	88	87100000	87250000	0.002860402347	44	measured
73	89	87100000	87260000	0.003108054855	73	measured
73	90	87100000	87270000	0.002295244363	42	measured
73	91	87100000	87280000	0.002699325197	74	measured
73	92	87100000	87290000	0.002068766767	50	measured
73	93	87100000	87300000	0.001983739763	37	measured
73	94	87100000	87310000	0.001505094232	42	measured
73	95	87100000	87320000	0.001666231993	34	measured
73	96	87100000	87330000	0.001757308138	40	measured
73	97	87100000	87340000	0.001616530066	39	measured
73	98	87100000	87350000	0.001712915092	33	measured
73	99	87100000	87360000	0.001410632838	38	measured
73	100	87100000	87370000	0.001736405762	34	measured
73	101	87100000	87380000	0.001101844967	27	measured
74	74	87110000	87110000	0.09047982644	2126	measured
74	75	87110000	87120000	0.03561450908	974	measured
74	76	87110000	87130000	0.01573856311	454	measured
74	77	87110000	87140000	0.01235201073	325	measured
74	78	87110000	87150000	0.008536644931	168	measured
74	79	87110000	87160000	0.005246734403	150	measured
74	80	87110000	87170000	0.004054483285	67	measured
74	81	87110000	87180000	0.004256842921	128	measured
74	82	87110000	87190000	0.003461533031	90	measured
74	83	87110000	87200000	0.00282491543	55	measured
74	84	87110000	87210000	0.003957198133	138	measured
74	85	87110000	87220000	0.003874302561	122	measured
74	86	87110000	87230000	0.004209271189	119	measured
74	87	87110000	87240000	0.003123642336	56	measured
74	88	87110000	87250000	0.003916740873	66	measured
74	89	87110000	87260000	0.002604036535	67	measured
74	90	87110000	87270000	0.002394568867	48	measured
74	91	87110000	87280000	0.002297624402	69	measured
74	92	87110000	87290000	0.002115124856	56	measured
74	93	87110000	87300000	0.001810886178	37	measured
74	94	87110000	87310000	0.001570225745	48	measured
74	95	87110000	87320000	0.001834200739	41	measured
74	96	87110000	87330000	0.001163033923	29	measured
74	97	87110000	87340000	0.001551348933	41	measured
74	98	87110000	87350000	0.001421508975	30	measured
74	99	87110000	87360000	0.001694364535	50	measured
74	100	87110000	87370000	0.00116551741	25	measured
74	101	87110000	87380000	0.001415620295	38	measured
74	102	87110000	87390000	0.001371097291	35	measured
75	75	87120000	87120000	0.07216199103	2297	measured
75	76	87120000	87130000	0.03261390884	1095	measured
75	77	87120000	87140000	0.01750243993	536	measured
75	78	87120000	87150000	0.01008484953	231	measured
75	79	87120000	87160000	0.00682186601	227	measured
75	80	87120000	87170000	0.005615183767	108	measured
75	81	87120000	87180000	0.004257389948	149	measured
75	82	87120000	87190000	0.0043619372	132	measured
75	83	87120000	87200000	0.00410397982	93	measured
75	84	87120000	87210000	0.004459301028	181	measured
75	85	87120000	87220000	0.004911178451	180	measured
75	86	87120000	87230000	0.005166404115	170	measured
75	87	87120000	87240000	0.00292336212	61	measured
75	88	87120000	87250000	0.003059226705	60	measured
75	89	87120000	87260000	0.003072130107	92	measured
75	90	87120000	87270000	0.00227165027	53	measured
75	91	87120000	87280000	0.002345974588	82	measured
75	92	87120000	87290000	0.00201195924	62	measured
75	93	87120000	87300000	0.001597910804	38	measured
75	94	87120000	87310000	0.001489622531	53	measured
75	95	87120000	87320000	0.001614328093	42	measured
75	96	87120000	87330000	0.00203294628	59	measured
75	97	87120000	87340000	0.001495419272	46	measured
75	98	87120000	87350000	0.001506293431	37	measured
75	99	87120000	87360000	0.001484863498	51	measured
75	100	87120000	87370000	0.001081488803	27	measured
75	101	87120000	87380000	0.001312280112	41	measured
75	102	87120000	87390000	0.001918468139	57	measured
75	103	87120000	87400000	0.001798437296	52	measured
76	76	87130000	87130000	0.07028373815	2489	measured
76	77	87130000	87140000	0.03588049812	1159	measured
76	78	87130000	87150000	0.01365880184	330	measured
76	79	87130000	87160000	0.007065944637	248	measured
76	80	87130000	87170000	0.006802374318	138	measured
76	81	87130000	87180000	0.005309510146	196	measured
76	82	87130000	87190000	0.004918654884	157	measured
76	83	87130000	87200000	0.005397009717	129	measured
76	84	87130000	87210000	0.005115328777	219	measured
76	85	87130000	87220000	0.005975392136	231	measured
76	86	87130000	87230000	0.00440830977	153	measured
76	87	87130000	87240000	0.003952876578	87	measured
76	88	87130000	87250000	0.003287082057	68	measured
76	89	87130000	87260000	0.003355821592	106	measured
76	90	87130000	87270000	0.003169577867	78	measured
76	91	87130000	87280000	0.002251276122	83	measured
76	92	87130000	87290000	0.002615095998	85	measured
76	93	87130000	87300000	0.00207306778	52	measured
76	94	87130000	87310000	0.001732028131	65	measured
76	95	87130000	87320000	0.002149986572	59	measured
76	96	87130000	87330000	0.001764041803	54	measured
76	97	87130000	87340000	0.001818437483	59	measured
76	98	87130000	87350000	0.001775443726	46	measured
76	99	87130000	87360000	0.00160097876	58	measured
76	100	87130000	87370000	0.001443055657	38	measured
76	101	87130000	87380000	0.001729652136	57	measured
76	102	87130000	87390000	0.001372111526	43	measured
76	103	87130000	87400000	0.001705047656	52	measured
76	104	87130000	87410000	0.001746921512	57	measured
77	77	87140000	87140000	0.07894594182	2326	measured
77	78	87140000	87150000	0.02681829833	591	measured
77	79	87140000	87160000	0.01146382865	367	measured
77	80	87140000	87170000	0.01026786413	190	measured
77	81	87140000	87180000	0.006919892963	233	measured
77	82	87140000	87190000	0.006010765983	175	measured
77	83	87140000	87200000	0.006467369506	141	measured
77	84	87140000	87210000	0.007323868581	286	measured
77	85	87140000	87220000	0.007997396197	282	measured
77	86	87140000	87230000	0.006570358716	208	measured
77	87	87140000	87240000	0.004034819331	81	measured
77	88	87140000	87250000	0.003762747309	71	measured
77	89	87140000	87260000	0.002915528942	84	measured
77	90	87140000	87270000	0.003252181351	73	measured
77	91	87140000	87280000	0.002111320155	71	measured
77	92	87140000	87290000	0.00212497748	63	measured
77	93	87140000	87300000	0.002097956446	48	measured
77	94	87140000	87310000	0.001928104607	66	measured
77	95	87140000	87320000	0.001997555305	50	measured
77	96	87140000	87330000	0.002184691001	61	measured
77	97	87140000	87340000	0.001993624889	59	measured
77	98	87140000	87350000	0.001565654303	37	measured
77	99	87140000	87360000	0.001876265696	62	measured
77	100	87140000	87370000	0.001873514553	45	measured
77	101	87140000	87380000	0.001829749654	55	measured
77	102	87140000	87390000	0.001539283824	44	measured
77	103	87140000	87400000	0.002013104305	56	measured
77	104	87140000	87410000	0.00228482279	68	measured
77	105	87140000	87420000	0.001840971392	54	measured
78	78	87150000	87150000	0.08784882067	1448	measured
78	79	87150000	87160000	0.03274185805	784	measured
78	80	87150000	87170000	0.01878553194	260	measured
78	81	87150000	87180000	0.01465188357	369	measured
78	82	87150000	87190000	0.01272023625	277	measured
78	83	87150000	87200000	0.01208087595	197	measured
78	84	87150000	87210000	0.01307860759	382	measured
78	85	87150000	87220000	0.009592761825	253	measured
78	86	87150000	87230000	0.008868877937	210	measured
78	87	87150000	87240000	0.005527653396	83	measured
78	88	87150000	87250000	0.003613603667	51	measured
78	89	87150000	87260000	0.003619564421	78	measured
78	90	87150000	87270000	0.003216394359	54	measured
78	91	87150000	87280000	0.003180602302	80	measured
78	92	87150000	87290000	0.001894029373	42	measured
78	93	87150000	87300000	0.002804917582	48	measured
78	94	87150000	87310000	0.002577829738	66	measured
78	95	87150000	87320000	0.002350201621	44	measured
78	96	87150000	87330000	0.002585696703	54	measured
78	97	87150000	87340000	0.002439544992	54	measured
78	98	87150000	87350000	0.001866945881	33	measured
78	99	87150000	87360000	0.002063461936	51	measured
78	100	87150000	87370000	0.001948212109	35	measured
78	101	87150000	87380000	0.001512277665	34	measured
78	102	87150000	87390000	0.001917668448	41	measured
78	103	87150000	87400000	0.002066666231	43	measured
78	104	87150000	87410000	0.001886759462	42	measured
78	105	87150000	87420000	0.001868791171	41	measured
78	106	87150000	87430000	0.002097321617	55	measured
79	79	87160000	87160000	0.08382907291	2916	measured
79	80	87160000	87170000	0.04535914633	912	measured
79	81	87160000	87180000	0.02552900297	934	measured
79	82	87160000	87190000	0.01757559695	556	measured
79	83	87160000	87200000	0.0159989431	379	measured
79	84	87160000	87210000	0.01310366625	556	measured
79	85	87160000	87220000	0.009891957353	379	measured
79	86	87160000	87230000	0.009448277252	325	measured
79	87	87160000	87240000	0.005455437156	119	measured
79	88	87160000	87250000	0.003901936649	80	measured
79	89	87160000	87260000	0.003609607965	113	measured
79	90	87160000	87270000	0.002952078578	72	measured
79	91	87160000	87280000	0.002572569523	94	measured
79	92	87160000	87290000	0.002172978075	70	measured
79	93	87160000	87300000	0.002574416002	64	measured
79	94	87160000	87310000	0.003253235846	121	measured
79	95	87160000	87320000	0.002426700979	66	measured
79	96	87160000	87330000	0.00273578396	83	measured
79	97	87160000	87340000	0.003234210602	104	measured
79	98	87160000	87350000	0.001986130817	51	measured
79	99	87160000	87360000	0.002367364313	85	measured
79	100	87160000	87370000	0.002030785008	53	measured
79	101	87160000	87380000	0.002204474108	72	measured
79	102	87160000	87390000	0.002221563041	69	measured
79	103	87160000	87400000	0.002018141474	61	measured
79	104	87160000	87410000	0.002442947998	79	measured
79	105	87160000	87420000	0.0026355793	84	measured
79	106	87160000	87430000	0.002572458067	98	measured
79	107	87160000	87440000	0.002145999373	62	measured
80	80	87170000	87170000	0.1157324665	1345	measured
80	81	87170000	87180000	0.03920165468	829	measured
80	82	87170000	87190000	0.0239536828	438	measured
80	83	87170000	87200000	0.01913446243	262	measured
80	84	87170000	87210000	0.01524939185	374	measured
80	85	87170000	87220000	0.01083720173	240	measured
80	86	87170000	87230000	0.00965680334	192	measured
80	87	87170000	87240000	0.005313984571	67	measured
80	88	87170000	87250000	0.005231723787	62	measured
80	89	87170000	87260000	0.003647442203	66	measured
80	90	87170000	87270000	0.002695515938	38	measured
80	91	87170000	87280000	0.002651491165	56	measured
80	92	87170000	87290000	0.003222340615	60	measured
80	93	87170000	87300000	0.002574917785	37	measured
80	94	87170000	87310000	0.002790900282	60	measured
80	95	87170000	87320000	0.003053349073	48	measured
80	96	87170000	87330000	0.002680183043	47	measured
80	97	87170000	87340000	0.002690096454	50	measured
80	98	87170000	87350000	0.002425509976	36	measured
80	99	87170000	87360000	0.002650157902	55	measured
80	100	87170000	87370000	0.002585327564	39	measured
80	101	87170000	87380000	0.002542591752	48	measured
80	102	87170000	87390000	0.002339492902	42	measured
80	103	87170000	87400000	0.002518473233	44	measured
80	104	87170000	87410000	0.003049473596	57	measured
80	105	87170000	87420000	0.002062734294	38	measured
80	106	87170000	87430000	0.001998194667	44	measured
80	107	87170000	87440000	0.002335422171	39	measured
80	108	87170000	87450000	0.001957076127	35	measured
81	81	87180000	87180000	0.07788495168	2997	measured
81	82	87180000	87190000	0.04012327671	1335	measured
81	83	87180000	87200000	0.02347944268	585	measured
81	84	87180000	87210000	0.01503558693	671	measured
81	85	87180000	87220000	0.01079473826	435	measured
81	86	87180000	87230000	0.009674246441	350	measured
81	87	87180000	87240000	0.006407369429	147	measured
81	88	87180000	87250000	0.005286581264	114	measured
81	89	87180000	87260000	0.003796395413	125	measured
81	90	87180000	87270000	0.00311863995	80	measured
81	91	87180000	87280000	0.003044422778	117	measured
81	92	87180000	87290000	0.002361169287	80	measured
81	93	87180000	87300000	0.002256475373	59	measured
81	94	87180000	87310000	0.00232622332	91	measured
81	95	87180000	87320000	0.002237340777	64	measured
81	96	87180000	87330000	0.002789160765	89	measured
81	97	87180000	87340000	0.002749778677	93	measured
81	98	87180000	87350000	0.002369722445	64	measured
81	99	87180000	87360000	0.002383244033	90	measured
81	100	87180000	87370000	0.002440859131	67	measured
81	101	87180000	87380000	0.001746640759	60	measured
81	102	87180000	87390000	0.002571394266	84	measured
81	103	87180000	87400000	0.002422101462	77	measured
81	104	87180000	87410000	0.002616718302	89	measured
81	105	87180000	87420000	0.002505854913	84	measured
81	106	87180000	87430000	0.002171307414	87	measured
81	107	87180000	87440000	0.002172009252	66	measured
81	108	87180000	87450000	0.001843774775	60	measured
81	109	87180000	87460000	0.001646431603	45	measured
82	82	87190000	87190000	0.07775519713	2237	measured
82	83	87190000	87200000	0.05022356006	1082	measured
82	84	87190000	87210000	0.02205340947	851	measured
82	85	87190000	87220000	0.01294338045	451	measured
82	86	87190000	87230000	0.009973601492	312	measured
82	87	87190000	87240000	0.006099526405	121	measured
82	88	87190000	87250000	0.004880448888	91	measured
82	89	87190000	87260000	0.003547571164	101	measured
82	90	87190000	87270000	0.002840299359	63	measured
82	91	87190000	87280000	0.002708382044	90	measured
82	92	87190000	87290000	0.002833110713	83	measured
82	93	87190000	87300000	0.002521167834	57	measured
82	94	87190000	87310000	0.002660730192	90	measured
82	95	87190000	87320000	0.002587500565	64	measured
82	96	87190000	87330000	0.00315319703	87	measured
82	97	87190000	87340000	0.003282723769	96	measured
82	98	87190000	87350000	0.002398025795	56	measured
82	99	87190000	87360000	0.002143741228	70	measured
82	100	87190000	87370000	0.002317282159	55	measured
82	101	87190000	87380000	0.001885335662	56	measured
82	102	87190000	87390000	0.002124168435	60	measured
82	103	87190000	87400000	0.002437388315	67	measured
82	104	87190000	87410000	0.003026253379	89	measured
82	105	87190000	87420000	0.002001026983	58	measured
82	106	87190000	87430000	0.002020451445	70	measured
82	107	87190000	87440000	0.002169406347	57	measured
82	108	87190000	87450000	0.001812487876	51	measured
82	109	87190000	87460000	0.002454186082	58	measured
82	110	87190000	87470000	0.002239479715	77	measured
83	83	87200000	87200000	0.1325890957	2139	measured
83	84	87200000	87210000	0.03169994038	916	measured
83	85	87200000	87220000	0.01579011095	412	measured
83	86	87200000	87230000	0.01191018237	279	measured
83	87	87200000	87240000	0.006933695428	103	measured
83	88	87200000	87250000	0.00544313066	76	measured
83	89	87200000	87260000	0.004127710263	88	measured
83	90	87200000	87270000	0.003612364848	60	measured
83	91	87200000	87280000	0.00329532353	82	measured
83	92	87200000	87290000	0.002689392914	59	measured
83	93	87200000	87300000	0.002244539689	38	measured
83	94	87200000	87310000	0.003118905457	79	measured
83	95	87200000	87320000	0.003293419898	61	measured
83	96	87200000	87330000	0.003097623432	64	measured
83	97	87200000	87340000	0.003105194513	68	measured
83	98	87200000	87350000	0.002859253217	50	measured
83	99	87200000	87360000	0.002862787756	70	measured
83	100	87200000	87370000	0.002138043888	38	measured
83	101	87200000	87380000	0.002023158742	45	measured
83	102	87200000	87390000	0.003403979905	72	measured
83	103	87200000	87400000	0.002623375586	54	measured
83	104	87200000	87410000	0.002361214356	52	measured
83	105	87200000	87420000	0.002718277271	59	measured
83	106	87200000	87430000	0.002967958978	77	measured
83	107	87200000	87440000	0.002642933192	52	measured
83	108	87200000	87450000	0.001898373733	40	measured
83	109	87200000	87460000	0.001977717837	35	measured
83	110	87200000	87470000	0.002563404451	66	measured
84	84	87210000	87210000	0.06710172777	3473	measured
84	85	87210000	87220000	0.02574065185	1203	measured
84	86	87210000	87230000	0.01410918287	592	measured
84	87	87210000	87240000	0.007103220363	189	measured
84	88	87210000	87250000	0.005797878595	145	measured
84	89	87210000	87260000	0.004425671608	169	measured
84	90	87210000	87270000	0.00386548636	115	measured
84	91	87210000	87280000	0.003387872846	151	measured
84	92	87210000	87290000	0.003079311066	121	measured
84	93	87210000	87300000	0.00267112775	81	measured
84	94	87210000	87310000	0.003548680848	161	measured
84	95	87210000	87320000	0.003617132883	120	measured
84	96	87210000	87330000	0.003512836583	130	measured
84	97	87210000	87340000	0.00441054186	173	measured
84	98	87210000	87350000	0.003192629791	100	measured
84	99	87210000	87360000	0.002602926531	114	measured
84	100	87210000	87370000	0.002324506081	74	measured
84	101	87210000	87380000	0.002585357579	103	measured
84	102	87210000	87390000	0.002137988957	81	measured
84	103	87210000	87400000	0.002739391061	101	measured
84	104	87210000	87410000	0.002763277604	109	measured
84	105	87210000	87420000	0.003035216658	118	measured
84	106	87210000	87430000	0.002345630578	109	measured
84	107	87210000	87440000	0.00340510129	120	measured
84	108	87210000	87450000	0.00211971591	80	measured
84	109	87210000	87460000	0.002807709946	89	measured
84	110	87210000	87470000	0.003014074249	139	measured
85	85	87220000	87220000	0.07227344336	3050	measured
85	86	87220000	87230000	0.03626535077	1374	measured
85	87	87220000	87240000	0.01473403644	354	measured
85	88	87220000	87250000	0.009432041703	213	measured
85	89	87220000	87260000	0.007627342055	263	measured
85	90	87220000	87270000	0.006439874468	173	measured
85	91	87220000	87280000	0.005714825641	230	measured
85	92	87220000	87290000	0.005129376458	182	measured
85	93	87220000	87300000	0.004601560954	126	measured
85	94	87220000	87310000	0.003905584542	160	measured
85	95	87220000	87320000	0.004239473575	127	measured
85	96	87220000	87330000	0.004279328498	143	measured
85	97	87220000	87340000	0.003980979596	141	measured
85	98	87220000	87350000	0.003182116424	90	measured
85	99	87220000	87360000	0.003337766749	132	measured
85	100	87220000	87370000	0.00285257987	82	measured
85	101	87220000	87380000	0.003307922676	119	measured
85	102	87220000	87390000	0.003595427569	123	measured
85	103	87220000	87400000	0.003213967139	107	measured
85	104	87220000	87410000	0.004828936116	172	measured
85	105	87220000	87420000	0.003760162509	132	measured
85	106	87220000	87430000	0.0031934705	134	measured
85	107	87220000	87440000	0.003362463361	107	measured
85	108	87220000	87450000	0.003110416389	106	measured
85	109	87220000	87460000	0.002864844671	82	measured
85	110	87220000	87470000	0.003049775429	127	measured
86	86	87230000	87230000	0.07796593866	2652	measured
86	87	87230000	87240000	0.0251271948	542	measured
86	88	87230000	87250000	0.01524090762	309	measured
86	89	87230000	87260000	0.0103046774	319	measured
86	90	87230000	87270000	0.008582778144	207	measured
86	91	87230000	87280000	0.0063654517	230	measured
86	92	87230000	87290000	0.006498150628	207	measured
86	93	87230000	87300000	0.005084765041	125	measured
86	94	87230000	87310000	0.004567742201	168	measured
86	95	87230000	87320000	0.004350311105	117	measured
86	96	87230000	87330000	0.003966548714	119	measured
86	97	87230000	87340000	0.003648002025	116	measured
86	98	87230000	87350000	0.003189956913	81	measured
86	99	87230000	87360000	0.004027581456	143	measured
86	100	87230000	87370000	0.003293586918	85	measured
86	101	87230000	87380000	0.002724691284	88	measured
86	102	87230000	87390000	0.003744290324	115	measured
86	103	87230000	87400000	0.003981354585	119	measured
86	104	87230000	87410000	0.004596916237	147	measured
86	105	87230000	87420000	0.004410356809	139	measured
86	106	87230000	87430000	0.003158866806	119	measured
86	107	87230000	87440000	0.003010221663	86	measured
86	108	87230000	87450000	0.002941585108	90	measured
86	109	87230000	87460000	0.002529454238	65	measured
87	87	87240000	87240000	0.1067359952	1460	measured
87	88	87240000	87250000	0.02986736461	384	measured
87	89	87240000	87260000	0.01701388574	334	measured
87	90	87240000	87270000	0.01248832627	191	measured
87	91	87240000	87280000	0.01051796598	241	measured
87	92	87240000	87290000	0.008613546547	174	measured
87	93	87240000	87300000	0.006799548406	106	measured
87	94	87240000	87310000	0.004759141415	111	measured
87	95	87240000	87320000	0.003987096021	68	measured
87	96	87240000	87330000	0.003889653175	74	measured
87	97	87240000	87340000	0.003620205882	73	measured
87	98	87240000	87350000	0.004471421622	72	measured
87	99	87240000	87360000	0.002842507355	64	measured
87	100	87240000	87370000	0.003788394704	62	measured
87	101	87240000	87380000	0.003661923115	75	measured
87	102	87240000	87390000	0.003748071468	73	measured
87	103	87240000	87400000	0.004115208344	78	measured
87	104	87240000	87410000	0.004734060639	96	measured
87	105	87240000	87420000	0.004603202512	92	measured
87	106	87240000	87430000	0.003390647952	81	measured
87	107	87240000	87440000	0.003477394021	63	measured
87	108	87240000	87450000	0.002319341776	45	measured
88	88	87250000	87250000	0.1278503126	1545	measured
88	89	87250000	87260000	0.03761180248	694	measured
88	90	87250000	87270000	0.01746032092	251	measured
88	91	87250000	87280000	0.01420835425	306	measured
88	92	87250000	87290000	0.009585433881	182	measured
88	93	87250000	87300000	0.006961166276	102	measured
88	94	87250000	87310000	0.00556510154	122	measured
88	95	87250000	87320000	0.004740989632	76	measured
88	96	87250000	87330000	0.003523119219	63	measured
88	97	87250000	87340000	0.004273690422	81	measured
88	98	87250000	87350000	0.003766132653	57	measured
88	99	87250000	87360000	0.003969250794	84	measured
88	100	87250000	87370000	0.003835510483	59	measured
88	101	87250000	87380000	0.004311552531	83	measured
88	102	87250000	87390000	0.004151511322	76	measured
88	103	87250000	87400000	0.005500864301	98	measured
88	104	87250000	87410000	0.005194041428	99	measured
88	105	87250000	87420000	0.004578026861	86	measured
88	106	87250000	87430000	0.003429225442	77	measured
88	107	87250000	87440000	0.001996640618	34	measured
89	89	87260000	87260000	0.08376605161	2360	measured
89	90	87260000	87270000	0.02911191163	639	measured
89	91	87260000	87280000	0.01733359207	570	measured
89	92	87260000	87290000	0.01262446083	366	measured
89	93	87260000	87300000	0.009341561723	209	measured
89	94	87260000	87310000	0.006363326853	213	measured
89	95	87260000	87320000	0.006577678691	161	measured
89	96	87260000	87330000	0.004688005641	128	measured
89	97	87260000	87340000	0.004319360172	125	measured
89	98	87260000	87350000	0.004024343765	93	measured
89	99	87260000	87360000	0.003868393395	125	measured
89	100	87260000	87370000	0.003916970995	92	measured
89	101	87260000	87380000	0.004558812743	134	measured
89	102	87260000	87390000	0.004901224179	137	measured
89	103	87260000	87400000	0.004999598512	136	measured
89	104	87260000	87410000	0.005841313321	170	measured
89	105	87260000	87420000	0.00519466469	149	measured
89	106	87260000	87430000	0.003558414281	122	measured
90	90	87270000	87270000	0.1082990564	1852	measured
90	91	87270000	87280000	0.03536354041	906	measured
90	92	87270000	87290000	0.01704536507	385	measured
90	93	87270000	87300000	0.01181827921	206	measured
90	94	87270000	87310000	0.007860900751	205	measured
90	95	87270000	87320000	0.006240330114	119	measured
90	96	87270000	87330000	0.004654008526	99	measured
90	97	87270000	87340000	0.004169184208	94	measured
90	98	87270000	87350000	0.005831969529	105	measured
90	99	87270000	87360000	0.004131119743	104	measured
90	100	87270000	87370000	0.004863695293	89	measured
90	101	87270000	87380000	0.004235771399	97	measured
90	102	87270000	87390000	0.004913394122	107	measured
90	103	87270000	87400000	0.00594539332	126	measured
90	104	87270000	87410000	0.006439145822	146	measured
90	105	87270000	87420000	0.004877660548	109	measured
91	91	87280000	87280000	0.07162194815	2749	measured
91	92	87280000	87290000	0.03256649518	1102	measured
91	93	87280000	87300000	0.01531760503	400	measured
91	94	87280000	87310000	0.01000781018	391	measured
91	95	87280000	87320000	0.007770651418	222	measured
91	96	87280000	87330000	0.006464025339	206	measured
91	97	87280000	87340000	0.005388134999	182	measured
91	98	87280000	87350000	0.00493084599	133	measured
91	99	87280000	87360000	0.00495815273	187	measured
91	100	87280000	87370000	0.004669067708	128	measured
91	101	87280000	87380000	0.005246590086	180	measured
91	102	87280000	87390000	0.005762348541	188	measured
91	103	87280000	87400000	0.006803112407	216	measured
91	104	87280000	87410000	0.006947543224	236	measured
92	92	87290000	87290000	0.08681749071	2590	measured
92	93	87290000	87300000	0.02467159623	568	measured
92	94	87290000	87310000	0.01265805064	436	measured
92	95	87290000	87320000	0.007464149681	188	measured
92	96	87290000	87330000	0.006264213271	176	measured
92	97	87290000	87340000	0.006078041945	181	measured
92	98	87290000	87350000	0.006139608666	146	measured
92	99	87290000	87360000	0.005714127578	190	measured
92	100	87290000	87370000	0.005958003196	144	measured
92	101	87290000	87380000	0.005818825516	176	measured
92	102	87290000	87390000	0.007161878222	206	measured
92	103	87290000	87400000	0.006752020271	189	measured
93	93	87300000	87300000	0.1103180134	1960	measured
93	94	87300000	87310000	0.0299457266	796	measured
93	95	87300000	87320000	0.01389081421	270	measured
93	96	87300000	87330000	0.01014654057	220	measured
93	97	87300000	87340000	0.00752787968	173	measured
93	98	87300000	87350000	0.008664158866	159	measured
93	99	87300000	87360000	0.007443396378	191	measured
93	100	87300000	87370000	0.00729152881	136	measured
93	101	87300000	87380000	0.007240204271	169	measured
93	102	87300000	87390000	0.008064068174	179	measured
94	94	87310000	87310000	0.06902327514	2745	measured
94	95	87310000	87320000	0.02936657078	854	measured
94	96	87310000	87330000	0.01584491307	514	measured
94	97	87310000	87340000	0.01340784306	461	measured
94	98	87310000	87350000	0.01059872681	291	measured
94	99	87310000	87360000	0.00906459594	348	measured
94	100	87310000	87370000	0.01021306214	285	measured
94	101	87310000	87380000	0.00967859331	338	measured
95	95	87320000	87320000	0.1029868159	2190	measured
95	96	87320000	87330000	0.04443339565	1054	measured
95	97	87320000	87340000	0.02259167747	568	measured
95	98	87320000	87350000	0.01364751005	274	measured
95	99	87320000	87360000	0.01196880068	336	measured
95	100	87320000	87370000	0.0100953292	206	measured
96	96	87330000	87330000	0.08181975419	2165	measured
96	97	87330000	87340000	0.03583418917	1005	measured
96	98	87330000	87350000	0.01803913057	404	measured
96	99	87330000	87360000	0.01331615338	417	measured
97	97	87340000	87340000	0.07868518905	2339	measured
97	98	87340000	87350000	0.03092157077	734	measured
