chrom,pos,reason,BD1_caller_support,BD2_ctcf_v10,BD3_rad21_v10,BD4_loop_anchor,D_tier_v10,D_tier_v11,not_assessable_criteria_v11,package
1,2725000,assembly_gap,weak,none,none,none,D1,D1,"BD2,BD3",GM12878_25kb
1,12975000,assembly_gap,weak,none,none,none,D1,D1,"BD2,BD3",GM12878_25kb
1,16800000,assembly_gap,weak,none,none,none,D1,D1,"BD2,BD3",GM12878_25kb
1,16825000,assembly_gap,weak,none,none,none,D1,D1,"BD2,BD3",GM12878_25kb
1,122500000,assembly_gap+encode_blacklist,weak,none,none,none,D1,D1,"BD2,BD3",GM12878_25kb
1,124775000,assembly_gap+encode_blacklist,weak,none,none,none,D1,D1,"BD2,BD3",GM12878_25kb
1,143175000,assembly_gap,weak,none,none,none,D1,D1,"BD2,BD3",GM12878_25kb
1,143275000,encode_blacklist,weak,none,none,none,D1,D1,"BD2,BD3",GM12878_25kb
1,223575000,assembly_gap,weak,none,none,none,D1,D1,"BD2,BD3",GM12878_25kb
1,223600000,assembly_gap,weak,none,none,none,D1,D1,"BD2,BD3",GM12878_25kb
1,248950000,assembly_gap,strong,none,none,none,D3,D3,"BD2,BD3",GM12878_25kb
2,0,assembly_gap,moderate,weak,none,none,D3,D3,"BD2,BD3",GM12878_25kb
2,89700000,assembly_gap,weak,none,none,none,D1,D1,"BD2,BD3",GM12878_25kb
2,89750000,assembly_gap,weak,none,none,none,D1,D1,"BD2,BD3",GM12878_25kb
2,91400000,assembly_gap,weak,none,none,none,D1,D1,"BD2,BD3",GM12878_25kb
2,91800000,assembly_gap,weak,none,none,none,D1,D1,"BD2,BD3",GM12878_25kb
2,91825000,assembly_gap,weak,none,none,none,D1,D1,"BD2,BD3",GM12878_25kb
2,91975000,assembly_gap,weak,none,none,none,D1,D1,"BD2,BD3",GM12878_25kb
2,92000000,assembly_gap,weak,none,none,none,D1,D1,"BD2,BD3",GM12878_25kb
2,94175000,assembly_gap+encode_blacklist,weak,none,none,none,D1,D1,"BD2,BD3",GM12878_25kb
2,94300000,assembly_gap,weak,none,none,none,D1,D1,"BD2,BD3",GM12878_25kb
2,94500000,assembly_gap+encode_blacklist,weak,none,none,none,D1,D1,"BD2,BD3",GM12878_25kb
2,94525000,assembly_gap+encode_blacklist,weak,none,none,none,D1,D1,"BD2,BD3",GM12878_25kb
2,94575000,assembly_gap,weak,none,none,none,D1,D1,"BD2,BD3",GM12878_25kb
2,94825000,assembly_gap,weak,none,none,none,D1,D1,"BD2,BD3",GM12878_25kb
2,94950000,assembly_gap,weak,weak,none,none,D2,D1,"BD2,BD3",GM12878_25kb
2,94975000,assembly_gap,weak,moderate,weak,moderate,D3,D3,"BD2,BD3",GM12878_25kb
2,95125000,assembly_gap,weak,weak,none,moderate,D3,D3,"BD2,BD3",GM12878_25kb
2,95150000,assembly_gap,weak,none,none,none,D1,D1,"BD2,BD3",GM12878_25kb
2,95175000,assembly_gap,weak,weak,none,none,D2,D1,"BD2,BD3",GM12878_25kb
2,95225000,assembly_gap,weak,weak,weak,none,D2,D1,"BD2,BD3",GM12878_25kb
2,95325000,assembly_gap,weak,moderate,none,none,D3,D1,"BD2,BD3",GM12878_25kb
2,95400000,assembly_gap,weak,moderate,none,none,D3,D1,"BD2,BD3",GM12878_25kb
2,95425000,assembly_gap,weak,none,none,none,D1,D1,"BD2,BD3",GM12878_25kb
2,95475000,assembly_gap,weak,none,none,none,D1,D1,"BD2,BD3",GM12878_25kb
2,95600000,assembly_gap,weak,none,none,none,D1,D1,"BD2,BD3",GM12878_25kb
2,95650000,assembly_gap,weak,none,none,none,D1,D1,"BD2,BD3",GM12878_25kb
2,95750000,assembly_gap,moderate,none,none,none,D3,D3,"BD2,BD3",GM12878_25kb
2,95775000,assembly_gap,strong,none,none,none,D3,D3,"BD2,BD3",GM12878_25kb
2,95800000,assembly_gap,moderate,none,none,none,D3,D3,"BD2,BD3",GM12878_25kb
2,95950000,assembly_gap,strong,none,none,moderate,D4,D4,"BD2,BD3",GM12878_25kb
2,95975000,assembly_gap,strong,none,none,moderate,D4,D4,"BD2,BD3",GM12878_25kb
3,0,assembly_gap,moderate,none,none,none,D3,D3,"BD2,BD3",GM12878_25kb
3,87975000,assembly_gap,weak,none,none,strong,D3,D3,"BD2,BD3",GM12878_25kb
3,88000000,assembly_gap,weak,none,moderate,strong,D3,D3,"BD2,BD3",GM12878_25kb
3,88175000,assembly_gap,strong,weak,none,strong,D5,D5,"BD2,BD3",GM12878_25kb
3,88200000,assembly_gap,strong,moderate,moderate,strong,D5,D5,"BD2,BD3",GM12878_25kb
3,88475000,assembly_gap,weak,none,none,none,D1,D1,"BD2,BD3",GM12878_25kb
3,88625000,assembly_gap,weak,none,none,none,D1,D1,"BD2,BD3",GM12878_25kb
3,88800000,assembly_gap,weak,none,none,none,D1,D1,"BD2,BD3",GM12878_25kb
3,88975000,assembly_gap,weak,none,none,none,D1,D1,"BD2,BD3",GM12878_25kb
3,89100000,assembly_gap,moderate,moderate,none,moderate,D4,D4,"BD2,BD3",GM12878_25kb
3,89125000,assembly_gap,moderate,none,none,moderate,D4,D4,"BD2,BD3",GM12878_25kb
3,89175000,assembly_gap,weak,none,none,none,D1,D1,"BD2,BD3",GM12878_25kb
3,89275000,assembly_gap,weak,none,none,none,D1,D1,"BD2,BD3",GM12878_25kb
3,89350000,assembly_gap,weak,none,none,none,D1,D1,"BD2,BD3",GM12878_25kb
3,89425000,assembly_gap,weak,none,none,none,D1,D1,"BD2,BD3",GM12878_25kb
3,89550000,assembly_gap,weak,none,none,none,D1,D1,"BD2,BD3",GM12878_25kb
3,89600000,assembly_gap,weak,none,none,none,D1,D1,"BD2,BD3",GM12878_25kb
3,89625000,assembly_gap,weak,none,none,none,D1,D1,"BD2,BD3",GM12878_25kb
3,89875000,assembly_gap,weak,none,none,none,D1,D1,"BD2,BD3",GM12878_25kb
3,90100000,assembly_gap,weak,none,none,none,D1,D1,"BD2,BD3",GM12878_25kb
3,90175000,assembly_gap,weak,none,none,none,D1,D1,"BD2,BD3",GM12878_25kb
3,90200000,assembly_gap,weak,none,none,none,D1,D1,"BD2,BD3",GM12878_25kb
3,90300000,assembly_gap+encode_blacklist,weak,none,none,none,D1,D1,"BD2,BD3",GM12878_25kb
3,90325000,assembly_gap+encode_blacklist,weak,none,none,none,D1,D1,"BD2,BD3",GM12878_25kb
3,90475000,assembly_gap+encode_blacklist,weak,none,none,none,D1,D1,"BD2,BD3",GM12878_25kb
3,91300000,assembly_gap,weak,none,none,none,D1,D1,"BD2,BD3",GM12878_25kb
3,91475000,assembly_gap,weak,none,none,none,D1,D1,"BD2,BD3",GM12878_25kb
3,91500000,assembly_gap,weak,none,none,none,D1,D1,"BD2,BD3",GM12878_25kb
3,93800000,assembly_gap+encode_blacklist,strong,none,none,none,D3,D3,"BD2,BD3",GM12878_25kb
3,93900000,assembly_gap,weak,none,none,none,D1,D1,"BD2,BD3",GM12878_25kb
3,93925000,assembly_gap,weak,none,none,none,D1,D1,"BD2,BD3",GM12878_25kb
3,93975000,assembly_gap,weak,none,none,none,D1,D1,"BD2,BD3",GM12878_25kb
3,94125000,assembly_gap,weak,none,none,none,D1,D1,"BD2,BD3",GM12878_25kb
3,94150000,assembly_gap,weak,none,none,none,D1,D1,"BD2,BD3",GM12878_25kb
3,94200000,assembly_gap,strong,none,none,moderate,D4,D4,"BD2,BD3",GM12878_25kb
3,94225000,assembly_gap,strong,none,moderate,moderate,D4,D4,"BD2,BD3",GM12878_25kb
3,94325000,assembly_gap,weak,none,none,none,D1,D1,"BD2,BD3",GM12878_25kb
3,94350000,assembly_gap,weak,none,none,none,D1,D1,"BD2,BD3",GM12878_25kb
3,94750000,assembly_gap,weak,none,none,none,D1,D1,"BD2,BD3",GM12878_25kb
3,94825000,assembly_gap,weak,none,none,none,D1,D1,"BD2,BD3",GM12878_25kb
3,94850000,assembly_gap,weak,none,none,none,D1,D1,"BD2,BD3",GM12878_25kb
3,94875000,assembly_gap,weak,none,none,none,D1,D1,"BD2,BD3",GM12878_25kb
3,94900000,assembly_gap,weak,none,none,none,D1,D1,"BD2,BD3",GM12878_25kb
3,94925000,assembly_gap,moderate,none,none,none,D3,D3,"BD2,BD3",GM12878_25kb
3,94950000,assembly_gap,weak,none,none,none,D1,D1,"BD2,BD3",GM12878_25kb
3,95000000,assembly_gap,weak,none,none,none,D1,D1,"BD2,BD3",GM12878_25kb
3,95100000,assembly_gap,weak,none,none,none,D1,D1,"BD2,BD3",GM12878_25kb
3,95150000,assembly_gap,weak,none,none,none,D1,D1,"BD2,BD3",GM12878_25kb
3,95325000,assembly_gap,weak,none,none,none,D1,D1,"BD2,BD3",GM12878_25kb
3,95350000,assembly_gap,weak,none,none,none,D1,D1,"BD2,BD3",GM12878_25kb
3,95525000,assembly_gap,weak,none,none,none,D1,D1,"BD2,BD3",GM12878_25kb
3,95550000,assembly_gap,weak,none,none,none,D1,D1,"BD2,BD3",GM12878_25kb
3,95725000,assembly_gap,moderate,none,none,none,D3,D3,"BD2,BD3",GM12878_25kb
3,95750000,assembly_gap,strong,none,none,none,D3,D3,"BD2,BD3",GM12878_25kb
3,95775000,assembly_gap,moderate,none,none,none,D3,D3,"BD2,BD3",GM12878_25kb
3,95900000,assembly_gap,weak,none,none,none,D1,D1,"BD2,BD3",GM12878_25kb
3,96000000,assembly_gap,weak,none,none,none,D1,D1,"BD2,BD3",GM12878_25kb
3,96050000,assembly_gap,weak,none,none,none,D1,D1,"BD2,BD3",GM12878_25kb
3,96175000,assembly_gap,weak,none,none,none,D1,D1,"BD2,BD3",GM12878_25kb
3,96200000,assembly_gap,weak,none,none,none,D1,D1,"BD2,BD3",GM12878_25kb
3,96250000,assembly_gap,weak,none,none,none,D1,D1,"BD2,BD3",GM12878_25kb
3,96275000,assembly_gap,weak,none,none,none,D1,D1,"BD2,BD3",GM12878_25kb
3,96300000,assembly_gap,weak,none,none,none,D1,D1,"BD2,BD3",GM12878_25kb
3,96550000,assembly_gap,weak,none,none,none,D1,D1,"BD2,BD3",GM12878_25kb
3,96650000,assembly_gap,weak,none,none,none,D1,D1,"BD2,BD3",GM12878_25kb
3,96700000,assembly_gap,weak,none,none,none,D1,D1,"BD2,BD3",GM12878_25kb
3,96800000,assembly_gap,moderate,weak,none,moderate,D4,D4,"BD2,BD3",GM12878_25kb
3,96825000,assembly_gap,strong,weak,none,moderate,D4,D4,"BD2,BD3",GM12878_25kb
3,96850000,assembly_gap,strong,weak,none,moderate,D4,D4,"BD2,BD3",GM12878_25kb
3,96875000,assembly_gap,moderate,none,none,none,D3,D3,"BD2,BD3",GM12878_25kb
3,97150000,assembly_gap,weak,none,none,none,D1,D1,"BD2,BD3",GM12878_25kb
3,97200000,assembly_gap,weak,none,none,none,D1,D1,"BD2,BD3",GM12878_25kb
3,97225000,assembly_gap,weak,none,none,none,D1,D1,"BD2,BD3",GM12878_25kb
3,97400000,assembly_gap,weak,none,none,none,D1,D1,"BD2,BD3",GM12878_25kb
3,97575000,assembly_gap,weak,none,none,none,D1,D1,"BD2,BD3",GM12878_25kb
3,97700000,assembly_gap,weak,weak,none,none,D2,D1,"BD2,BD3",GM12878_25kb
3,97725000,assembly_gap,strong,weak,none,none,D4,D3,"BD2,BD3",GM12878_25kb
3,97750000,assembly_gap,strong,none,none,strong,D5,D5,"BD2,BD3",GM12878_25kb
3,97950000,assembly_gap,weak,weak,weak,none,D2,D1,"BD2,BD3",GM12878_25kb
3,98000000,assembly_gap,strong,none,none,strong,D5,D5,"BD2,BD3",GM12878_25kb
3,98025000,assembly_gap,strong,strong,moderate,strong,D5,D5,"BD2,BD3",GM12878_25kb
3,98050000,assembly_gap,strong,moderate,moderate,strong,D5,D5,"BD2,BD3",GM12878_25kb
3,98325000,assembly_gap,moderate,weak,moderate,strong,D4,D4,"BD2,BD3",GM12878_25kb
3,98350000,assembly_gap,moderate,moderate,moderate,strong,D4,D4,"BD2,BD3",GM12878_25kb
3,98500000,assembly_gap,weak,none,none,moderate,D3,D3,"BD2,BD3",GM12878_25kb
3,98525000,assembly_gap,weak,none,weak,strong,D3,D3,"BD2,BD3",GM12878_25kb
3,98575000,assembly_gap,weak,moderate,moderate,strong,D3,D3,"BD2,BD3",GM12878_25kb
4,0,assembly_gap,weak,none,none,none,D1,D1,"BD2,BD3",GM12878_25kb
4,48300000,assembly_gap,weak,moderate,weak,moderate,D3,D3,"BD2,BD3",GM12878_25kb
4,48425000,assembly_gap,weak,none,none,moderate,D3,D3,"BD2,BD3",GM12878_25kb
4,48500000,assembly_gap,weak,none,none,none,D1,D1,"BD2,BD3",GM12878_25kb
4,48550000,assembly_gap,weak,weak,none,moderate,D3,D3,"BD2,BD3",GM12878_25kb
4,48575000,assembly_gap,weak,moderate,none,moderate,D3,D3,"BD2,BD3",GM12878_25kb
4,48975000,assembly_gap,weak,moderate,weak,strong,D3,D3,"BD2,BD3",GM12878_25kb
4,49050000,assembly_gap,moderate,none,none,none,D3,D3,"BD2,BD3",GM12878_25kb
4,49075000,assembly_gap,moderate,none,none,none,D3,D3,"BD2,BD3",GM12878_25kb
4,49175000,assembly_gap,weak,none,none,none,D1,D1,"BD2,BD3",GM12878_25kb
4,49200000,assembly_gap,weak,none,none,none,D1,D1,"BD2,BD3",GM12878_25kb
4,49275000,assembly_gap,weak,none,none,none,D1,D1,"BD2,BD3",GM12878_25kb
4,49325000,assembly_gap,weak,none,none,none,D1,D1,"BD2,BD3",GM12878_25kb
4,49550000,assembly_gap,weak,none,none,none,D1,D1,"BD2,BD3",GM12878_25kb
4,49600000,assembly_gap,weak,none,none,none,D1,D1,"BD2,BD3",GM12878_25kb
4,49675000,assembly_gap,weak,none,none,none,D1,D1,"BD2,BD3",GM12878_25kb
4,51800000,encode_blacklist,moderate,none,none,none,D3,D3,"BD2,BD3",GM12878_25kb
5,0,assembly_gap,moderate,none,none,none,D3,D3,"BD2,BD3",GM12878_25kb
5,45950000,encode_blacklist,weak,none,none,none,D1,D1,"BD2,BD3",GM12878_25kb
5,45975000,encode_blacklist,weak,none,none,none,D1,D1,"BD2,BD3",GM12878_25kb
5,46150000,assembly_gap+encode_blacklist,weak,none,none,none,D1,D1,"BD2,BD3",GM12878_25kb
5,46175000,assembly_gap+encode_blacklist,moderate,none,none,none,D3,D3,"BD2,BD3",GM12878_25kb
5,46200000,assembly_gap+encode_blacklist,weak,none,none,none,D1,D1,"BD2,BD3",GM12878_25kb
5,46425000,assembly_gap+encode_blacklist,weak,none,none,none,D1,D1,"BD2,BD3",GM12878_25kb
5,50150000,assembly_gap+encode_blacklist,weak,none,none,none,D1,D1,"BD2,BD3",GM12878_25kb
5,50225000,assembly_gap+encode_blacklist,weak,none,none,none,D1,D1,"BD2,BD3",GM12878_25kb
5,50250000,assembly_gap+encode_blacklist,weak,none,none,none,D1,D1,"BD2,BD3",GM12878_25kb
5,50275000,assembly_gap,weak,none,none,none,D1,D1,"BD2,BD3",GM12878_25kb
5,50325000,assembly_gap,weak,weak,none,none,D2,D1,"BD2,BD3",GM12878_25kb
5,50850000,assembly_gap,moderate,none,none,none,D3,D3,"BD2,BD3",GM12878_25kb
5,50875000,assembly_gap,moderate,none,none,none,D3,D3,"BD2,BD3",GM12878_25kb
5,50900000,assembly_gap,weak,none,none,none,D1,D1,"BD2,BD3",GM12878_25kb
5,50950000,assembly_gap,weak,moderate,strong,strong,D3,D3,"BD2,BD3",GM12878_25kb
5,51300000,assembly_gap,weak,none,none,none,D1,D1,"BD2,BD3",GM12878_25kb
5,51325000,assembly_gap,weak,none,none,none,D1,D1,"BD2,BD3",GM12878_25kb
5,51350000,assembly_gap,strong,none,none,none,D3,D3,"BD2,BD3",GM12878_25kb
5,51375000,assembly_gap,moderate,none,none,none,D3,D3,"BD2,BD3",GM12878_25kb
5,100050000,encode_blacklist,weak,none,none,none,D1,D1,"BD2,BD3",GM12878_25kb
5,134925000,encode_blacklist,strong,moderate,strong,strong,D5,D5,"BD2,BD3",GM12878_25kb
6,60225000,assembly_gap,weak,none,none,none,D1,D1,"BD2,BD3",GM12878_25kb
6,60250000,assembly_gap,strong,none,none,none,D3,D3,"BD2,BD3",GM12878_25kb
6,60275000,assembly_gap,moderate,none,none,none,D3,D3,"BD2,BD3",GM12878_25kb
6,60450000,assembly_gap,weak,none,none,none,D1,D1,"BD2,BD3",GM12878_25kb
6,60525000,assembly_gap,weak,none,none,none,D1,D1,"BD2,BD3",GM12878_25kb
6,60600000,assembly_gap,weak,none,none,none,D1,D1,"BD2,BD3",GM12878_25kb
6,60775000,assembly_gap,weak,none,none,none,D1,D1,"BD2,BD3",GM12878_25kb
6,60800000,assembly_gap,weak,none,none,none,D1,D1,"BD2,BD3",GM12878_25kb
6,61000000,assembly_gap,weak,none,none,none,D1,D1,"BD2,BD3",GM12878_25kb
6,61050000,assembly_gap,weak,none,none,none,D1,D1,"BD2,BD3",GM12878_25kb
6,61275000,assembly_gap,moderate,none,none,none,D3,D3,"BD2,BD3",GM12878_25kb
6,61300000,assembly_gap+encode_blacklist,strong,none,none,none,D3,D3,"BD2,BD3",GM12878_25kb
6,61325000,assembly_gap+encode_blacklist,moderate,none,none,none,D3,D3,"BD2,BD3",GM12878_25kb
6,61525000,assembly_gap,moderate,none,none,none,D3,D3,"BD2,BD3",GM12878_25kb
6,61550000,assembly_gap,moderate,none,none,none,D3,D3,"BD2,BD3",GM12878_25kb
6,61650000,assembly_gap,weak,none,none,none,D1,D1,"BD2,BD3",GM12878_25kb
6,61775000,assembly_gap,moderate,none,none,none,D3,D3,"BD2,BD3",GM12878_25kb
6,61800000,assembly_gap,moderate,none,none,none,D3,D3,"BD2,BD3",GM12878_25kb
6,62150000,assembly_gap,weak,none,none,none,D1,D1,"BD2,BD3",GM12878_25kb
6,62175000,assembly_gap,strong,none,none,none,D3,D3,"BD2,BD3",GM12878_25kb
6,62200000,assembly_gap,weak,none,none,none,D1,D1,"BD2,BD3",GM12878_25kb
6,62250000,assembly_gap,weak,none,none,none,D1,D1,"BD2,BD3",GM12878_25kb
6,62300000,assembly_gap,weak,none,none,none,D1,D1,"BD2,BD3",GM12878_25kb
6,62325000,assembly_gap,weak,none,none,none,D1,D1,"BD2,BD3",GM12878_25kb
6,95025000,assembly_gap,weak,none,none,none,D1,D1,"BD2,BD3",GM12878_25kb
6,95050000,assembly_gap,weak,none,none,none,D1,D1,"BD2,BD3",GM12878_25kb
6,167600000,assembly_gap,weak,none,none,none,D1,D1,"BD2,BD3",GM12878_25kb
6,167625000,assembly_gap,weak,none,none,none,D1,D1,"BD2,BD3",GM12878_25kb
7,58025000,encode_blacklist,weak,none,none,none,D1,D1,"BD2,BD3",GM12878_25kb
7,58100000,assembly_gap,weak,none,none,none,D1,D1,"BD2,BD3",GM12878_25kb
7,58125000,assembly_gap,weak,none,none,none,D1,D1,"BD2,BD3",GM12878_25kb
7,60900000,assembly_gap+encode_blacklist,weak,none,none,none,D1,D1,"BD2,BD3",GM12878_25kb
7,60925000,assembly_gap+encode_blacklist,weak,none,none,none,D1,D1,"BD2,BD3",GM12878_25kb
7,61100000,assembly_gap+encode_blacklist,weak,none,none,none,D1,D1,"BD2,BD3",GM12878_25kb
7,62250000,encode_blacklist,weak,none,none,none,D1,D1,"BD2,BD3",GM12878_25kb
7,62375000,encode_blacklist,weak,none,none,none,D1,D1,"BD2,BD3",GM12878_25kb
7,62475000,assembly_gap+encode_blacklist,weak,none,none,none,D1,D1,"BD2,BD3",GM12878_25kb
7,62900000,encode_blacklist,weak,none,none,none,D1,D1,"BD2,BD3",GM12878_25kb
7,62975000,encode_blacklist,weak,none,none,none,D1,D1,"BD2,BD3",GM12878_25kb
8,43275000,assembly_gap,weak,weak,weak,moderate,D3,D3,"BD2,BD3",GM12878_25kb
8,43375000,assembly_gap,weak,none,none,none,D1,D1,"BD2,BD3",GM12878_25kb
8,43575000,assembly_gap,weak,none,none,none,D1,D1,"BD2,BD3",GM12878_25kb
8,43625000,assembly_gap,weak,none,none,none,D1,D1,"BD2,BD3",GM12878_25kb
8,43750000,assembly_gap,weak,none,none,none,D1,D1,"BD2,BD3",GM12878_25kb
8,43775000,assembly_gap,weak,none,none,none,D1,D1,"BD2,BD3",GM12878_25kb
8,43875000,assembly_gap,weak,none,none,none,D1,D1,"BD2,BD3",GM12878_25kb
8,43900000,assembly_gap,weak,none,none,none,D1,D1,"BD2,BD3",GM12878_25kb
8,43925000,assembly_gap,weak,none,none,none,D1,D1,"BD2,BD3",GM12878_25kb
8,45975000,assembly_gap,weak,none,none,none,D1,D1,"BD2,BD3",GM12878_25kb
8,46000000,assembly_gap,weak,none,none,none,D1,D1,"BD2,BD3",GM12878_25kb
8,46075000,assembly_gap,weak,none,none,none,D1,D1,"BD2,BD3",GM12878_25kb
8,46175000,assembly_gap,weak,none,none,none,D1,D1,"BD2,BD3",GM12878_25kb
8,46350000,assembly_gap,weak,none,none,none,D1,D1,"BD2,BD3",GM12878_25kb
8,46375000,assembly_gap,weak,none,none,none,D1,D1,"BD2,BD3",GM12878_25kb
8,46550000,assembly_gap,weak,none,none,none,D1,D1,"BD2,BD3",GM12878_25kb
8,46675000,assembly_gap,weak,none,none,none,D1,D1,"BD2,BD3",GM12878_25kb
8,46700000,assembly_gap,weak,none,none,none,D1,D1,"BD2,BD3",GM12878_25kb
8,46850000,assembly_gap,strong,none,none,none,D3,D3,"BD2,BD3",GM12878_25kb
8,46875000,assembly_gap,strong,none,none,moderate,D4,D4,"BD2,BD3",GM12878_25kb
8,46900000,assembly_gap,strong,weak,none,moderate,D4,D4,"BD2,BD3",GM12878_25kb
8,85675000,assembly_gap,weak,none,none,none,D1,D1,"BD2,BD3",GM12878_25kb
8,145100000,assembly_gap,strong,none,none,none,D3,D3,"BD2,BD3",GM12878_25kb
8,145125000,assembly_gap,weak,none,none,none,D1,D1,"BD2,BD3",GM12878_25kb
9,42200000,assembly_gap,weak,none,none,none,D1,D1,"BD2,BD3",GM12878_25kb
9,42325000,assembly_gap,weak,none,none,none,D1,D1,"BD2,BD3",GM12878_25kb
9,42350000,assembly_gap,weak,none,none,none,D1,D1,"BD2,BD3",GM12878_25kb
9,42500000,assembly_gap,weak,none,none,none,D1,D1,"BD2,BD3",GM12878_25kb
9,42725000,assembly_gap,weak,none,none,none,D1,D1,"BD2,BD3",GM12878_25kb
9,42825000,assembly_gap,weak,none,none,none,D1,D1,"BD2,BD3",GM12878_25kb
9,62775000,assembly_gap,weak,none,none,none,D1,D1,"BD2,BD3",GM12878_25kb
9,63925000,assembly_gap,weak,none,none,none,D1,D1,"BD2,BD3",GM12878_25kb
9,65375000,assembly_gap,weak,none,none,none,D1,D1,"BD2,BD3",GM12878_25kb
10,38125000,assembly_gap,weak,none,none,strong,D3,D3,"BD2,BD3",GM12878_25kb
10,38250000,assembly_gap,weak,none,none,none,D1,D1,"BD2,BD3",GM12878_25kb
10,38325000,assembly_gap,weak,none,none,moderate,D3,D3,"BD2,BD3",GM12878_25kb
10,38350000,assembly_gap,weak,none,none,moderate,D3,D3,"BD2,BD3",GM12878_25kb
10,38400000,assembly_gap,weak,none,none,moderate,D3,D3,"BD2,BD3",GM12878_25kb
10,38500000,assembly_gap+encode_blacklist,weak,none,none,none,D1,D1,"BD2,BD3",GM12878_25kb
10,38575000,assembly_gap+encode_blacklist,weak,none,none,none,D1,D1,"BD2,BD3",GM12878_25kb
10,38750000,assembly_gap,moderate,none,none,none,D3,D3,"BD2,BD3",GM12878_25kb
10,38775000,assembly_gap,moderate,none,none,none,D3,D3,"BD2,BD3",GM12878_25kb
10,38900000,assembly_gap+encode_blacklist,weak,none,none,none,D1,D1,"BD2,BD3",GM12878_25kb
10,38925000,assembly_gap+encode_blacklist,weak,none,none,none,D1,D1,"BD2,BD3",GM12878_25kb
10,39100000,assembly_gap+encode_blacklist,weak,none,none,none,D1,D1,"BD2,BD3",GM12878_25kb
10,39125000,assembly_gap+encode_blacklist,weak,none,none,none,D1,D1,"BD2,BD3",GM12878_25kb
10,39225000,assembly_gap+encode_blacklist,weak,none,none,none,D1,D1,"BD2,BD3",GM12878_25kb
10,39525000,assembly_gap+encode_blacklist,weak,none,none,none,D1,D1,"BD2,BD3",GM12878_25kb
10,41825000,encode_blacklist,weak,none,none,none,D1,D1,"BD2,BD3",GM12878_25kb
10,41850000,encode_blacklist,weak,none,none,none,D1,D1,"BD2,BD3",GM12878_25kb
10,41925000,assembly_gap,weak,none,none,none,D1,D1,"BD2,BD3",GM12878_25kb
10,42050000,assembly_gap,weak,none,none,none,D1,D1,"BD2,BD3",GM12878_25kb
10,42075000,encode_blacklist,moderate,none,none,none,D3,D3,"BD2,BD3",GM12878_25kb
10,42100000,encode_blacklist,weak,none,none,none,D1,D1,"BD2,BD3",GM12878_25kb
10,133700000,assembly_gap,moderate,none,none,none,D3,D3,"BD2,BD3",GM12878_25kb
10,133725000,assembly_gap,weak,none,none,none,D1,D1,"BD2,BD3",GM12878_25kb
11,50425000,encode_blacklist,weak,none,none,none,D1,D1,"BD2,BD3",GM12878_25kb
11,50450000,encode_blacklist,moderate,none,none,none,D3,D3,"BD2,BD3",GM12878_25kb
11,50475000,encode_blacklist,weak,none,none,none,D1,D1,"BD2,BD3",GM12878_25kb
11,54550000,assembly_gap,strong,none,none,none,D3,D3,"BD2,BD3",GM12878_25kb
11,54575000,assembly_gap,strong,none,none,none,D3,D3,"BD2,BD3",GM12878_25kb
11,54750000,assembly_gap,weak,none,none,none,D1,D1,"BD2,BD3",GM12878_25kb
11,54850000,assembly_gap,weak,none,none,none,D1,D1,"BD2,BD3",GM12878_25kb
11,55075000,assembly_gap,weak,none,none,none,D1,D1,"BD2,BD3",GM12878_25kb
11,55200000,assembly_gap,weak,none,none,none,D1,D1,"BD2,BD3",GM12878_25kb
11,55250000,assembly_gap,weak,none,none,none,D1,D1,"BD2,BD3",GM12878_25kb
11,55350000,assembly_gap,weak,none,none,none,D1,D1,"BD2,BD3",GM12878_25kb
11,55450000,assembly_gap,weak,none,none,none,D1,D1,"BD2,BD3",GM12878_25kb
11,55600000,assembly_gap,weak,none,none,moderate,D3,D3,"BD2,BD3",GM12878_25kb
11,55675000,assembly_gap,weak,none,none,moderate,D3,D3,"BD2,BD3",GM12878_25kb
11,55700000,assembly_gap,weak,none,none,moderate,D3,D3,"BD2,BD3",GM12878_25kb
11,55725000,assembly_gap,weak,weak,none,none,D2,D1,"BD2,BD3",GM12878_25kb
11,55750000,assembly_gap,weak,none,none,none,D1,D1,"BD2,BD3",GM12878_25kb
11,70975000,assembly_gap,weak,none,none,none,D1,D1,"BD2,BD3",GM12878_25kb
11,71050000,assembly_gap,weak,none,none,none,D1,D1,"BD2,BD3",GM12878_25kb
11,88000000,assembly_gap,strong,none,none,none,D3,D3,"BD2,BD3",GM12878_25kb
12,0,assembly_gap,moderate,none,none,none,D3,D3,"BD2,BD3",GM12878_25kb
12,33400000,assembly_gap,weak,none,none,none,D1,D1,"BD2,BD3",GM12878_25kb
12,33600000,assembly_gap,weak,none,none,none,D1,D1,"BD2,BD3",GM12878_25kb
12,33700000,assembly_gap,weak,none,none,none,D1,D1,"BD2,BD3",GM12878_25kb
12,33875000,assembly_gap,weak,none,none,none,D1,D1,"BD2,BD3",GM12878_25kb
12,34000000,assembly_gap,strong,none,none,strong,D5,D5,"BD2,BD3",GM12878_25kb
12,34025000,assembly_gap,strong,weak,weak,strong,D5,D5,"BD2,BD3",GM12878_25kb
12,34250000,assembly_gap,weak,none,none,strong,D3,D3,"BD2,BD3",GM12878_25kb
12,34300000,assembly_gap,weak,none,none,none,D1,D1,"BD2,BD3",GM12878_25kb
12,34375000,assembly_gap,weak,none,none,none,D1,D1,"BD2,BD3",GM12878_25kb
12,34400000,assembly_gap,weak,none,none,none,D1,D1,"BD2,BD3",GM12878_25kb
12,34575000,assembly_gap,weak,none,none,none,D1,D1,"BD2,BD3",GM12878_25kb
12,34650000,assembly_gap,weak,none,none,none,D1,D1,"BD2,BD3",GM12878_25kb
12,34675000,assembly_gap+encode_blacklist,moderate,none,none,none,D3,D3,"BD2,BD3",GM12878_25kb
12,34700000,assembly_gap+encode_blacklist,weak,none,none,none,D1,D1,"BD2,BD3",GM12878_25kb
12,37275000,assembly_gap+encode_blacklist,weak,none,none,none,D1,D1,"BD2,BD3",GM12878_25kb
12,37300000,assembly_gap+encode_blacklist,weak,none,none,none,D1,D1,"BD2,BD3",GM12878_25kb
12,37400000,assembly_gap+encode_blacklist,weak,none,none,none,D1,D1,"BD2,BD3",GM12878_25kb
12,37600000,assembly_gap,weak,none,none,none,D1,D1,"BD2,BD3",GM12878_25kb
12,37750000,assembly_gap,weak,none,none,none,D1,D1,"BD2,BD3",GM12878_25kb
12,133275000,assembly_gap,strong,none,none,none,D3,D3,"BD2,BD3",GM12878_25kb
13,18475000,assembly_gap,weak,none,none,none,D1,D1,"BD2,BD3",GM12878_25kb
13,18500000,assembly_gap,weak,none,none,none,D1,D1,"BD2,BD3",GM12878_25kb
13,18575000,assembly_gap,weak,none,none,none,D1,D1,"BD2,BD3",GM12878_25kb
13,18750000,assembly_gap,weak,none,none,none,D1,D1,"BD2,BD3",GM12878_25kb
13,111825000,assembly_gap,strong,none,none,none,D3,D3,"BD2,BD3",GM12878_25kb
13,113675000,assembly_gap,weak,none,none,none,D1,D1,"BD2,BD3",GM12878_25kb
13,113700000,assembly_gap,weak,none,none,none,D1,D1,"BD2,BD3",GM12878_25kb
14,106900000,assembly_gap,strong,strong,strong,none,D5,D3,"BD2,BD3",GM12878_25kb
14,106925000,assembly_gap,moderate,none,none,none,D3,D3,"BD2,BD3",GM12878_25kb
15,19850000,assembly_gap,weak,none,none,none,D1,D1,"BD2,BD3",GM12878_25kb
15,20000000,assembly_gap,weak,none,none,none,D1,D1,"BD2,BD3",GM12878_25kb
15,20175000,assembly_gap,weak,none,none,none,D1,D1,"BD2,BD3",GM12878_25kb
15,20425000,assembly_gap,weak,none,none,none,D1,D1,"BD2,BD3",GM12878_25kb
16,0,assembly_gap,strong,none,none,none,D3,D3,"BD2,BD3",GM12878_25kb
16,35475000,assembly_gap,weak,none,none,moderate,D3,D3,"BD2,BD3",GM12878_25kb
16,35500000,assembly_gap,strong,none,none,moderate,D4,D4,"BD2,BD3",GM12878_25kb
16,35525000,assembly_gap,strong,none,none,moderate,D4,D4,"BD2,BD3",GM12878_25kb
16,35550000,assembly_gap,strong,none,none,moderate,D4,D4,"BD2,BD3",GM12878_25kb
16,35675000,assembly_gap,weak,none,none,none,D1,D1,"BD2,BD3",GM12878_25kb
16,35700000,assembly_gap,weak,none,none,none,D1,D1,"BD2,BD3",GM12878_25kb
16,35775000,assembly_gap,weak,none,none,none,D1,D1,"BD2,BD3",GM12878_25kb
16,35900000,assembly_gap,moderate,none,none,none,D3,D3,"BD2,BD3",GM12878_25kb
16,35925000,assembly_gap,strong,none,none,none,D3,D3,"BD2,BD3",GM12878_25kb
16,35950000,assembly_gap,weak,none,none,none,D1,D1,"BD2,BD3",GM12878_25kb
16,36075000,assembly_gap+encode_blacklist,weak,none,none,none,D1,D1,"BD2,BD3",GM12878_25kb
16,36200000,assembly_gap+encode_blacklist,weak,none,none,none,D1,D1,"BD2,BD3",GM12878_25kb
16,46375000,assembly_gap,weak,none,none,none,D1,D1,"BD2,BD3",GM12878_25kb
16,46450000,assembly_gap,weak,none,none,none,D1,D1,"BD2,BD3",GM12878_25kb
16,46475000,assembly_gap,weak,none,none,none,D1,D1,"BD2,BD3",GM12878_25kb
16,46550000,assembly_gap,weak,none,none,none,D1,D1,"BD2,BD3",GM12878_25kb
16,46600000,assembly_gap,weak,none,none,none,D1,D1,"BD2,BD3",GM12878_25kb
16,46625000,assembly_gap,weak,none,none,moderate,D3,D3,"BD2,BD3",GM12878_25kb
16,46675000,assembly_gap,weak,moderate,moderate,moderate,D3,D3,"BD2,BD3",GM12878_25kb
16,46850000,assembly_gap,weak,weak,moderate,strong,D3,D3,"BD2,BD3",GM12878_25kb
16,46925000,assembly_gap,strong,moderate,moderate,strong,D5,D5,"BD2,BD3",GM12878_25kb
16,46950000,assembly_gap,strong,moderate,weak,strong,D5,D5,"BD2,BD3",GM12878_25kb
17,450000,assembly_gap,weak,none,none,moderate,D3,D3,"BD2,BD3",GM12878_25kb
17,475000,assembly_gap,weak,none,none,none,D1,D1,"BD2,BD3",GM12878_25kb
17,21975000,encode_blacklist,weak,none,none,none,D1,D1,"BD2,BD3",GM12878_25kb
17,22025000,assembly_gap,weak,none,none,none,D1,D1,"BD2,BD3",GM12878_25kb
17,22725000,assembly_gap,weak,none,none,none,D1,D1,"BD2,BD3",GM12878_25kb
17,26575000,assembly_gap+encode_blacklist,weak,none,none,none,D1,D1,"BD2,BD3",GM12878_25kb
17,26750000,assembly_gap,weak,none,none,none,D1,D1,"BD2,BD3",GM12878_25kb
17,26925000,assembly_gap,weak,none,none,none,D1,D1,"BD2,BD3",GM12878_25kb
17,26975000,assembly_gap,weak,none,none,strong,D3,D3,"BD2,BD3",GM12878_25kb
17,27150000,assembly_gap,strong,none,none,none,D3,D3,"BD2,BD3",GM12878_25kb
17,27175000,assembly_gap,strong,none,none,none,D3,D3,"BD2,BD3",GM12878_25kb
17,27350000,assembly_gap,weak,moderate,strong,strong,D3,D3,"BD2,BD3",GM12878_25kb
17,27375000,assembly_gap,weak,strong,moderate,strong,D3,D3,"BD2,BD3",GM12878_25kb
17,81750000,assembly_gap,weak,none,none,moderate,D3,D3,"BD2,BD3",GM12878_25kb
17,83250000,assembly_gap,strong,none,none,none,D3,D3,"BD2,BD3",GM12878_25kb
18,15400000,assembly_gap,weak,none,none,none,D1,D1,"BD2,BD3",GM12878_25kb
18,15425000,assembly_gap,weak,none,none,none,D1,D1,"BD2,BD3",GM12878_25kb
18,20900000,assembly_gap,weak,none,none,none,D1,D1,"BD2,BD3",GM12878_25kb
18,20925000,assembly_gap,moderate,none,none,none,D3,D3,"BD2,BD3",GM12878_25kb
18,20950000,assembly_gap,moderate,none,none,none,D3,D3,"BD2,BD3",GM12878_25kb
18,21125000,assembly_gap,weak,none,none,none,D1,D1,"BD2,BD3",GM12878_25kb
18,21175000,assembly_gap,moderate,weak,moderate,strong,D4,D4,"BD2,BD3",GM12878_25kb
18,21200000,assembly_gap,moderate,weak,weak,strong,D4,D4,"BD2,BD3",GM12878_25kb
18,21475000,assembly_gap,strong,weak,none,strong,D5,D5,"BD2,BD3",GM12878_25kb
18,46975000,assembly_gap,weak,none,none,none,D1,D1,"BD2,BD3",GM12878_25kb
18,47000000,assembly_gap,strong,none,none,none,D3,D3,"BD2,BD3",GM12878_25kb
18,80275000,assembly_gap,strong,strong,strong,none,D5,D3,"BD2,BD3",GM12878_25kb
18,80300000,assembly_gap,moderate,none,none,none,D3,D3,"BD2,BD3",GM12878_25kb
19,19950000,assembly_gap,strong,none,none,moderate,D4,D4,"BD2,BD3",GM12878_25kb
19,19975000,assembly_gap,strong,none,none,moderate,D4,D4,"BD2,BD3",GM12878_25kb
19,20025000,assembly_gap,weak,none,none,none,D1,D1,"BD2,BD3",GM12878_25kb
19,20225000,assembly_gap,weak,none,none,none,D1,D1,"BD2,BD3",GM12878_25kb
19,20400000,assembly_gap,weak,none,none,none,D1,D1,"BD2,BD3",GM12878_25kb
19,20550000,assembly_gap,weak,none,none,none,D1,D1,"BD2,BD3",GM12878_25kb
19,20575000,assembly_gap,weak,none,none,moderate,D3,D3,"BD2,BD3",GM12878_25kb
19,20775000,assembly_gap,weak,none,none,none,D1,D1,"BD2,BD3",GM12878_25kb
19,20900000,assembly_gap,weak,none,none,none,D1,D1,"BD2,BD3",GM12878_25kb
19,21200000,assembly_gap,weak,none,none,none,D1,D1,"BD2,BD3",GM12878_25kb
19,21225000,assembly_gap,weak,none,none,none,D1,D1,"BD2,BD3",GM12878_25kb
19,21375000,assembly_gap,weak,none,none,none,D1,D1,"BD2,BD3",GM12878_25kb
19,21550000,assembly_gap,moderate,none,none,none,D3,D3,"BD2,BD3",GM12878_25kb
19,21575000,assembly_gap,moderate,none,none,none,D3,D3,"BD2,BD3",GM12878_25kb
19,21600000,assembly_gap,weak,none,none,none,D1,D1,"BD2,BD3",GM12878_25kb
19,21775000,assembly_gap,weak,none,none,none,D1,D1,"BD2,BD3",GM12878_25kb
19,21850000,assembly_gap,moderate,none,none,none,D3,D3,"BD2,BD3",GM12878_25kb
19,21875000,assembly_gap,moderate,none,none,none,D3,D3,"BD2,BD3",GM12878_25kb
19,21925000,assembly_gap,weak,none,none,moderate,D3,D3,"BD2,BD3",GM12878_25kb
19,22075000,assembly_gap,weak,none,none,none,D1,D1,"BD2,BD3",GM12878_25kb
19,22225000,assembly_gap,weak,none,none,none,D1,D1,"BD2,BD3",GM12878_25kb
19,22375000,assembly_gap,weak,none,none,none,D1,D1,"BD2,BD3",GM12878_25kb
19,22400000,assembly_gap,weak,none,none,none,D1,D1,"BD2,BD3",GM12878_25kb
19,22525000,assembly_gap,weak,none,none,none,D1,D1,"BD2,BD3",GM12878_25kb
19,22675000,assembly_gap,weak,none,none,none,D1,D1,"BD2,BD3",GM12878_25kb
19,22875000,assembly_gap,weak,none,none,none,D1,D1,"BD2,BD3",GM12878_25kb
19,22950000,assembly_gap,weak,none,none,moderate,D3,D3,"BD2,BD3",GM12878_25kb
19,23050000,assembly_gap,weak,none,none,none,D1,D1,"BD2,BD3",GM12878_25kb
19,23075000,assembly_gap,weak,none,none,none,D1,D1,"BD2,BD3",GM12878_25kb
19,23200000,assembly_gap,weak,none,none,none,D1,D1,"BD2,BD3",GM12878_25kb
19,23225000,assembly_gap,weak,none,none,none,D1,D1,"BD2,BD3",GM12878_25kb
19,23400000,assembly_gap,strong,none,none,moderate,D4,D4,"BD2,BD3",GM12878_25kb
19,23425000,assembly_gap,strong,none,none,moderate,D4,D4,"BD2,BD3",GM12878_25kb
19,23575000,assembly_gap,weak,none,none,none,D1,D1,"BD2,BD3",GM12878_25kb
19,23625000,assembly_gap,weak,none,none,none,D1,D1,"BD2,BD3",GM12878_25kb
19,23825000,assembly_gap,weak,none,none,strong,D3,D3,"BD2,BD3",GM12878_25kb
19,23850000,assembly_gap,weak,none,none,moderate,D3,D3,"BD2,BD3",GM12878_25kb
19,23975000,assembly_gap,weak,none,none,moderate,D3,D3,"BD2,BD3",GM12878_25kb
19,24050000,assembly_gap,weak,none,none,none,D1,D1,"BD2,BD3",GM12878_25kb
19,24200000,assembly_gap+encode_blacklist,weak,none,none,none,D1,D1,"BD2,BD3",GM12878_25kb
19,24250000,assembly_gap+encode_blacklist,weak,none,none,none,D1,D1,"BD2,BD3",GM12878_25kb
19,24275000,assembly_gap+encode_blacklist,weak,none,none,none,D1,D1,"BD2,BD3",GM12878_25kb
19,24400000,assembly_gap+encode_blacklist,weak,none,none,none,D1,D1,"BD2,BD3",GM12878_25kb
19,27225000,assembly_gap+encode_blacklist,weak,none,none,none,D1,D1,"BD2,BD3",GM12878_25kb
19,27675000,assembly_gap,moderate,none,none,none,D3,D3,"BD2,BD3",GM12878_25kb
19,27700000,assembly_gap,moderate,none,none,none,D3,D3,"BD2,BD3",GM12878_25kb
19,27750000,assembly_gap,weak,none,none,none,D1,D1,"BD2,BD3",GM12878_25kb
19,27800000,assembly_gap,weak,weak,none,none,D2,D1,"BD2,BD3",GM12878_25kb
19,27825000,assembly_gap,weak,none,none,none,D1,D1,"BD2,BD3",GM12878_25kb
19,27925000,assembly_gap,weak,none,none,moderate,D3,D3,"BD2,BD3",GM12878_25kb
19,27950000,assembly_gap,moderate,weak,none,strong,D4,D4,"BD2,BD3",GM12878_25kb
19,27975000,assembly_gap,weak,weak,moderate,strong,D3,D3,"BD2,BD3",GM12878_25kb
19,28275000,assembly_gap,weak,none,none,moderate,D3,D3,"BD2,BD3",GM12878_25kb
19,28325000,assembly_gap,weak,none,weak,moderate,D3,D3,"BD2,BD3",GM12878_25kb
19,28350000,assembly_gap,strong,none,weak,moderate,D4,D4,"BD2,BD3",GM12878_25kb
19,28375000,assembly_gap,moderate,none,none,none,D3,D3,"BD2,BD3",GM12878_25kb
19,28400000,assembly_gap,weak,none,none,none,D1,D1,"BD2,BD3",GM12878_25kb
19,28675000,assembly_gap,weak,none,none,strong,D3,D3,"BD2,BD3",GM12878_25kb
19,28725000,assembly_gap,weak,none,none,strong,D3,D3,"BD2,BD3",GM12878_25kb
19,28875000,assembly_gap,strong,none,none,none,D3,D3,"BD2,BD3",GM12878_25kb
19,28900000,assembly_gap,strong,none,none,none,D3,D3,"BD2,BD3",GM12878_25kb
19,28925000,assembly_gap,moderate,none,none,none,D3,D3,"BD2,BD3",GM12878_25kb
19,28950000,assembly_gap,weak,none,none,none,D1,D1,"BD2,BD3",GM12878_25kb
19,29200000,assembly_gap,weak,none,none,moderate,D3,D3,"BD2,BD3",GM12878_25kb
19,29250000,assembly_gap,weak,weak,none,moderate,D3,D3,"BD2,BD3",GM12878_25kb
19,29275000,assembly_gap,weak,weak,weak,none,D2,D1,"BD2,BD3",GM12878_25kb
19,29300000,assembly_gap,weak,none,none,none,D1,D1,"BD2,BD3",GM12878_25kb
19,29500000,assembly_gap,weak,none,none,none,D1,D1,"BD2,BD3",GM12878_25kb
19,29575000,assembly_gap,strong,none,weak,moderate,D4,D4,"BD2,BD3",GM12878_25kb
19,29600000,assembly_gap,strong,moderate,strong,moderate,D5,D4,"BD2,BD3",GM12878_25kb
19,29725000,assembly_gap,weak,strong,moderate,strong,D3,D3,"BD2,BD3",GM12878_25kb
19,29750000,assembly_gap,weak,strong,weak,strong,D3,D3,"BD2,BD3",GM12878_25kb
19,29875000,assembly_gap,weak,moderate,weak,strong,D3,D3,"BD2,BD3",GM12878_25kb
19,29900000,assembly_gap,weak,weak,none,strong,D3,D3,"BD2,BD3",GM12878_25kb
19,30050000,assembly_gap,moderate,none,none,none,D3,D3,"BD2,BD3",GM12878_25kb
19,30075000,assembly_gap,moderate,none,weak,none,D3,D3,"BD2,BD3",GM12878_25kb
19,30150000,assembly_gap,weak,none,none,none,D1,D1,"BD2,BD3",GM12878_25kb
19,30275000,assembly_gap,weak,none,none,none,D1,D1,"BD2,BD3",GM12878_25kb
19,30425000,assembly_gap,weak,none,none,none,D1,D1,"BD2,BD3",GM12878_25kb
19,30650000,assembly_gap,moderate,strong,weak,strong,D4,D4,"BD2,BD3",GM12878_25kb
19,30675000,assembly_gap,strong,strong,moderate,strong,D5,D5,"BD2,BD3",GM12878_25kb
19,30700000,assembly_gap,moderate,weak,weak,strong,D4,D4,"BD2,BD3",GM12878_25kb
19,30850000,assembly_gap,weak,none,none,none,D1,D1,"BD2,BD3",GM12878_25kb
19,31200000,assembly_gap,weak,none,none,none,D1,D1,"BD2,BD3",GM12878_25kb
19,31225000,assembly_gap,weak,none,none,none,D1,D1,"BD2,BD3",GM12878_25kb
19,31450000,assembly_gap,weak,none,none,none,D1,D1,"BD2,BD3",GM12878_25kb
20,50000,assembly_gap,strong,none,none,none,D3,D3,"BD2,BD3",GM12878_25kb
20,25750000,assembly_gap,weak,none,none,none,D1,D1,"BD2,BD3",GM12878_25kb
20,25775000,assembly_gap,weak,none,none,none,D1,D1,"BD2,BD3",GM12878_25kb
20,25850000,assembly_gap,weak,none,none,none,D1,D1,"BD2,BD3",GM12878_25kb
20,25900000,assembly_gap,weak,none,none,none,D1,D1,"BD2,BD3",GM12878_25kb
20,26025000,assembly_gap,moderate,none,none,none,D3,D3,"BD2,BD3",GM12878_25kb
20,26050000,assembly_gap,moderate,none,none,none,D3,D3,"BD2,BD3",GM12878_25kb
20,26075000,assembly_gap,weak,none,none,none,D1,D1,"BD2,BD3",GM12878_25kb
20,26250000,assembly_gap,weak,none,none,none,D1,D1,"BD2,BD3",GM12878_25kb
20,26275000,assembly_gap,weak,none,none,none,D1,D1,"BD2,BD3",GM12878_25kb
20,28550000,assembly_gap+encode_blacklist,weak,none,none,none,D1,D1,"BD2,BD3",GM12878_25kb
20,28650000,assembly_gap+encode_blacklist,weak,none,none,none,D1,D1,"BD2,BD3",GM12878_25kb
20,28875000,assembly_gap+encode_blacklist,weak,none,none,none,D1,D1,"BD2,BD3",GM12878_25kb
20,29025000,assembly_gap,weak,none,none,none,D1,D1,"BD2,BD3",GM12878_25kb
20,29125000,assembly_gap,weak,none,none,none,D1,D1,"BD2,BD3",GM12878_25kb
20,29300000,assembly_gap,weak,none,none,none,D1,D1,"BD2,BD3",GM12878_25kb
20,29350000,assembly_gap,weak,none,none,none,D1,D1,"BD2,BD3",GM12878_25kb
20,29525000,assembly_gap,weak,none,none,none,D1,D1,"BD2,BD3",GM12878_25kb
20,29700000,assembly_gap,weak,none,none,none,D1,D1,"BD2,BD3",GM12878_25kb
20,29725000,assembly_gap,weak,none,none,none,D1,D1,"BD2,BD3",GM12878_25kb
20,29775000,assembly_gap,weak,none,none,none,D1,D1,"BD2,BD3",GM12878_25kb
20,29850000,assembly_gap,weak,none,none,none,D1,D1,"BD2,BD3",GM12878_25kb
20,29875000,assembly_gap,strong,none,none,none,D3,D3,"BD2,BD3",GM12878_25kb
20,29900000,assembly_gap,moderate,none,none,none,D3,D3,"BD2,BD3",GM12878_25kb
20,30175000,assembly_gap,weak,none,none,none,D1,D1,"BD2,BD3",GM12878_25kb
20,30200000,assembly_gap,weak,none,none,none,D1,D1,"BD2,BD3",GM12878_25kb
20,30275000,assembly_gap,weak,none,none,none,D1,D1,"BD2,BD3",GM12878_25kb
20,30450000,assembly_gap,moderate,none,none,none,D3,D3,"BD2,BD3",GM12878_25kb
20,30800000,assembly_gap,weak,none,none,none,D1,D1,"BD2,BD3",GM12878_25kb
20,31050000,assembly_gap,weak,none,none,none,D1,D1,"BD2,BD3",GM12878_25kb
20,64350000,assembly_gap,moderate,none,none,none,D3,D3,"BD2,BD3",GM12878_25kb
21,8750000,assembly_gap,weak,none,none,none,D1,D1,"BD2,BD3",GM12878_25kb
21,9650000,assembly_gap,weak,none,none,none,D1,D1,"BD2,BD3",GM12878_25kb
21,9725000,assembly_gap,weak,none,none,none,D1,D1,"BD2,BD3",GM12878_25kb
21,9800000,assembly_gap,weak,none,none,none,D1,D1,"BD2,BD3",GM12878_25kb
21,10025000,assembly_gap,moderate,none,none,none,D3,D3,"BD2,BD3",GM12878_25kb
21,10250000,assembly_gap,weak,none,none,none,D1,D1,"BD2,BD3",GM12878_25kb
21,10325000,assembly_gap,weak,none,none,none,D1,D1,"BD2,BD3",GM12878_25kb
21,10425000,assembly_gap,weak,none,none,none,D1,D1,"BD2,BD3",GM12878_25kb
21,10475000,assembly_gap,weak,none,none,none,D1,D1,"BD2,BD3",GM12878_25kb
21,10675000,assembly_gap+encode_blacklist,weak,none,none,none,D1,D1,"BD2,BD3",GM12878_25kb
21,10700000,assembly_gap+encode_blacklist,weak,none,none,none,D1,D1,"BD2,BD3",GM12878_25kb
21,10775000,assembly_gap+encode_blacklist,weak,none,none,none,D1,D1,"BD2,BD3",GM12878_25kb
21,10800000,assembly_gap+encode_blacklist,weak,none,none,none,D1,D1,"BD2,BD3",GM12878_25kb
21,12950000,assembly_gap+encode_blacklist,weak,none,none,none,D1,D1,"BD2,BD3",GM12878_25kb
21,12975000,assembly_gap,weak,none,none,none,D1,D1,"BD2,BD3",GM12878_25kb
21,43250000,assembly_gap,weak,none,none,none,D1,D1,"BD2,BD3",GM12878_25kb
21,46700000,assembly_gap,strong,none,none,none,D3,D3,"BD2,BD3",GM12878_25kb
22,10650000,assembly_gap,weak,none,none,none,D1,D1,"BD2,BD3",GM12878_25kb
22,10700000,assembly_gap,weak,none,none,none,D1,D1,"BD2,BD3",GM12878_25kb
22,10800000,assembly_gap,weak,none,none,none,D1,D1,"BD2,BD3",GM12878_25kb
22,10875000,assembly_gap,weak,none,none,none,D1,D1,"BD2,BD3",GM12878_25kb
22,10925000,assembly_gap,weak,none,none,none,D1,D1,"BD2,BD3",GM12878_25kb
22,11075000,assembly_gap,weak,none,none,none,D1,D1,"BD2,BD3",GM12878_25kb
22,11275000,assembly_gap,weak,none,none,none,D1,D1,"BD2,BD3",GM12878_25kb
22,11350000,assembly_gap,weak,none,none,none,D1,D1,"BD2,BD3",GM12878_25kb
22,11550000,assembly_gap,weak,none,none,none,D1,D1,"BD2,BD3",GM12878_25kb
22,11625000,assembly_gap,weak,none,none,none,D1,D1,"BD2,BD3",GM12878_25kb
22,12575000,assembly_gap,weak,none,none,none,D1,D1,"BD2,BD3",GM12878_25kb
22,12650000,assembly_gap,weak,none,none,none,D1,D1,"BD2,BD3",GM12878_25kb
22,12725000,assembly_gap,weak,none,none,none,D1,D1,"BD2,BD3",GM12878_25kb
22,15225000,assembly_gap,weak,none,none,none,D1,D1,"BD2,BD3",GM12878_25kb
22,16100000,assembly_gap,weak,none,none,none,D1,D1,"BD2,BD3",GM12878_25kb
22,16175000,assembly_gap,weak,none,none,none,D1,D1,"BD2,BD3",GM12878_25kb
22,16450000,assembly_gap,weak,none,none,none,D1,D1,"BD2,BD3",GM12878_25kb
22,16575000,assembly_gap,weak,none,none,none,D1,D1,"BD2,BD3",GM12878_25kb
22,16650000,assembly_gap,weak,none,none,none,D1,D1,"BD2,BD3",GM12878_25kb
22,16750000,assembly_gap,weak,none,none,none,D1,D1,"BD2,BD3",GM12878_25kb
22,16775000,assembly_gap,weak,none,none,none,D1,D1,"BD2,BD3",GM12878_25kb
22,16875000,assembly_gap,strong,none,none,strong,D5,D5,"BD2,BD3",GM12878_25kb
22,16900000,assembly_gap,strong,weak,none,strong,D5,D5,"BD2,BD3",GM12878_25kb
22,17075000,assembly_gap,strong,moderate,moderate,moderate,D4,D4,"BD2,BD3",GM12878_25kb
22,17175000,assembly_gap,weak,strong,moderate,strong,D3,D3,"BD2,BD3",GM12878_25kb
X,1950000,assembly_gap,weak,none,none,none,D1,D1,"BD2,BD3",GM12878_25kb
X,1975000,assembly_gap,weak,none,none,none,D1,D1,"BD2,BD3",GM12878_25kb
X,2075000,assembly_gap,weak,none,none,none,D1,D1,"BD2,BD3",GM12878_25kb
X,2125000,assembly_gap,weak,none,none,none,D1,D1,"BD2,BD3",GM12878_25kb
X,37100000,assembly_gap,moderate,none,none,none,D3,D3,"BD2,BD3",GM12878_25kb
X,37125000,assembly_gap,weak,none,none,none,D1,D1,"BD2,BD3",GM12878_25kb
X,37225000,assembly_gap,weak,none,none,none,D1,D1,"BD2,BD3",GM12878_25kb
X,37275000,assembly_gap,weak,none,none,none,D1,D1,"BD2,BD3",GM12878_25kb
X,49350000,assembly_gap,weak,none,none,none,D1,D1,"BD2,BD3",GM12878_25kb
X,50275000,assembly_gap,weak,none,none,none,D1,D1,"BD2,BD3",GM12878_25kb
X,58400000,assembly_gap+encode_blacklist,weak,none,none,none,D1,D1,"BD2,BD3",GM12878_25kb
X,58550000,assembly_gap+encode_blacklist,weak,none,none,none,D1,D1,"BD2,BD3",GM12878_25kb
X,62500000,assembly_gap+encode_blacklist,weak,none,none,none,D1,D1,"BD2,BD3",GM12878_25kb
X,62550000,assembly_gap+encode_blacklist,weak,none,none,none,D1,D1,"BD2,BD3",GM12878_25kb
X,62650000,assembly_gap+encode_blacklist,weak,none,none,none,D1,D1,"BD2,BD3",GM12878_25kb
X,62700000,assembly_gap+encode_blacklist,weak,none,none,none,D1,D1,"BD2,BD3",GM12878_25kb
X,62900000,assembly_gap,weak,none,none,none,D1,D1,"BD2,BD3",GM12878_25kb
X,62925000,assembly_gap,weak,none,none,none,D1,D1,"BD2,BD3",GM12878_25kb
X,62975000,assembly_gap,weak,none,none,none,D1,D1,"BD2,BD3",GM12878_25kb
X,63000000,assembly_gap,weak,none,none,none,D1,D1,"BD2,BD3",GM12878_25kb
X,63100000,assembly_gap,moderate,none,none,none,D3,D3,"BD2,BD3",GM12878_25kb
X,63125000,assembly_gap,moderate,none,none,none,D3,D3,"BD2,BD3",GM12878_25kb
X,63250000,assembly_gap,strong,none,none,none,D3,D3,"BD2,BD3",GM12878_25kb
X,63575000,assembly_gap,weak,none,none,none,D1,D1,"BD2,BD3",GM12878_25kb
X,63725000,assembly_gap,weak,none,none,none,D1,D1,"BD2,BD3",GM12878_25kb
X,63775000,assembly_gap,weak,none,none,none,D1,D1,"BD2,BD3",GM12878_25kb
X,114325000,assembly_gap,weak,none,none,none,D1,D1,"BD2,BD3",GM12878_25kb
X,115750000,assembly_gap,weak,none,none,none,D1,D1,"BD2,BD3",GM12878_25kb
X,120900000,assembly_gap,weak,none,none,none,D1,D1,"BD2,BD3",GM12878_25kb
X,144475000,assembly_gap,weak,none,none,none,D1,D1,"BD2,BD3",GM12878_25kb
1,16800000,assembly_gap,weak,none,none,none,D1,D1,"BD2,BD3",GM12878_10kb
1,121610000,encode_blacklist,weak,none,none,none,D1,D1,"BD2,BD3",GM12878_10kb
1,122510000,assembly_gap+encode_blacklist,weak,none,none,none,D1,D1,"BD2,BD3",GM12878_10kb
1,124770000,assembly_gap+encode_blacklist,weak,none,none,none,D1,D1,"BD2,BD3",GM12878_10kb
1,125010000,assembly_gap+encode_blacklist,weak,none,none,none,D1,D1,"BD2,BD3",GM12878_10kb
1,125060000,assembly_gap+encode_blacklist,weak,none,none,none,D1,D1,"BD2,BD3",GM12878_10kb
1,125100000,assembly_gap,weak,none,none,none,D1,D1,"BD2,BD3",GM12878_10kb
1,125140000,assembly_gap,weak,none,none,none,D1,D1,"BD2,BD3",GM12878_10kb
1,125170000,assembly_gap+encode_blacklist,weak,none,none,none,D1,D1,"BD2,BD3",GM12878_10kb
1,125190000,assembly_gap,weak,none,none,none,D1,D1,"BD2,BD3",GM12878_10kb
1,143180000,assembly_gap,weak,none,none,none,D1,D1,"BD2,BD3",GM12878_10kb
1,143190000,assembly_gap+encode_blacklist,weak,none,none,none,D1,D1,"BD2,BD3",GM12878_10kb
1,143270000,encode_blacklist,weak,none,none,none,D1,D1,"BD2,BD3",GM12878_10kb
1,223560000,assembly_gap,weak,none,none,none,D1,D1,"BD2,BD3",GM12878_10kb
1,228560000,assembly_gap,strong,none,none,none,D3,D3,"BD2,BD3",GM12878_10kb
2,89690000,assembly_gap,weak,none,none,none,D1,D1,"BD2,BD3",GM12878_10kb
2,89750000,assembly_gap,weak,none,none,none,D1,D1,"BD2,BD3",GM12878_10kb
2,90410000,assembly_gap,weak,none,none,none,D1,D1,"BD2,BD3",GM12878_10kb
2,91400000,assembly_gap,moderate,none,none,none,D3,D3,"BD2,BD3",GM12878_10kb
2,91840000,assembly_gap,weak,none,none,none,D1,D1,"BD2,BD3",GM12878_10kb
2,92000000,assembly_gap,moderate,none,none,none,D3,D3,"BD2,BD3",GM12878_10kb
2,92010000,assembly_gap,moderate,none,none,none,D3,D3,"BD2,BD3",GM12878_10kb
2,94180000,assembly_gap+encode_blacklist,weak,none,none,none,D1,D1,"BD2,BD3",GM12878_10kb
2,94190000,assembly_gap+encode_blacklist,weak,none,none,none,D1,D1,"BD2,BD3",GM12878_10kb
2,94290000,assembly_gap+encode_blacklist,weak,none,none,none,D1,D1,"BD2,BD3",GM12878_10kb
2,94500000,assembly_gap+encode_blacklist,weak,none,none,none,D1,D1,"BD2,BD3",GM12878_10kb
2,94560000,assembly_gap+encode_blacklist,weak,none,none,none,D1,D1,"BD2,BD3",GM12878_10kb
2,94650000,assembly_gap,weak,none,none,none,D1,D1,"BD2,BD3",GM12878_10kb
2,94660000,assembly_gap,weak,none,none,none,D1,D1,"BD2,BD3",GM12878_10kb
2,94710000,assembly_gap,weak,none,none,none,D1,D1,"BD2,BD3",GM12878_10kb
2,94790000,assembly_gap,weak,none,none,none,D1,D1,"BD2,BD3",GM12878_10kb
2,94800000,assembly_gap,weak,none,none,none,D1,D1,"BD2,BD3",GM12878_10kb
2,94820000,assembly_gap,weak,none,none,none,D1,D1,"BD2,BD3",GM12878_10kb
2,94860000,assembly_gap,weak,moderate,none,none,D3,D1,"BD2,BD3",GM12878_10kb
2,94870000,assembly_gap,strong,moderate,none,none,D4,D3,"BD2,BD3",GM12878_10kb
2,94880000,assembly_gap,moderate,moderate,none,none,D4,D3,"BD2,BD3",GM12878_10kb
2,94960000,assembly_gap,weak,weak,none,none,D2,D1,"BD2,BD3",GM12878_10kb
2,94970000,assembly_gap,strong,weak,weak,none,D4,D3,"BD2,BD3",GM12878_10kb
2,94980000,assembly_gap,strong,weak,none,moderate,D4,D4,"BD2,BD3",GM12878_10kb
2,94990000,assembly_gap,moderate,weak,none,moderate,D4,D4,"BD2,BD3",GM12878_10kb
2,95120000,assembly_gap,moderate,weak,none,moderate,D4,D4,"BD2,BD3",GM12878_10kb
2,95130000,assembly_gap,moderate,weak,none,moderate,D4,D4,"BD2,BD3",GM12878_10kb
2,95160000,assembly_gap,weak,none,none,none,D1,D1,"BD2,BD3",GM12878_10kb
2,95170000,assembly_gap,weak,none,none,none,D1,D1,"BD2,BD3",GM12878_10kb
2,95210000,assembly_gap,strong,weak,weak,none,D4,D3,"BD2,BD3",GM12878_10kb
2,95220000,assembly_gap,strong,weak,weak,none,D4,D3,"BD2,BD3",GM12878_10kb
2,95230000,assembly_gap,weak,weak,none,none,D2,D1,"BD2,BD3",GM12878_10kb
2,95280000,assembly_gap,weak,none,none,none,D1,D1,"BD2,BD3",GM12878_10kb
2,95370000,assembly_gap,weak,moderate,weak,none,D3,D1,"BD2,BD3",GM12878_10kb
2,95390000,assembly_gap,weak,moderate,weak,none,D3,D1,"BD2,BD3",GM12878_10kb
2,95440000,assembly_gap,weak,none,none,none,D1,D1,"BD2,BD3",GM12878_10kb
2,95480000,assembly_gap,weak,none,none,none,D1,D1,"BD2,BD3",GM12878_10kb
2,95520000,assembly_gap,weak,none,none,none,D1,D1,"BD2,BD3",GM12878_10kb
2,95600000,assembly_gap,weak,none,none,none,D1,D1,"BD2,BD3",GM12878_10kb
2,95640000,assembly_gap,weak,none,none,none,D1,D1,"BD2,BD3",GM12878_10kb
2,95740000,assembly_gap,weak,none,none,none,D1,D1,"BD2,BD3",GM12878_10kb
2,95760000,assembly_gap,weak,none,none,none,D1,D1,"BD2,BD3",GM12878_10kb
2,95780000,assembly_gap,weak,none,none,none,D1,D1,"BD2,BD3",GM12878_10kb
2,95790000,assembly_gap,weak,none,none,none,D1,D1,"BD2,BD3",GM12878_10kb
2,95860000,assembly_gap,weak,none,none,none,D1,D1,"BD2,BD3",GM12878_10kb
2,95930000,assembly_gap,weak,none,none,moderate,D3,D3,"BD2,BD3",GM12878_10kb
2,95970000,assembly_gap,moderate,none,none,moderate,D4,D4,"BD2,BD3",GM12878_10kb
2,95980000,assembly_gap,strong,none,none,moderate,D4,D4,"BD2,BD3",GM12878_10kb
2,95990000,assembly_gap,strong,weak,none,none,D4,D3,"BD2,BD3",GM12878_10kb
2,131380000,encode_blacklist,weak,none,none,strong,D3,D3,"BD2,BD3",GM12878_10kb
3,87820000,assembly_gap,weak,none,none,strong,D3,D3,"BD2,BD3",GM12878_10kb
3,87870000,assembly_gap,weak,none,none,none,D1,D1,"BD2,BD3",GM12878_10kb
3,87880000,assembly_gap,weak,none,none,none,D1,D1,"BD2,BD3",GM12878_10kb
3,87940000,assembly_gap,weak,none,none,none,D1,D1,"BD2,BD3",GM12878_10kb
3,88000000,assembly_gap,strong,none,moderate,strong,D5,D5,"BD2,BD3",GM12878_10kb
3,88010000,assembly_gap,strong,none,moderate,strong,D5,D5,"BD2,BD3",GM12878_10kb
3,88060000,assembly_gap,weak,none,none,none,D1,D1,"BD2,BD3",GM12878_10kb
3,88180000,assembly_gap,moderate,weak,none,strong,D4,D4,"BD2,BD3",GM12878_10kb
3,88190000,assembly_gap,strong,weak,weak,strong,D5,D5,"BD2,BD3",GM12878_10kb
3,88200000,assembly_gap,strong,moderate,moderate,strong,D5,D5,"BD2,BD3",GM12878_10kb
3,88240000,assembly_gap,weak,none,none,moderate,D3,D3,"BD2,BD3",GM12878_10kb
3,88290000,assembly_gap,weak,none,none,none,D1,D1,"BD2,BD3",GM12878_10kb
3,88310000,assembly_gap,weak,none,none,none,D1,D1,"BD2,BD3",GM12878_10kb
3,88370000,assembly_gap,weak,none,none,none,D1,D1,"BD2,BD3",GM12878_10kb
3,88470000,assembly_gap,weak,none,none,none,D1,D1,"BD2,BD3",GM12878_10kb
3,88500000,assembly_gap,weak,none,none,none,D1,D1,"BD2,BD3",GM12878_10kb
3,88580000,assembly_gap,weak,none,none,none,D1,D1,"BD2,BD3",GM12878_10kb
3,88590000,assembly_gap,weak,none,none,none,D1,D1,"BD2,BD3",GM12878_10kb
3,88610000,assembly_gap,weak,none,none,none,D1,D1,"BD2,BD3",GM12878_10kb
3,88630000,assembly_gap,weak,none,none,none,D1,D1,"BD2,BD3",GM12878_10kb
3,88650000,assembly_gap,moderate,none,none,none,D3,D3,"BD2,BD3",GM12878_10kb
3,88660000,assembly_gap,moderate,none,none,none,D3,D3,"BD2,BD3",GM12878_10kb
3,88700000,assembly_gap,weak,none,none,none,D1,D1,"BD2,BD3",GM12878_10kb
3,88740000,assembly_gap,weak,none,none,none,D1,D1,"BD2,BD3",GM12878_10kb
3,88750000,assembly_gap,weak,none,none,none,D1,D1,"BD2,BD3",GM12878_10kb
3,88770000,assembly_gap,weak,none,none,none,D1,D1,"BD2,BD3",GM12878_10kb
3,88780000,assembly_gap,weak,none,none,none,D1,D1,"BD2,BD3",GM12878_10kb
3,88810000,assembly_gap,weak,none,none,none,D1,D1,"BD2,BD3",GM12878_10kb
3,88830000,assembly_gap,weak,none,none,none,D1,D1,"BD2,BD3",GM12878_10kb
3,88850000,assembly_gap,weak,none,none,none,D1,D1,"BD2,BD3",GM12878_10kb
3,88900000,assembly_gap,weak,none,none,none,D1,D1,"BD2,BD3",GM12878_10kb
3,88960000,assembly_gap,weak,none,none,none,D1,D1,"BD2,BD3",GM12878_10kb
3,88970000,assembly_gap,weak,none,none,none,D1,D1,"BD2,BD3",GM12878_10kb
3,88990000,assembly_gap,weak,none,none,none,D1,D1,"BD2,BD3",GM12878_10kb
3,89000000,assembly_gap,weak,none,none,none,D1,D1,"BD2,BD3",GM12878_10kb
3,89080000,assembly_gap,weak,weak,none,moderate,D3,D3,"BD2,BD3",GM12878_10kb
3,89090000,assembly_gap,weak,weak,none,moderate,D3,D3,"BD2,BD3",GM12878_10kb
3,89100000,assembly_gap,weak,moderate,none,moderate,D3,D3,"BD2,BD3",GM12878_10kb
3,89110000,assembly_gap,weak,moderate,none,moderate,D3,D3,"BD2,BD3",GM12878_10kb
3,89160000,assembly_gap,weak,none,none,none,D1,D1,"BD2,BD3",GM12878_10kb
3,89170000,assembly_gap,weak,none,none,none,D1,D1,"BD2,BD3",GM12878_10kb
3,89180000,assembly_gap,weak,none,none,none,D1,D1,"BD2,BD3",GM12878_10kb
3,89200000,assembly_gap,weak,none,none,none,D1,D1,"BD2,BD3",GM12878_10kb
3,89230000,assembly_gap,weak,none,none,none,D1,D1,"BD2,BD3",GM12878_10kb
3,89250000,assembly_gap,weak,none,none,none,D1,D1,"BD2,BD3",GM12878_10kb
3,89300000,assembly_gap,weak,none,none,none,D1,D1,"BD2,BD3",GM12878_10kb
3,89310000,assembly_gap,weak,none,none,none,D1,D1,"BD2,BD3",GM12878_10kb
3,89330000,assembly_gap,weak,none,none,none,D1,D1,"BD2,BD3",GM12878_10kb
3,89350000,assembly_gap,weak,none,none,none,D1,D1,"BD2,BD3",GM12878_10kb
3,89420000,assembly_gap,weak,none,none,none,D1,D1,"BD2,BD3",GM12878_10kb
3,89430000,assembly_gap,weak,none,none,none,D1,D1,"BD2,BD3",GM12878_10kb
3,89460000,assembly_gap,weak,none,none,none,D1,D1,"BD2,BD3",GM12878_10kb
3,89470000,assembly_gap,weak,none,none,none,D1,D1,"BD2,BD3",GM12878_10kb
3,89510000,assembly_gap,weak,none,none,none,D1,D1,"BD2,BD3",GM12878_10kb
3,89550000,assembly_gap,weak,none,none,none,D1,D1,"BD2,BD3",GM12878_10kb
3,89610000,assembly_gap,weak,none,none,none,D1,D1,"BD2,BD3",GM12878_10kb
3,89640000,assembly_gap,weak,none,none,none,D1,D1,"BD2,BD3",GM12878_10kb
3,89650000,assembly_gap,weak,none,none,none,D1,D1,"BD2,BD3",GM12878_10kb
3,89680000,assembly_gap,weak,none,none,none,D1,D1,"BD2,BD3",GM12878_10kb
3,89720000,assembly_gap,weak,none,none,none,D1,D1,"BD2,BD3",GM12878_10kb
3,89740000,assembly_gap,weak,none,none,none,D1,D1,"BD2,BD3",GM12878_10kb
3,89800000,assembly_gap,weak,none,none,none,D1,D1,"BD2,BD3",GM12878_10kb
3,89810000,assembly_gap,weak,none,none,none,D1,D1,"BD2,BD3",GM12878_10kb
3,89870000,assembly_gap,weak,none,none,none,D1,D1,"BD2,BD3",GM12878_10kb
3,89940000,assembly_gap,weak,none,none,none,D1,D1,"BD2,BD3",GM12878_10kb
3,89960000,assembly_gap,weak,none,none,none,D1,D1,"BD2,BD3",GM12878_10kb
3,90000000,assembly_gap,weak,none,none,none,D1,D1,"BD2,BD3",GM12878_10kb
3,90030000,assembly_gap,weak,none,none,none,D1,D1,"BD2,BD3",GM12878_10kb
3,90050000,assembly_gap,weak,none,none,none,D1,D1,"BD2,BD3",GM12878_10kb
3,90090000,assembly_gap,weak,none,none,none,D1,D1,"BD2,BD3",GM12878_10kb
3,90100000,assembly_gap,moderate,none,none,none,D3,D3,"BD2,BD3",GM12878_10kb
3,90110000,assembly_gap,moderate,none,none,none,D3,D3,"BD2,BD3",GM12878_10kb
3,90120000,assembly_gap,weak,none,none,none,D1,D1,"BD2,BD3",GM12878_10kb
3,90170000,assembly_gap,weak,none,none,none,D1,D1,"BD2,BD3",GM12878_10kb
3,90200000,assembly_gap,weak,none,none,none,D1,D1,"BD2,BD3",GM12878_10kb
3,90270000,assembly_gap+encode_blacklist,weak,none,none,none,D1,D1,"BD2,BD3",GM12878_10kb
3,90330000,assembly_gap+encode_blacklist,weak,none,none,none,D1,D1,"BD2,BD3",GM12878_10kb
3,90390000,assembly_gap+encode_blacklist,weak,none,none,none,D1,D1,"BD2,BD3",GM12878_10kb
3,90440000,assembly_gap+encode_blacklist,weak,none,none,none,D1,D1,"BD2,BD3",GM12878_10kb
3,91290000,assembly_gap,moderate,none,none,none,D3,D3,"BD2,BD3",GM12878_10kb
3,91300000,assembly_gap,moderate,none,none,none,D3,D3,"BD2,BD3",GM12878_10kb
3,91360000,assembly_gap,weak,none,none,none,D1,D1,"BD2,BD3",GM12878_10kb
3,91390000,assembly_gap,weak,none,none,none,D1,D1,"BD2,BD3",GM12878_10kb
3,91400000,assembly_gap,weak,none,none,none,D1,D1,"BD2,BD3",GM12878_10kb
3,91420000,assembly_gap,weak,none,none,none,D1,D1,"BD2,BD3",GM12878_10kb
3,91440000,assembly_gap,weak,none,none,none,D1,D1,"BD2,BD3",GM12878_10kb
3,91500000,assembly_gap,weak,none,none,none,D1,D1,"BD2,BD3",GM12878_10kb
3,91510000,assembly_gap,weak,none,none,none,D1,D1,"BD2,BD3",GM12878_10kb
3,93730000,assembly_gap+encode_blacklist,weak,none,none,none,D1,D1,"BD2,BD3",GM12878_10kb
3,93800000,assembly_gap+encode_blacklist,weak,none,none,none,D1,D1,"BD2,BD3",GM12878_10kb
3,93880000,assembly_gap,weak,none,none,none,D1,D1,"BD2,BD3",GM12878_10kb
3,93960000,assembly_gap,moderate,none,none,none,D3,D3,"BD2,BD3",GM12878_10kb
3,93970000,assembly_gap,strong,none,none,none,D3,D3,"BD2,BD3",GM12878_10kb
3,93980000,assembly_gap,moderate,none,none,none,D3,D3,"BD2,BD3",GM12878_10kb
3,94070000,assembly_gap,weak,none,none,none,D1,D1,"BD2,BD3",GM12878_10kb
3,94130000,assembly_gap,weak,none,none,none,D1,D1,"BD2,BD3",GM12878_10kb
3,94140000,assembly_gap,weak,none,none,none,D1,D1,"BD2,BD3",GM12878_10kb
3,94160000,assembly_gap,weak,none,none,none,D1,D1,"BD2,BD3",GM12878_10kb
3,94220000,assembly_gap,weak,none,weak,moderate,D3,D3,"BD2,BD3",GM12878_10kb
3,94240000,assembly_gap,moderate,weak,moderate,moderate,D4,D4,"BD2,BD3",GM12878_10kb
3,94250000,assembly_gap,moderate,weak,moderate,moderate,D4,D4,"BD2,BD3",GM12878_10kb
3,94300000,assembly_gap,weak,none,none,none,D1,D1,"BD2,BD3",GM12878_10kb
3,94310000,assembly_gap,weak,none,none,none,D1,D1,"BD2,BD3",GM12878_10kb
3,94320000,assembly_gap,weak,none,none,none,D1,D1,"BD2,BD3",GM12878_10kb
3,94420000,assembly_gap,weak,none,none,none,D1,D1,"BD2,BD3",GM12878_10kb
3,94490000,assembly_gap,weak,none,none,none,D1,D1,"BD2,BD3",GM12878_10kb
3,94530000,assembly_gap,weak,none,none,none,D1,D1,"BD2,BD3",GM12878_10kb
3,94540000,assembly_gap,weak,none,none,none,D1,D1,"BD2,BD3",GM12878_10kb
3,94610000,assembly_gap,weak,none,none,none,D1,D1,"BD2,BD3",GM12878_10kb
3,94620000,assembly_gap,weak,none,none,none,D1,D1,"BD2,BD3",GM12878_10kb
3,94660000,assembly_gap,weak,none,none,none,D1,D1,"BD2,BD3",GM12878_10kb
3,94680000,assembly_gap,weak,none,none,none,D1,D1,"BD2,BD3",GM12878_10kb
3,94740000,assembly_gap,weak,none,none,none,D1,D1,"BD2,BD3",GM12878_10kb
3,94750000,assembly_gap,weak,none,none,none,D1,D1,"BD2,BD3",GM12878_10kb
3,94790000,assembly_gap,weak,none,none,none,D1,D1,"BD2,BD3",GM12878_10kb
3,94810000,assembly_gap,weak,none,none,none,D1,D1,"BD2,BD3",GM12878_10kb
3,94830000,assembly_gap,weak,none,none,none,D1,D1,"BD2,BD3",GM12878_10kb
3,94850000,assembly_gap,weak,none,none,none,D1,D1,"BD2,BD3",GM12878_10kb
3,94880000,assembly_gap,weak,none,none,none,D1,D1,"BD2,BD3",GM12878_10kb
3,94920000,assembly_gap,weak,none,none,none,D1,D1,"BD2,BD3",GM12878_10kb
3,94930000,assembly_gap,weak,none,none,none,D1,D1,"BD2,BD3",GM12878_10kb
3,94960000,assembly_gap,weak,none,none,none,D1,D1,"BD2,BD3",GM12878_10kb
3,94990000,assembly_gap,weak,none,none,none,D1,D1,"BD2,BD3",GM12878_10kb
3,95030000,assembly_gap,weak,none,none,none,D1,D1,"BD2,BD3",GM12878_10kb
3,95060000,assembly_gap,weak,none,none,none,D1,D1,"BD2,BD3",GM12878_10kb
3,95070000,assembly_gap,weak,none,none,none,D1,D1,"BD2,BD3",GM12878_10kb
3,95090000,assembly_gap,weak,none,none,none,D1,D1,"BD2,BD3",GM12878_10kb
3,95300000,assembly_gap,weak,none,none,none,D1,D1,"BD2,BD3",GM12878_10kb
3,95440000,assembly_gap,weak,none,none,none,D1,D1,"BD2,BD3",GM12878_10kb
3,95520000,assembly_gap,weak,none,none,none,D1,D1,"BD2,BD3",GM12878_10kb
3,95540000,assembly_gap,weak,none,none,none,D1,D1,"BD2,BD3",GM12878_10kb
3,95560000,assembly_gap,weak,none,none,none,D1,D1,"BD2,BD3",GM12878_10kb
3,95600000,assembly_gap,weak,none,none,none,D1,D1,"BD2,BD3",GM12878_10kb
3,95660000,assembly_gap,weak,none,none,none,D1,D1,"BD2,BD3",GM12878_10kb
3,95730000,assembly_gap,moderate,none,none,none,D3,D3,"BD2,BD3",GM12878_10kb
3,95740000,assembly_gap,moderate,none,none,none,D3,D3,"BD2,BD3",GM12878_10kb
3,95780000,assembly_gap,weak,none,none,none,D1,D1,"BD2,BD3",GM12878_10kb
3,95820000,assembly_gap,weak,none,none,none,D1,D1,"BD2,BD3",GM12878_10kb
3,95870000,assembly_gap,weak,none,none,none,D1,D1,"BD2,BD3",GM12878_10kb
3,95930000,assembly_gap,weak,none,none,none,D1,D1,"BD2,BD3",GM12878_10kb
3,95940000,assembly_gap,weak,none,none,none,D1,D1,"BD2,BD3",GM12878_10kb
3,96000000,assembly_gap,weak,none,none,none,D1,D1,"BD2,BD3",GM12878_10kb
3,96010000,assembly_gap,weak,none,none,none,D1,D1,"BD2,BD3",GM12878_10kb
3,96050000,assembly_gap,weak,none,none,none,D1,D1,"BD2,BD3",GM12878_10kb
3,96120000,assembly_gap,weak,none,none,none,D1,D1,"BD2,BD3",GM12878_10kb
3,96140000,assembly_gap,weak,none,none,none,D1,D1,"BD2,BD3",GM12878_10kb
3,96180000,assembly_gap,weak,none,none,none,D1,D1,"BD2,BD3",GM12878_10kb
3,96190000,assembly_gap,weak,none,none,none,D1,D1,"BD2,BD3",GM12878_10kb
3,96230000,assembly_gap,weak,none,none,none,D1,D1,"BD2,BD3",GM12878_10kb
3,96260000,assembly_gap,weak,none,none,none,D1,D1,"BD2,BD3",GM12878_10kb
3,96270000,assembly_gap,weak,none,none,none,D1,D1,"BD2,BD3",GM12878_10kb
3,96290000,assembly_gap,weak,none,none,none,D1,D1,"BD2,BD3",GM12878_10kb
3,96330000,assembly_gap,weak,none,none,none,D1,D1,"BD2,BD3",GM12878_10kb
3,96350000,assembly_gap,weak,none,none,none,D1,D1,"BD2,BD3",GM12878_10kb
3,96370000,assembly_gap,weak,none,none,none,D1,D1,"BD2,BD3",GM12878_10kb
3,96440000,assembly_gap,weak,none,none,none,D1,D1,"BD2,BD3",GM12878_10kb
3,96500000,assembly_gap,weak,none,none,none,D1,D1,"BD2,BD3",GM12878_10kb
3,96600000,assembly_gap,weak,none,none,none,D1,D1,"BD2,BD3",GM12878_10kb
3,96620000,assembly_gap,weak,none,none,none,D1,D1,"BD2,BD3",GM12878_10kb
3,96630000,assembly_gap,weak,none,none,none,D1,D1,"BD2,BD3",GM12878_10kb
3,96660000,assembly_gap,weak,none,none,none,D1,D1,"BD2,BD3",GM12878_10kb
3,96710000,assembly_gap,weak,none,none,none,D1,D1,"BD2,BD3",GM12878_10kb
3,96790000,assembly_gap,weak,weak,none,moderate,D3,D3,"BD2,BD3",GM12878_10kb
3,96800000,assembly_gap,weak,weak,none,moderate,D3,D3,"BD2,BD3",GM12878_10kb
3,96810000,assembly_gap,weak,weak,none,moderate,D3,D3,"BD2,BD3",GM12878_10kb
3,96840000,assembly_gap,moderate,weak,none,moderate,D4,D4,"BD2,BD3",GM12878_10kb
3,96850000,assembly_gap,moderate,weak,none,moderate,D4,D4,"BD2,BD3",GM12878_10kb
3,96910000,assembly_gap,weak,none,none,none,D1,D1,"BD2,BD3",GM12878_10kb
3,96970000,assembly_gap,weak,none,none,none,D1,D1,"BD2,BD3",GM12878_10kb
3,97030000,assembly_gap,weak,none,none,none,D1,D1,"BD2,BD3",GM12878_10kb
3,97040000,assembly_gap,weak,none,none,none,D1,D1,"BD2,BD3",GM12878_10kb
3,97050000,assembly_gap,weak,none,none,none,D1,D1,"BD2,BD3",GM12878_10kb
3,97160000,assembly_gap,weak,none,none,none,D1,D1,"BD2,BD3",GM12878_10kb
3,97170000,assembly_gap,weak,none,none,none,D1,D1,"BD2,BD3",GM12878_10kb
3,97200000,assembly_gap,weak,none,none,none,D1,D1,"BD2,BD3",GM12878_10kb
3,97230000,assembly_gap,weak,none,none,none,D1,D1,"BD2,BD3",GM12878_10kb
3,97310000,assembly_gap,weak,none,none,none,D1,D1,"BD2,BD3",GM12878_10kb
3,97360000,assembly_gap,weak,none,none,none,D1,D1,"BD2,BD3",GM12878_10kb
3,97370000,assembly_gap,weak,none,none,none,D1,D1,"BD2,BD3",GM12878_10kb
3,97380000,assembly_gap,weak,none,none,none,D1,D1,"BD2,BD3",GM12878_10kb
3,97430000,assembly_gap,weak,none,none,none,D1,D1,"BD2,BD3",GM12878_10kb
3,97440000,assembly_gap,weak,none,none,none,D1,D1,"BD2,BD3",GM12878_10kb
3,97480000,assembly_gap,weak,none,none,none,D1,D1,"BD2,BD3",GM12878_10kb
3,97560000,assembly_gap,weak,none,none,none,D1,D1,"BD2,BD3",GM12878_10kb
3,97600000,assembly_gap,weak,none,none,none,D1,D1,"BD2,BD3",GM12878_10kb
3,97660000,assembly_gap,weak,none,none,none,D1,D1,"BD2,BD3",GM12878_10kb
3,97700000,assembly_gap,weak,weak,none,none,D2,D1,"BD2,BD3",GM12878_10kb
3,97710000,assembly_gap,weak,weak,none,none,D2,D1,"BD2,BD3",GM12878_10kb
3,97740000,assembly_gap,weak,weak,none,none,D2,D1,"BD2,BD3",GM12878_10kb
3,97750000,assembly_gap,strong,none,none,strong,D5,D5,"BD2,BD3",GM12878_10kb
3,97760000,assembly_gap,moderate,none,none,strong,D4,D4,"BD2,BD3",GM12878_10kb
3,97830000,assembly_gap,weak,none,none,strong,D3,D3,"BD2,BD3",GM12878_10kb
3,97840000,assembly_gap,weak,none,none,strong,D3,D3,"BD2,BD3",GM12878_10kb
3,97890000,assembly_gap,weak,none,none,none,D1,D1,"BD2,BD3",GM12878_10kb
3,97960000,assembly_gap,weak,none,weak,none,D2,D1,"BD2,BD3",GM12878_10kb
3,97970000,assembly_gap,weak,none,weak,none,D2,D1,"BD2,BD3",GM12878_10kb
3,98020000,assembly_gap,moderate,strong,moderate,strong,D4,D4,"BD2,BD3",GM12878_10kb
3,98030000,assembly_gap,strong,strong,moderate,strong,D5,D5,"BD2,BD3",GM12878_10kb
3,98040000,assembly_gap,strong,strong,moderate,strong,D5,D5,"BD2,BD3",GM12878_10kb
3,98180000,assembly_gap,strong,none,none,moderate,D4,D4,"BD2,BD3",GM12878_10kb
3,98330000,assembly_gap,strong,moderate,moderate,strong,D5,D5,"BD2,BD3",GM12878_10kb
3,98340000,assembly_gap,strong,moderate,moderate,strong,D5,D5,"BD2,BD3",GM12878_10kb
3,98350000,assembly_gap,moderate,moderate,moderate,strong,D4,D4,"BD2,BD3",GM12878_10kb
3,98360000,assembly_gap,weak,weak,weak,strong,D3,D3,"BD2,BD3",GM12878_10kb
3,98430000,assembly_gap,weak,none,none,none,D1,D1,"BD2,BD3",GM12878_10kb
3,98510000,assembly_gap,strong,none,none,strong,D5,D5,"BD2,BD3",GM12878_10kb
3,98520000,assembly_gap,strong,none,weak,strong,D5,D5,"BD2,BD3",GM12878_10kb
3,98590000,assembly_gap,moderate,moderate,moderate,strong,D4,D4,"BD2,BD3",GM12878_10kb
3,166160000,encode_blacklist,weak,none,none,none,D1,D1,"BD2,BD3",GM12878_10kb
4,1430000,assembly_gap,weak,none,none,none,D1,D1,"BD2,BD3",GM12878_10kb
4,1440000,assembly_gap,weak,none,none,none,D1,D1,"BD2,BD3",GM12878_10kb
4,8800000,assembly_gap,weak,none,none,none,D1,D1,"BD2,BD3",GM12878_10kb
4,8810000,assembly_gap,weak,none,none,none,D1,D1,"BD2,BD3",GM12878_10kb
4,31820000,assembly_gap,weak,none,none,none,D1,D1,"BD2,BD3",GM12878_10kb
4,31830000,assembly_gap,weak,none,none,none,D1,D1,"BD2,BD3",GM12878_10kb
4,48270000,assembly_gap,weak,moderate,moderate,moderate,D3,D3,"BD2,BD3",GM12878_10kb
4,48290000,assembly_gap,moderate,strong,moderate,moderate,D4,D4,"BD2,BD3",GM12878_10kb
4,48300000,assembly_gap,moderate,moderate,weak,moderate,D4,D4,"BD2,BD3",GM12878_10kb
4,48330000,assembly_gap,weak,moderate,none,none,D3,D1,"BD2,BD3",GM12878_10kb
4,48340000,assembly_gap,weak,none,none,none,D1,D1,"BD2,BD3",GM12878_10kb
4,48380000,assembly_gap,weak,none,none,none,D1,D1,"BD2,BD3",GM12878_10kb
4,48430000,assembly_gap,weak,weak,none,moderate,D3,D3,"BD2,BD3",GM12878_10kb
4,48560000,assembly_gap,strong,moderate,weak,moderate,D4,D4,"BD2,BD3",GM12878_10kb
4,48570000,assembly_gap,strong,moderate,weak,moderate,D4,D4,"BD2,BD3",GM12878_10kb
4,48580000,assembly_gap,weak,moderate,none,moderate,D3,D3,"BD2,BD3",GM12878_10kb
4,48630000,assembly_gap,weak,none,none,none,D1,D1,"BD2,BD3",GM12878_10kb
4,48680000,assembly_gap,weak,none,none,none,D1,D1,"BD2,BD3",GM12878_10kb
4,48690000,assembly_gap,weak,none,none,none,D1,D1,"BD2,BD3",GM12878_10kb
4,48780000,assembly_gap,weak,none,none,none,D1,D1,"BD2,BD3",GM12878_10kb
4,48840000,assembly_gap,weak,none,none,none,D1,D1,"BD2,BD3",GM12878_10kb
4,48910000,assembly_gap,weak,none,none,none,D1,D1,"BD2,BD3",GM12878_10kb
4,48960000,assembly_gap,weak,moderate,weak,strong,D3,D3,"BD2,BD3",GM12878_10kb
4,48970000,assembly_gap,moderate,moderate,weak,strong,D4,D4,"BD2,BD3",GM12878_10kb
4,48980000,assembly_gap,moderate,moderate,weak,strong,D4,D4,"BD2,BD3",GM12878_10kb
4,48990000,assembly_gap,weak,none,none,strong,D3,D3,"BD2,BD3",GM12878_10kb
4,49090000,assembly_gap,weak,none,none,none,D1,D1,"BD2,BD3",GM12878_10kb
4,49150000,assembly_gap,weak,none,none,none,D1,D1,"BD2,BD3",GM12878_10kb
4,49160000,assembly_gap,weak,none,none,none,D1,D1,"BD2,BD3",GM12878_10kb
4,49270000,assembly_gap,weak,none,none,none,D1,D1,"BD2,BD3",GM12878_10kb
4,49340000,assembly_gap,weak,none,none,none,D1,D1,"BD2,BD3",GM12878_10kb
4,49550000,assembly_gap,weak,none,none,none,D1,D1,"BD2,BD3",GM12878_10kb
4,49590000,assembly_gap,weak,none,none,none,D1,D1,"BD2,BD3",GM12878_10kb
4,49600000,assembly_gap,weak,none,none,none,D1,D1,"BD2,BD3",GM12878_10kb
4,49620000,assembly_gap,weak,none,none,none,D1,D1,"BD2,BD3",GM12878_10kb
4,49630000,assembly_gap,weak,none,none,none,D1,D1,"BD2,BD3",GM12878_10kb
4,49660000,assembly_gap,weak,none,none,none,D1,D1,"BD2,BD3",GM12878_10kb
4,51810000,encode_blacklist,weak,none,none,none,D1,D1,"BD2,BD3",GM12878_10kb
4,58880000,assembly_gap,weak,none,none,none,D1,D1,"BD2,BD3",GM12878_10kb
4,58920000,assembly_gap,weak,none,none,none,D1,D1,"BD2,BD3",GM12878_10kb
5,45940000,encode_blacklist,weak,none,none,none,D1,D1,"BD2,BD3",GM12878_10kb
5,46280000,assembly_gap+encode_blacklist,weak,none,none,none,D1,D1,"BD2,BD3",GM12878_10kb
5,46320000,assembly_gap+encode_blacklist,weak,none,none,none,D1,D1,"BD2,BD3",GM12878_10kb
5,46390000,assembly_gap+encode_blacklist,weak,none,none,none,D1,D1,"BD2,BD3",GM12878_10kb
5,50140000,assembly_gap+encode_blacklist,weak,none,none,none,D1,D1,"BD2,BD3",GM12878_10kb
5,50180000,assembly_gap+encode_blacklist,weak,none,none,none,D1,D1,"BD2,BD3",GM12878_10kb
5,50230000,assembly_gap+encode_blacklist,weak,none,none,none,D1,D1,"BD2,BD3",GM12878_10kb
5,50250000,assembly_gap+encode_blacklist,weak,none,none,none,D1,D1,"BD2,BD3",GM12878_10kb
5,50280000,assembly_gap,weak,none,none,none,D1,D1,"BD2,BD3",GM12878_10kb
5,50360000,assembly_gap,weak,none,none,none,D1,D1,"BD2,BD3",GM12878_10kb
5,50380000,assembly_gap,weak,none,none,moderate,D3,D3,"BD2,BD3",GM12878_10kb
5,50410000,assembly_gap,weak,none,none,moderate,D3,D3,"BD2,BD3",GM12878_10kb
5,50430000,assembly_gap,weak,none,none,moderate,D3,D3,"BD2,BD3",GM12878_10kb
5,50440000,assembly_gap,weak,none,none,moderate,D3,D3,"BD2,BD3",GM12878_10kb
5,50510000,assembly_gap,weak,none,none,none,D1,D1,"BD2,BD3",GM12878_10kb
5,50530000,assembly_gap,weak,none,none,none,D1,D1,"BD2,BD3",GM12878_10kb
5,50540000,assembly_gap,weak,none,none,none,D1,D1,"BD2,BD3",GM12878_10kb
5,50550000,assembly_gap,weak,none,none,none,D1,D1,"BD2,BD3",GM12878_10kb
5,50610000,assembly_gap,weak,none,none,none,D1,D1,"BD2,BD3",GM12878_10kb
5,50660000,assembly_gap,weak,none,none,none,D1,D1,"BD2,BD3",GM12878_10kb
5,50670000,assembly_gap,weak,none,none,none,D1,D1,"BD2,BD3",GM12878_10kb
5,50680000,assembly_gap,weak,none,none,none,D1,D1,"BD2,BD3",GM12878_10kb
5,50740000,assembly_gap,weak,weak,none,moderate,D3,D3,"BD2,BD3",GM12878_10kb
5,50760000,assembly_gap,weak,weak,none,moderate,D3,D3,"BD2,BD3",GM12878_10kb
5,50800000,assembly_gap,weak,none,none,none,D1,D1,"BD2,BD3",GM12878_10kb
5,50850000,assembly_gap,weak,none,none,none,D1,D1,"BD2,BD3",GM12878_10kb
5,50860000,assembly_gap,moderate,none,none,none,D3,D3,"BD2,BD3",GM12878_10kb
5,50870000,assembly_gap,weak,none,none,none,D1,D1,"BD2,BD3",GM12878_10kb
5,50900000,assembly_gap,weak,none,none,none,D1,D1,"BD2,BD3",GM12878_10kb
5,50910000,assembly_gap,weak,none,none,strong,D3,D3,"BD2,BD3",GM12878_10kb
5,50930000,assembly_gap,weak,none,none,strong,D3,D3,"BD2,BD3",GM12878_10kb
5,50950000,assembly_gap,weak,moderate,strong,strong,D3,D3,"BD2,BD3",GM12878_10kb
5,51020000,assembly_gap,weak,none,none,none,D1,D1,"BD2,BD3",GM12878_10kb
5,51100000,assembly_gap,moderate,none,none,none,D3,D3,"BD2,BD3",GM12878_10kb
5,51110000,assembly_gap,moderate,none,none,none,D3,D3,"BD2,BD3",GM12878_10kb
5,51130000,assembly_gap,weak,none,none,none,D1,D1,"BD2,BD3",GM12878_10kb
5,51230000,assembly_gap,weak,none,none,none,D1,D1,"BD2,BD3",GM12878_10kb
5,51280000,assembly_gap,weak,none,none,none,D1,D1,"BD2,BD3",GM12878_10kb
5,51290000,assembly_gap,weak,none,none,none,D1,D1,"BD2,BD3",GM12878_10kb
5,51350000,assembly_gap,weak,none,none,none,D1,D1,"BD2,BD3",GM12878_10kb
5,51380000,assembly_gap,weak,none,none,none,D1,D1,"BD2,BD3",GM12878_10kb
5,80650000,encode_blacklist,weak,weak,none,strong,D3,D3,"BD2,BD3",GM12878_10kb
6,58460000,assembly_gap,weak,none,none,none,D1,D1,"BD2,BD3",GM12878_10kb
6,60230000,assembly_gap,weak,none,none,none,D1,D1,"BD2,BD3",GM12878_10kb
6,60240000,assembly_gap,moderate,none,none,none,D3,D3,"BD2,BD3",GM12878_10kb
6,60250000,assembly_gap,strong,none,none,none,D3,D3,"BD2,BD3",GM12878_10kb
6,60260000,assembly_gap,weak,none,none,none,D1,D1,"BD2,BD3",GM12878_10kb
6,60310000,assembly_gap,weak,none,none,none,D1,D1,"BD2,BD3",GM12878_10kb
6,60330000,assembly_gap,weak,none,none,none,D1,D1,"BD2,BD3",GM12878_10kb
6,60340000,assembly_gap,weak,none,none,none,D1,D1,"BD2,BD3",GM12878_10kb
6,60350000,assembly_gap,weak,none,none,none,D1,D1,"BD2,BD3",GM12878_10kb
6,60380000,assembly_gap,weak,none,none,none,D1,D1,"BD2,BD3",GM12878_10kb
6,60390000,assembly_gap,weak,none,none,none,D1,D1,"BD2,BD3",GM12878_10kb
6,60460000,assembly_gap,weak,none,none,none,D1,D1,"BD2,BD3",GM12878_10kb
6,60470000,assembly_gap,weak,none,none,none,D1,D1,"BD2,BD3",GM12878_10kb
6,60480000,assembly_gap,weak,none,none,none,D1,D1,"BD2,BD3",GM12878_10kb
6,60500000,assembly_gap,weak,none,none,none,D1,D1,"BD2,BD3",GM12878_10kb
6,60510000,assembly_gap,weak,none,none,none,D1,D1,"BD2,BD3",GM12878_10kb
6,60520000,assembly_gap,weak,none,none,none,D1,D1,"BD2,BD3",GM12878_10kb
6,60530000,assembly_gap,weak,none,none,none,D1,D1,"BD2,BD3",GM12878_10kb
6,60550000,assembly_gap,weak,none,none,none,D1,D1,"BD2,BD3",GM12878_10kb
6,60560000,assembly_gap,weak,none,none,none,D1,D1,"BD2,BD3",GM12878_10kb
6,60630000,assembly_gap,weak,none,none,none,D1,D1,"BD2,BD3",GM12878_10kb
6,60700000,assembly_gap,weak,none,none,none,D1,D1,"BD2,BD3",GM12878_10kb
6,60730000,assembly_gap,weak,none,none,none,D1,D1,"BD2,BD3",GM12878_10kb
6,60770000,assembly_gap,weak,none,none,none,D1,D1,"BD2,BD3",GM12878_10kb
6,60780000,assembly_gap,weak,none,none,none,D1,D1,"BD2,BD3",GM12878_10kb
6,60800000,assembly_gap,weak,none,none,none,D1,D1,"BD2,BD3",GM12878_10kb
6,60860000,assembly_gap,weak,none,none,none,D1,D1,"BD2,BD3",GM12878_10kb
6,60940000,assembly_gap,weak,none,none,none,D1,D1,"BD2,BD3",GM12878_10kb
6,60990000,assembly_gap,weak,none,none,none,D1,D1,"BD2,BD3",GM12878_10kb
6,61000000,assembly_gap,moderate,none,none,none,D3,D3,"BD2,BD3",GM12878_10kb
6,61010000,assembly_gap,weak,none,none,none,D1,D1,"BD2,BD3",GM12878_10kb
6,61040000,assembly_gap,weak,none,none,none,D1,D1,"BD2,BD3",GM12878_10kb
6,61050000,assembly_gap,weak,none,none,none,D1,D1,"BD2,BD3",GM12878_10kb
6,61080000,assembly_gap,weak,none,none,none,D1,D1,"BD2,BD3",GM12878_10kb
6,61120000,assembly_gap,weak,none,none,none,D1,D1,"BD2,BD3",GM12878_10kb
6,61140000,assembly_gap,weak,none,none,none,D1,D1,"BD2,BD3",GM12878_10kb
6,61210000,assembly_gap,weak,none,none,none,D1,D1,"BD2,BD3",GM12878_10kb
6,61280000,assembly_gap+encode_blacklist,weak,none,none,none,D1,D1,"BD2,BD3",GM12878_10kb
6,61290000,assembly_gap+encode_blacklist,moderate,none,none,none,D3,D3,"BD2,BD3",GM12878_10kb
6,61300000,assembly_gap+encode_blacklist,weak,none,none,none,D1,D1,"BD2,BD3",GM12878_10kb
6,61320000,assembly_gap+encode_blacklist,weak,none,none,none,D1,D1,"BD2,BD3",GM12878_10kb
6,61520000,assembly_gap+encode_blacklist,moderate,none,none,none,D3,D3,"BD2,BD3",GM12878_10kb
6,61530000,assembly_gap,moderate,none,none,none,D3,D3,"BD2,BD3",GM12878_10kb
6,61610000,assembly_gap,weak,none,none,none,D1,D1,"BD2,BD3",GM12878_10kb
6,61720000,assembly_gap,weak,none,none,none,D1,D1,"BD2,BD3",GM12878_10kb
6,61760000,assembly_gap,weak,none,none,none,D1,D1,"BD2,BD3",GM12878_10kb
6,61780000,assembly_gap,weak,none,none,none,D1,D1,"BD2,BD3",GM12878_10kb
6,61790000,assembly_gap,strong,none,none,none,D3,D3,"BD2,BD3",GM12878_10kb
6,61800000,assembly_gap,moderate,none,none,none,D3,D3,"BD2,BD3",GM12878_10kb
6,61810000,assembly_gap,weak,none,none,none,D1,D1,"BD2,BD3",GM12878_10kb
6,61860000,assembly_gap,weak,none,none,none,D1,D1,"BD2,BD3",GM12878_10kb
6,61880000,assembly_gap,weak,none,none,none,D1,D1,"BD2,BD3",GM12878_10kb
6,61930000,assembly_gap,weak,none,none,none,D1,D1,"BD2,BD3",GM12878_10kb
6,61940000,assembly_gap,weak,none,none,none,D1,D1,"BD2,BD3",GM12878_10kb
6,61970000,assembly_gap,weak,none,none,none,D1,D1,"BD2,BD3",GM12878_10kb
6,62000000,assembly_gap,weak,none,none,none,D1,D1,"BD2,BD3",GM12878_10kb
6,62080000,assembly_gap,weak,none,none,none,D1,D1,"BD2,BD3",GM12878_10kb
6,62140000,assembly_gap,weak,none,none,none,D1,D1,"BD2,BD3",GM12878_10kb
6,62160000,assembly_gap,weak,none,none,none,D1,D1,"BD2,BD3",GM12878_10kb
6,62200000,assembly_gap,weak,none,none,none,D1,D1,"BD2,BD3",GM12878_10kb
6,62220000,assembly_gap,weak,none,none,none,D1,D1,"BD2,BD3",GM12878_10kb
6,62250000,assembly_gap,weak,none,none,none,D1,D1,"BD2,BD3",GM12878_10kb
6,62270000,assembly_gap,weak,none,none,none,D1,D1,"BD2,BD3",GM12878_10kb
6,62290000,assembly_gap,weak,none,none,none,D1,D1,"BD2,BD3",GM12878_10kb
6,62320000,assembly_gap,weak,none,none,none,D1,D1,"BD2,BD3",GM12878_10kb
6,62380000,assembly_gap,moderate,none,none,none,D3,D3,"BD2,BD3",GM12878_10kb
6,62390000,assembly_gap,moderate,none,none,none,D3,D3,"BD2,BD3",GM12878_10kb
6,62420000,assembly_gap,weak,none,none,none,D1,D1,"BD2,BD3",GM12878_10kb
6,62510000,assembly_gap,weak,none,none,none,D1,D1,"BD2,BD3",GM12878_10kb
6,62580000,assembly_gap,weak,none,none,none,D1,D1,"BD2,BD3",GM12878_10kb
6,95070000,assembly_gap,weak,none,none,none,D1,D1,"BD2,BD3",GM12878_10kb
6,167630000,assembly_gap,weak,none,none,none,D1,D1,"BD2,BD3",GM12878_10kb
6,167640000,assembly_gap,weak,none,none,none,D1,D1,"BD2,BD3",GM12878_10kb
7,58020000,encode_blacklist,weak,none,none,none,D1,D1,"BD2,BD3",GM12878_10kb
7,58110000,assembly_gap,weak,none,none,none,D1,D1,"BD2,BD3",GM12878_10kb
7,58120000,assembly_gap,weak,none,none,none,D1,D1,"BD2,BD3",GM12878_10kb
7,60910000,assembly_gap+encode_blacklist,weak,none,none,none,D1,D1,"BD2,BD3",GM12878_10kb
7,60920000,assembly_gap+encode_blacklist,weak,none,none,none,D1,D1,"BD2,BD3",GM12878_10kb
7,61080000,assembly_gap+encode_blacklist,weak,none,none,none,D1,D1,"BD2,BD3",GM12878_10kb
7,61090000,assembly_gap+encode_blacklist,weak,none,none,none,D1,D1,"BD2,BD3",GM12878_10kb
7,61720000,assembly_gap+encode_blacklist,weak,none,none,none,D1,D1,"BD2,BD3",GM12878_10kb
7,62250000,encode_blacklist,weak,none,none,none,D1,D1,"BD2,BD3",GM12878_10kb
7,62290000,encode_blacklist,weak,none,none,none,D1,D1,"BD2,BD3",GM12878_10kb
7,62330000,encode_blacklist,weak,none,none,none,D1,D1,"BD2,BD3",GM12878_10kb
7,62360000,encode_blacklist,weak,none,none,none,D1,D1,"BD2,BD3",GM12878_10kb
7,62380000,encode_blacklist,weak,none,none,none,D1,D1,"BD2,BD3",GM12878_10kb
7,62450000,encode_blacklist,moderate,none,none,none,D3,D3,"BD2,BD3",GM12878_10kb
7,62460000,assembly_gap+encode_blacklist,moderate,none,none,none,D3,D3,"BD2,BD3",GM12878_10kb
7,62850000,encode_blacklist,weak,none,none,none,D1,D1,"BD2,BD3",GM12878_10kb
7,62860000,encode_blacklist,weak,none,none,none,D1,D1,"BD2,BD3",GM12878_10kb
7,62960000,encode_blacklist,weak,none,none,none,D1,D1,"BD2,BD3",GM12878_10kb
7,62980000,encode_blacklist,weak,none,none,none,D1,D1,"BD2,BD3",GM12878_10kb
7,159340000,assembly_gap,strong,none,none,none,D3,D3,"BD2,BD3",GM12878_10kb
8,43240000,assembly_gap+encode_blacklist,moderate,none,none,moderate,D4,D4,"BD2,BD3",GM12878_10kb
8,43250000,assembly_gap,moderate,none,none,moderate,D4,D4,"BD2,BD3",GM12878_10kb
8,43270000,assembly_gap,weak,weak,weak,moderate,D3,D3,"BD2,BD3",GM12878_10kb
8,43280000,assembly_gap,weak,weak,weak,moderate,D3,D3,"BD2,BD3",GM12878_10kb
8,43300000,assembly_gap,weak,none,none,moderate,D3,D3,"BD2,BD3",GM12878_10kb
8,43310000,assembly_gap,weak,none,none,moderate,D3,D3,"BD2,BD3",GM12878_10kb
8,43380000,assembly_gap,weak,none,none,none,D1,D1,"BD2,BD3",GM12878_10kb
8,43400000,assembly_gap,weak,none,none,none,D1,D1,"BD2,BD3",GM12878_10kb
8,43440000,assembly_gap,weak,none,none,none,D1,D1,"BD2,BD3",GM12878_10kb
8,43520000,assembly_gap,weak,none,none,none,D1,D1,"BD2,BD3",GM12878_10kb
8,43530000,assembly_gap,weak,none,none,none,D1,D1,"BD2,BD3",GM12878_10kb
8,43580000,assembly_gap,weak,none,none,none,D1,D1,"BD2,BD3",GM12878_10kb
8,43600000,assembly_gap,weak,none,none,none,D1,D1,"BD2,BD3",GM12878_10kb
8,43620000,assembly_gap,weak,none,none,none,D1,D1,"BD2,BD3",GM12878_10kb
8,43630000,assembly_gap,weak,none,none,none,D1,D1,"BD2,BD3",GM12878_10kb
8,43670000,assembly_gap,weak,none,none,moderate,D3,D3,"BD2,BD3",GM12878_10kb
8,43680000,assembly_gap,weak,none,none,moderate,D3,D3,"BD2,BD3",GM12878_10kb
8,43720000,assembly_gap,weak,none,none,moderate,D3,D3,"BD2,BD3",GM12878_10kb
8,43760000,assembly_gap,weak,none,none,none,D1,D1,"BD2,BD3",GM12878_10kb
8,43770000,assembly_gap,weak,none,none,none,D1,D1,"BD2,BD3",GM12878_10kb
8,43800000,assembly_gap,weak,none,none,none,D1,D1,"BD2,BD3",GM12878_10kb
8,43830000,assembly_gap,weak,none,none,none,D1,D1,"BD2,BD3",GM12878_10kb
8,43840000,assembly_gap,weak,none,none,none,D1,D1,"BD2,BD3",GM12878_10kb
8,43850000,assembly_gap,weak,none,none,none,D1,D1,"BD2,BD3",GM12878_10kb
8,43910000,assembly_gap,weak,none,none,none,D1,D1,"BD2,BD3",GM12878_10kb
8,43930000,assembly_gap,weak,none,none,none,D1,D1,"BD2,BD3",GM12878_10kb
8,45950000,assembly_gap+encode_blacklist,weak,none,none,none,D1,D1,"BD2,BD3",GM12878_10kb
8,45980000,assembly_gap,weak,none,none,none,D1,D1,"BD2,BD3",GM12878_10kb
8,45990000,assembly_gap,weak,none,none,none,D1,D1,"BD2,BD3",GM12878_10kb
8,46010000,assembly_gap,weak,none,none,none,D1,D1,"BD2,BD3",GM12878_10kb
8,46060000,assembly_gap,weak,none,none,none,D1,D1,"BD2,BD3",GM12878_10kb
8,46100000,assembly_gap,weak,none,none,none,D1,D1,"BD2,BD3",GM12878_10kb
8,46150000,assembly_gap,weak,none,none,none,D1,D1,"BD2,BD3",GM12878_10kb
8,46160000,assembly_gap,weak,none,none,none,D1,D1,"BD2,BD3",GM12878_10kb
8,46190000,assembly_gap,weak,none,none,none,D1,D1,"BD2,BD3",GM12878_10kb
8,46230000,assembly_gap,weak,none,none,none,D1,D1,"BD2,BD3",GM12878_10kb
8,46290000,assembly_gap,weak,none,none,none,D1,D1,"BD2,BD3",GM12878_10kb
8,46300000,assembly_gap,weak,none,none,none,D1,D1,"BD2,BD3",GM12878_10kb
8,46360000,assembly_gap,weak,none,none,none,D1,D1,"BD2,BD3",GM12878_10kb
8,46380000,assembly_gap,weak,none,none,none,D1,D1,"BD2,BD3",GM12878_10kb
8,46440000,assembly_gap,weak,none,none,none,D1,D1,"BD2,BD3",GM12878_10kb
8,46450000,assembly_gap,weak,none,none,none,D1,D1,"BD2,BD3",GM12878_10kb
8,46460000,assembly_gap,weak,none,none,none,D1,D1,"BD2,BD3",GM12878_10kb
8,46500000,assembly_gap,weak,none,none,none,D1,D1,"BD2,BD3",GM12878_10kb
8,46530000,assembly_gap,weak,none,none,none,D1,D1,"BD2,BD3",GM12878_10kb
8,46570000,assembly_gap,weak,none,none,none,D1,D1,"BD2,BD3",GM12878_10kb
8,46610000,assembly_gap,weak,none,none,none,D1,D1,"BD2,BD3",GM12878_10kb
8,46620000,assembly_gap,weak,none,none,none,D1,D1,"BD2,BD3",GM12878_10kb
8,46630000,assembly_gap,weak,none,none,none,D1,D1,"BD2,BD3",GM12878_10kb
8,46640000,assembly_gap,weak,none,none,none,D1,D1,"BD2,BD3",GM12878_10kb
8,46650000,assembly_gap,weak,none,none,none,D1,D1,"BD2,BD3",GM12878_10kb
8,46660000,assembly_gap,weak,none,none,none,D1,D1,"BD2,BD3",GM12878_10kb
8,46700000,assembly_gap,weak,none,none,none,D1,D1,"BD2,BD3",GM12878_10kb
8,46800000,assembly_gap,weak,none,none,none,D1,D1,"BD2,BD3",GM12878_10kb
8,46850000,assembly_gap,weak,none,none,none,D1,D1,"BD2,BD3",GM12878_10kb
8,46860000,assembly_gap,weak,none,none,none,D1,D1,"BD2,BD3",GM12878_10kb
8,46880000,assembly_gap,weak,none,none,moderate,D3,D3,"BD2,BD3",GM12878_10kb
8,46890000,assembly_gap,strong,none,none,moderate,D4,D4,"BD2,BD3",GM12878_10kb
8,46900000,assembly_gap,strong,weak,none,moderate,D4,D4,"BD2,BD3",GM12878_10kb
8,46910000,assembly_gap,moderate,weak,none,strong,D4,D4,"BD2,BD3",GM12878_10kb
8,46970000,assembly_gap,strong,moderate,none,strong,D5,D5,"BD2,BD3",GM12878_10kb
8,46980000,assembly_gap,strong,moderate,none,moderate,D4,D4,"BD2,BD3",GM12878_10kb
8,47120000,assembly_gap,weak,none,none,none,D1,D1,"BD2,BD3",GM12878_10kb
8,47180000,assembly_gap,weak,weak,none,none,D2,D1,"BD2,BD3",GM12878_10kb
8,85670000,assembly_gap,weak,none,none,none,D1,D1,"BD2,BD3",GM12878_10kb
8,145080000,assembly_gap,strong,none,none,none,D3,D3,"BD2,BD3",GM12878_10kb
9,42210000,assembly_gap,weak,none,none,none,D1,D1,"BD2,BD3",GM12878_10kb
9,42220000,assembly_gap,weak,none,none,none,D1,D1,"BD2,BD3",GM12878_10kb
9,42230000,assembly_gap,weak,none,none,none,D1,D1,"BD2,BD3",GM12878_10kb
9,42320000,assembly_gap,weak,none,none,none,D1,D1,"BD2,BD3",GM12878_10kb
9,42340000,assembly_gap,weak,none,none,none,D1,D1,"BD2,BD3",GM12878_10kb
9,42350000,assembly_gap,weak,none,none,none,D1,D1,"BD2,BD3",GM12878_10kb
9,42420000,assembly_gap,weak,none,none,none,D1,D1,"BD2,BD3",GM12878_10kb
9,42510000,assembly_gap,weak,none,none,none,D1,D1,"BD2,BD3",GM12878_10kb
9,42520000,assembly_gap,weak,none,none,none,D1,D1,"BD2,BD3",GM12878_10kb
9,42730000,assembly_gap,moderate,none,none,none,D3,D3,"BD2,BD3",GM12878_10kb
9,42820000,assembly_gap,weak,none,none,none,D1,D1,"BD2,BD3",GM12878_10kb
9,42880000,assembly_gap,weak,none,none,none,D1,D1,"BD2,BD3",GM12878_10kb
9,42920000,assembly_gap,weak,none,none,none,D1,D1,"BD2,BD3",GM12878_10kb
9,42940000,assembly_gap,weak,none,none,none,D1,D1,"BD2,BD3",GM12878_10kb
9,42980000,assembly_gap,weak,none,none,none,D1,D1,"BD2,BD3",GM12878_10kb
9,42990000,assembly_gap,weak,none,none,none,D1,D1,"BD2,BD3",GM12878_10kb
9,43040000,assembly_gap,weak,none,none,none,D1,D1,"BD2,BD3",GM12878_10kb
9,43100000,assembly_gap,weak,none,none,none,D1,D1,"BD2,BD3",GM12878_10kb
9,43150000,assembly_gap,weak,none,none,none,D1,D1,"BD2,BD3",GM12878_10kb
9,43180000,assembly_gap+encode_blacklist,weak,none,none,none,D1,D1,"BD2,BD3",GM12878_10kb
9,43190000,assembly_gap+encode_blacklist,weak,none,none,none,D1,D1,"BD2,BD3",GM12878_10kb
9,62790000,assembly_gap,weak,none,none,none,D1,D1,"BD2,BD3",GM12878_10kb
9,63540000,assembly_gap,weak,none,none,none,D1,D1,"BD2,BD3",GM12878_10kb
9,63920000,assembly_gap,moderate,none,none,none,D3,D3,"BD2,BD3",GM12878_10kb
9,64140000,assembly_gap,weak,none,none,none,D1,D1,"BD2,BD3",GM12878_10kb
9,65640000,assembly_gap,weak,none,none,none,D1,D1,"BD2,BD3",GM12878_10kb
10,38010000,assembly_gap,weak,none,none,strong,D3,D3,"BD2,BD3",GM12878_10kb
10,38100000,assembly_gap,weak,none,none,strong,D3,D3,"BD2,BD3",GM12878_10kb
10,38120000,assembly_gap,strong,none,none,strong,D5,D5,"BD2,BD3",GM12878_10kb
10,38130000,assembly_gap,strong,none,none,strong,D5,D5,"BD2,BD3",GM12878_10kb
10,38220000,assembly_gap,weak,none,none,none,D1,D1,"BD2,BD3",GM12878_10kb
10,38290000,assembly_gap,weak,none,none,none,D1,D1,"BD2,BD3",GM12878_10kb
10,38340000,assembly_gap,moderate,none,none,moderate,D4,D4,"BD2,BD3",GM12878_10kb
10,38350000,assembly_gap,moderate,none,none,moderate,D4,D4,"BD2,BD3",GM12878_10kb
10,38360000,assembly_gap,weak,none,none,moderate,D3,D3,"BD2,BD3",GM12878_10kb
10,38410000,assembly_gap,weak,none,none,moderate,D3,D3,"BD2,BD3",GM12878_10kb
10,38420000,assembly_gap,weak,none,none,none,D1,D1,"BD2,BD3",GM12878_10kb
10,38480000,assembly_gap,moderate,none,none,none,D3,D3,"BD2,BD3",GM12878_10kb
10,38490000,assembly_gap+encode_blacklist,moderate,none,none,none,D3,D3,"BD2,BD3",GM12878_10kb
10,38520000,assembly_gap+encode_blacklist,weak,none,none,none,D1,D1,"BD2,BD3",GM12878_10kb
10,38530000,assembly_gap+encode_blacklist,weak,none,none,none,D1,D1,"BD2,BD3",GM12878_10kb
10,38580000,assembly_gap+encode_blacklist,weak,none,none,none,D1,D1,"BD2,BD3",GM12878_10kb
10,38590000,assembly_gap+encode_blacklist,weak,none,none,none,D1,D1,"BD2,BD3",GM12878_10kb
10,38640000,assembly_gap,weak,none,none,none,D1,D1,"BD2,BD3",GM12878_10kb
10,38720000,assembly_gap,weak,none,none,none,D1,D1,"BD2,BD3",GM12878_10kb
10,38780000,assembly_gap,weak,none,none,none,D1,D1,"BD2,BD3",GM12878_10kb
10,38790000,assembly_gap+encode_blacklist,weak,none,none,none,D1,D1,"BD2,BD3",GM12878_10kb
10,38910000,assembly_gap+encode_blacklist,weak,none,none,none,D1,D1,"BD2,BD3",GM12878_10kb
10,38920000,assembly_gap+encode_blacklist,moderate,none,none,none,D3,D3,"BD2,BD3",GM12878_10kb
10,38930000,assembly_gap+encode_blacklist,weak,none,none,none,D1,D1,"BD2,BD3",GM12878_10kb
10,39030000,assembly_gap+encode_blacklist,weak,none,none,none,D1,D1,"BD2,BD3",GM12878_10kb
10,39090000,assembly_gap+encode_blacklist,weak,none,none,none,D1,D1,"BD2,BD3",GM12878_10kb
10,39130000,assembly_gap+encode_blacklist,weak,none,none,none,D1,D1,"BD2,BD3",GM12878_10kb
10,39360000,assembly_gap+encode_blacklist,weak,none,none,none,D1,D1,"BD2,BD3",GM12878_10kb
10,39400000,assembly_gap+encode_blacklist,weak,none,none,none,D1,D1,"BD2,BD3",GM12878_10kb
10,39420000,assembly_gap+encode_blacklist,weak,none,none,none,D1,D1,"BD2,BD3",GM12878_10kb
10,41840000,encode_blacklist,weak,none,none,none,D1,D1,"BD2,BD3",GM12878_10kb
10,41850000,encode_blacklist,weak,none,none,none,D1,D1,"BD2,BD3",GM12878_10kb
10,41860000,encode_blacklist,weak,none,none,none,D1,D1,"BD2,BD3",GM12878_10kb
10,41920000,assembly_gap,weak,none,none,none,D1,D1,"BD2,BD3",GM12878_10kb
10,42060000,assembly_gap,weak,none,none,none,D1,D1,"BD2,BD3",GM12878_10kb
10,42100000,encode_blacklist,weak,none,none,none,D1,D1,"BD2,BD3",GM12878_10kb
11,50450000,encode_blacklist,weak,none,none,none,D1,D1,"BD2,BD3",GM12878_10kb
11,54550000,assembly_gap,moderate,none,none,none,D3,D3,"BD2,BD3",GM12878_10kb
11,54560000,assembly_gap,strong,none,none,none,D3,D3,"BD2,BD3",GM12878_10kb
11,54570000,assembly_gap,weak,none,none,none,D1,D1,"BD2,BD3",GM12878_10kb
11,54650000,assembly_gap,weak,none,none,none,D1,D1,"BD2,BD3",GM12878_10kb
11,54680000,assembly_gap,weak,none,none,none,D1,D1,"BD2,BD3",GM12878_10kb
11,54750000,assembly_gap,weak,none,none,none,D1,D1,"BD2,BD3",GM12878_10kb
11,54810000,assembly_gap,weak,none,none,none,D1,D1,"BD2,BD3",GM12878_10kb
11,55080000,assembly_gap,weak,none,none,none,D1,D1,"BD2,BD3",GM12878_10kb
11,55160000,assembly_gap,weak,none,none,none,D1,D1,"BD2,BD3",GM12878_10kb
11,55180000,assembly_gap,weak,none,none,none,D1,D1,"BD2,BD3",GM12878_10kb
11,55230000,assembly_gap,weak,none,none,none,D1,D1,"BD2,BD3",GM12878_10kb
11,55260000,assembly_gap,weak,none,none,none,D1,D1,"BD2,BD3",GM12878_10kb
11,55350000,assembly_gap,weak,none,none,none,D1,D1,"BD2,BD3",GM12878_10kb
11,55360000,assembly_gap,weak,none,none,none,D1,D1,"BD2,BD3",GM12878_10kb
11,55380000,assembly_gap,weak,none,none,none,D1,D1,"BD2,BD3",GM12878_10kb
11,55410000,assembly_gap,weak,none,none,none,D1,D1,"BD2,BD3",GM12878_10kb
11,55440000,assembly_gap,weak,none,none,none,D1,D1,"BD2,BD3",GM12878_10kb
11,55450000,assembly_gap,weak,none,none,none,D1,D1,"BD2,BD3",GM12878_10kb
11,55490000,assembly_gap,weak,none,none,none,D1,D1,"BD2,BD3",GM12878_10kb
11,55500000,assembly_gap,weak,none,none,none,D1,D1,"BD2,BD3",GM12878_10kb
11,55540000,assembly_gap,weak,none,none,none,D1,D1,"BD2,BD3",GM12878_10kb
11,55560000,assembly_gap,weak,none,none,moderate,D3,D3,"BD2,BD3",GM12878_10kb
11,55570000,assembly_gap,weak,none,none,moderate,D3,D3,"BD2,BD3",GM12878_10kb
11,55590000,assembly_gap,moderate,none,none,moderate,D4,D4,"BD2,BD3",GM12878_10kb
11,55600000,assembly_gap,moderate,none,none,moderate,D4,D4,"BD2,BD3",GM12878_10kb
11,55610000,assembly_gap,weak,none,none,moderate,D3,D3,"BD2,BD3",GM12878_10kb
11,55680000,assembly_gap,moderate,none,none,moderate,D4,D4,"BD2,BD3",GM12878_10kb
11,55690000,assembly_gap,moderate,none,none,moderate,D4,D4,"BD2,BD3",GM12878_10kb
11,55710000,assembly_gap,weak,none,none,moderate,D3,D3,"BD2,BD3",GM12878_10kb
11,55750000,assembly_gap,weak,none,none,none,D1,D1,"BD2,BD3",GM12878_10kb
11,55760000,assembly_gap,weak,none,none,none,D1,D1,"BD2,BD3",GM12878_10kb
11,55770000,assembly_gap,weak,none,none,none,D1,D1,"BD2,BD3",GM12878_10kb
11,55790000,assembly_gap,weak,none,none,none,D1,D1,"BD2,BD3",GM12878_10kb
11,70960000,assembly_gap,weak,none,none,none,D1,D1,"BD2,BD3",GM12878_10kb
11,71010000,assembly_gap,weak,none,none,none,D1,D1,"BD2,BD3",GM12878_10kb
11,71050000,assembly_gap,weak,none,none,none,D1,D1,"BD2,BD3",GM12878_10kb
11,87980000,assembly_gap,weak,none,none,none,D1,D1,"BD2,BD3",GM12878_10kb
11,88000000,assembly_gap,moderate,none,none,none,D3,D3,"BD2,BD3",GM12878_10kb
11,135080000,assembly_gap,strong,none,weak,none,D4,D3,"BD2,BD3",GM12878_10kb
12,10000,encode_blacklist,weak,none,none,none,D1,D1,"BD2,BD3",GM12878_10kb
12,33250000,assembly_gap,weak,none,none,none,D1,D1,"BD2,BD3",GM12878_10kb
12,33310000,assembly_gap,weak,none,none,none,D1,D1,"BD2,BD3",GM12878_10kb
12,33350000,assembly_gap,weak,none,none,none,D1,D1,"BD2,BD3",GM12878_10kb
12,33360000,assembly_gap,weak,none,none,none,D1,D1,"BD2,BD3",GM12878_10kb
12,33400000,assembly_gap,weak,none,none,none,D1,D1,"BD2,BD3",GM12878_10kb
12,33430000,assembly_gap,weak,none,none,none,D1,D1,"BD2,BD3",GM12878_10kb
12,33460000,assembly_gap,weak,none,none,none,D1,D1,"BD2,BD3",GM12878_10kb
12,33490000,assembly_gap,weak,none,none,none,D1,D1,"BD2,BD3",GM12878_10kb
12,33530000,assembly_gap,weak,none,none,none,D1,D1,"BD2,BD3",GM12878_10kb
12,33560000,assembly_gap,weak,none,none,none,D1,D1,"BD2,BD3",GM12878_10kb
12,33630000,assembly_gap,weak,none,none,none,D1,D1,"BD2,BD3",GM12878_10kb
12,33690000,assembly_gap,weak,none,none,none,D1,D1,"BD2,BD3",GM12878_10kb
12,33740000,assembly_gap,weak,none,none,none,D1,D1,"BD2,BD3",GM12878_10kb
12,33790000,assembly_gap,weak,none,none,none,D1,D1,"BD2,BD3",GM12878_10kb
12,33850000,assembly_gap,weak,none,none,none,D1,D1,"BD2,BD3",GM12878_10kb
12,33860000,assembly_gap,weak,none,none,none,D1,D1,"BD2,BD3",GM12878_10kb
12,33910000,assembly_gap,weak,none,none,none,D1,D1,"BD2,BD3",GM12878_10kb
12,34020000,assembly_gap,strong,weak,none,strong,D5,D5,"BD2,BD3",GM12878_10kb
12,34030000,assembly_gap,strong,weak,weak,strong,D5,D5,"BD2,BD3",GM12878_10kb
12,34100000,assembly_gap,weak,none,none,moderate,D3,D3,"BD2,BD3",GM12878_10kb
12,34120000,assembly_gap,weak,weak,none,moderate,D3,D3,"BD2,BD3",GM12878_10kb
12,34130000,assembly_gap,weak,weak,none,moderate,D3,D3,"BD2,BD3",GM12878_10kb
12,34230000,assembly_gap,weak,weak,none,strong,D3,D3,"BD2,BD3",GM12878_10kb
12,34240000,assembly_gap,weak,none,none,strong,D3,D3,"BD2,BD3",GM12878_10kb
12,34390000,assembly_gap,weak,none,none,none,D1,D1,"BD2,BD3",GM12878_10kb
12,34400000,assembly_gap,weak,none,none,none,D1,D1,"BD2,BD3",GM12878_10kb
12,34520000,assembly_gap,weak,none,none,none,D1,D1,"BD2,BD3",GM12878_10kb
12,34580000,assembly_gap,weak,none,none,none,D1,D1,"BD2,BD3",GM12878_10kb
12,34590000,assembly_gap,weak,none,none,none,D1,D1,"BD2,BD3",GM12878_10kb
12,34630000,assembly_gap,weak,none,none,none,D1,D1,"BD2,BD3",GM12878_10kb
12,34650000,assembly_gap,weak,none,none,none,D1,D1,"BD2,BD3",GM12878_10kb
12,34680000,assembly_gap+encode_blacklist,weak,none,none,none,D1,D1,"BD2,BD3",GM12878_10kb
12,34700000,assembly_gap+encode_blacklist,weak,none,none,none,D1,D1,"BD2,BD3",GM12878_10kb
12,37290000,assembly_gap+encode_blacklist,weak,none,none,none,D1,D1,"BD2,BD3",GM12878_10kb
12,37320000,assembly_gap+encode_blacklist,weak,none,none,none,D1,D1,"BD2,BD3",GM12878_10kb
12,37390000,assembly_gap+encode_blacklist,weak,none,none,none,D1,D1,"BD2,BD3",GM12878_10kb
12,37410000,assembly_gap+encode_blacklist,weak,none,none,none,D1,D1,"BD2,BD3",GM12878_10kb
12,37530000,assembly_gap,weak,none,none,none,D1,D1,"BD2,BD3",GM12878_10kb
12,37540000,assembly_gap,weak,none,none,none,D1,D1,"BD2,BD3",GM12878_10kb
12,37600000,assembly_gap,weak,none,none,none,D1,D1,"BD2,BD3",GM12878_10kb
12,37630000,assembly_gap,weak,none,none,none,D1,D1,"BD2,BD3",GM12878_10kb
12,37690000,assembly_gap,weak,none,none,none,D1,D1,"BD2,BD3",GM12878_10kb
12,37750000,assembly_gap,weak,none,none,none,D1,D1,"BD2,BD3",GM12878_10kb
12,133270000,assembly_gap,strong,none,none,none,D3,D3,"BD2,BD3",GM12878_10kb
13,18170000,assembly_gap+encode_blacklist,weak,none,none,none,D1,D1,"BD2,BD3",GM12878_10kb
13,18190000,assembly_gap,weak,none,none,none,D1,D1,"BD2,BD3",GM12878_10kb
13,18210000,assembly_gap,weak,none,none,none,D1,D1,"BD2,BD3",GM12878_10kb
13,18220000,assembly_gap,weak,none,none,none,D1,D1,"BD2,BD3",GM12878_10kb
13,18410000,assembly_gap,weak,none,none,none,D1,D1,"BD2,BD3",GM12878_10kb
13,18580000,assembly_gap,weak,none,none,none,D1,D1,"BD2,BD3",GM12878_10kb
13,18640000,assembly_gap,weak,none,none,none,D1,D1,"BD2,BD3",GM12878_10kb
13,18700000,assembly_gap,weak,none,none,none,D1,D1,"BD2,BD3",GM12878_10kb
13,18790000,assembly_gap,weak,none,none,none,D1,D1,"BD2,BD3",GM12878_10kb
13,18800000,assembly_gap,weak,none,none,none,D1,D1,"BD2,BD3",GM12878_10kb
13,111840000,assembly_gap,weak,none,none,none,D1,D1,"BD2,BD3",GM12878_10kb
13,113680000,assembly_gap,weak,none,none,none,D1,D1,"BD2,BD3",GM12878_10kb
13,113720000,assembly_gap,weak,none,none,none,D1,D1,"BD2,BD3",GM12878_10kb
13,114360000,assembly_gap,strong,weak,moderate,none,D4,D3,"BD2,BD3",GM12878_10kb
14,106890000,assembly_gap,moderate,strong,strong,none,D4,D3,"BD2,BD3",GM12878_10kb
15,19840000,assembly_gap,moderate,none,none,none,D3,D3,"BD2,BD3",GM12878_10kb
15,19850000,assembly_gap,moderate,none,none,none,D3,D3,"BD2,BD3",GM12878_10kb
15,19920000,assembly_gap,weak,none,none,none,D1,D1,"BD2,BD3",GM12878_10kb
15,19930000,assembly_gap,weak,none,none,none,D1,D1,"BD2,BD3",GM12878_10kb
15,19990000,assembly_gap,weak,none,none,none,D1,D1,"BD2,BD3",GM12878_10kb
15,20000000,assembly_gap,weak,none,none,none,D1,D1,"BD2,BD3",GM12878_10kb
15,20180000,assembly_gap,weak,none,none,none,D1,D1,"BD2,BD3",GM12878_10kb
15,20190000,assembly_gap,moderate,none,none,none,D3,D3,"BD2,BD3",GM12878_10kb
15,20200000,assembly_gap,weak,none,none,none,D1,D1,"BD2,BD3",GM12878_10kb
15,20250000,assembly_gap,weak,none,none,none,D1,D1,"BD2,BD3",GM12878_10kb
15,20340000,assembly_gap,weak,none,none,none,D1,D1,"BD2,BD3",GM12878_10kb
15,20420000,assembly_gap,weak,none,none,none,D1,D1,"BD2,BD3",GM12878_10kb
15,20430000,assembly_gap,weak,none,none,none,D1,D1,"BD2,BD3",GM12878_10kb
16,10720000,encode_blacklist,weak,weak,moderate,strong,D3,D3,"BD2,BD3",GM12878_10kb
16,34170000,encode_blacklist,weak,none,none,none,D1,D1,"BD2,BD3",GM12878_10kb
16,34260000,encode_blacklist,weak,none,none,none,D1,D1,"BD2,BD3",GM12878_10kb
16,34570000,assembly_gap,weak,none,none,none,D1,D1,"BD2,BD3",GM12878_10kb
16,35390000,assembly_gap,weak,none,weak,none,D2,D1,"BD2,BD3",GM12878_10kb
16,35410000,assembly_gap,weak,weak,moderate,none,D3,D1,"BD2,BD3",GM12878_10kb
16,35520000,assembly_gap,weak,none,none,moderate,D3,D3,"BD2,BD3",GM12878_10kb
16,35600000,assembly_gap,weak,none,none,none,D1,D1,"BD2,BD3",GM12878_10kb
16,35610000,assembly_gap,weak,none,none,none,D1,D1,"BD2,BD3",GM12878_10kb
16,35650000,assembly_gap,weak,none,none,none,D1,D1,"BD2,BD3",GM12878_10kb
16,35660000,assembly_gap,weak,none,none,none,D1,D1,"BD2,BD3",GM12878_10kb
16,35670000,assembly_gap,weak,none,none,none,D1,D1,"BD2,BD3",GM12878_10kb
16,35680000,assembly_gap,weak,none,none,none,D1,D1,"BD2,BD3",GM12878_10kb
16,35760000,assembly_gap,weak,none,none,none,D1,D1,"BD2,BD3",GM12878_10kb
16,35770000,assembly_gap,weak,none,none,none,D1,D1,"BD2,BD3",GM12878_10kb
16,35920000,assembly_gap,weak,none,none,none,D1,D1,"BD2,BD3",GM12878_10kb
16,35950000,assembly_gap,weak,none,none,none,D1,D1,"BD2,BD3",GM12878_10kb
16,35960000,assembly_gap,weak,none,none,none,D1,D1,"BD2,BD3",GM12878_10kb
16,36090000,assembly_gap+encode_blacklist,weak,none,none,none,D1,D1,"BD2,BD3",GM12878_10kb
16,36150000,assembly_gap+encode_blacklist,weak,none,none,none,D1,D1,"BD2,BD3",GM12878_10kb
16,36160000,assembly_gap+encode_blacklist,weak,none,none,none,D1,D1,"BD2,BD3",GM12878_10kb
16,36200000,assembly_gap+encode_blacklist,weak,none,none,none,D1,D1,"BD2,BD3",GM12878_10kb
16,36230000,assembly_gap+encode_blacklist,weak,none,none,none,D1,D1,"BD2,BD3",GM12878_10kb
16,46380000,assembly_gap,weak,none,none,none,D1,D1,"BD2,BD3",GM12878_10kb
16,46390000,assembly_gap,weak,none,none,none,D1,D1,"BD2,BD3",GM12878_10kb
16,46410000,assembly_gap,weak,none,none,none,D1,D1,"BD2,BD3",GM12878_10kb
16,46470000,assembly_gap,weak,none,none,none,D1,D1,"BD2,BD3",GM12878_10kb
16,46530000,assembly_gap,moderate,none,none,none,D3,D3,"BD2,BD3",GM12878_10kb
16,46540000,assembly_gap,moderate,none,none,none,D3,D3,"BD2,BD3",GM12878_10kb
16,46610000,assembly_gap,moderate,none,none,none,D3,D3,"BD2,BD3",GM12878_10kb
16,46620000,assembly_gap,strong,none,none,moderate,D4,D4,"BD2,BD3",GM12878_10kb
16,46630000,assembly_gap,moderate,none,none,moderate,D4,D4,"BD2,BD3",GM12878_10kb
16,46660000,assembly_gap,weak,weak,moderate,moderate,D3,D3,"BD2,BD3",GM12878_10kb
16,46680000,assembly_gap,weak,moderate,moderate,moderate,D3,D3,"BD2,BD3",GM12878_10kb
16,46690000,assembly_gap,weak,moderate,moderate,moderate,D3,D3,"BD2,BD3",GM12878_10kb
16,46790000,assembly_gap,weak,none,none,strong,D3,D3,"BD2,BD3",GM12878_10kb
16,46830000,assembly_gap,moderate,none,weak,strong,D4,D4,"BD2,BD3",GM12878_10kb
16,46840000,assembly_gap,moderate,weak,moderate,strong,D4,D4,"BD2,BD3",GM12878_10kb
16,46930000,assembly_gap,strong,moderate,moderate,strong,D5,D5,"BD2,BD3",GM12878_10kb
16,46940000,assembly_gap,strong,moderate,moderate,strong,D5,D5,"BD2,BD3",GM12878_10kb
17,450000,assembly_gap,weak,none,none,moderate,D3,D3,"BD2,BD3",GM12878_10kb
17,21810000,assembly_gap,weak,none,none,none,D1,D1,"BD2,BD3",GM12878_10kb
17,22530000,encode_blacklist,weak,none,none,none,D1,D1,"BD2,BD3",GM12878_10kb
17,22710000,assembly_gap,weak,none,none,none,D1,D1,"BD2,BD3",GM12878_10kb
17,22720000,assembly_gap,weak,none,none,none,D1,D1,"BD2,BD3",GM12878_10kb
17,22730000,assembly_gap,weak,none,none,none,D1,D1,"BD2,BD3",GM12878_10kb
17,26930000,assembly_gap,weak,none,none,none,D1,D1,"BD2,BD3",GM12878_10kb
17,26940000,assembly_gap,moderate,none,none,moderate,D4,D4,"BD2,BD3",GM12878_10kb
17,26950000,assembly_gap,weak,none,none,moderate,D3,D3,"BD2,BD3",GM12878_10kb
17,27060000,assembly_gap,weak,none,none,moderate,D3,D3,"BD2,BD3",GM12878_10kb
17,27070000,assembly_gap,weak,none,none,none,D1,D1,"BD2,BD3",GM12878_10kb
17,27160000,assembly_gap,strong,none,none,none,D3,D3,"BD2,BD3",GM12878_10kb
17,27170000,assembly_gap,strong,none,none,none,D3,D3,"BD2,BD3",GM12878_10kb
17,27180000,assembly_gap,strong,none,none,none,D3,D3,"BD2,BD3",GM12878_10kb
17,27240000,assembly_gap,weak,moderate,moderate,strong,D3,D3,"BD2,BD3",GM12878_10kb
17,27330000,assembly_gap,weak,moderate,strong,strong,D3,D3,"BD2,BD3",GM12878_10kb
17,27340000,assembly_gap,strong,moderate,strong,strong,D5,D5,"BD2,BD3",GM12878_10kb
17,27350000,assembly_gap,strong,moderate,strong,strong,D5,D5,"BD2,BD3",GM12878_10kb
17,81750000,assembly_gap,weak,none,none,moderate,D3,D3,"BD2,BD3",GM12878_10kb
17,81790000,assembly_gap,weak,none,none,moderate,D3,D3,"BD2,BD3",GM12878_10kb
17,83250000,assembly_gap,weak,none,none,none,D1,D1,"BD2,BD3",GM12878_10kb
18,15400000,assembly_gap,weak,none,none,none,D1,D1,"BD2,BD3",GM12878_10kb
18,20930000,assembly_gap,strong,none,none,none,D3,D3,"BD2,BD3",GM12878_10kb
18,20940000,assembly_gap,strong,none,none,none,D3,D3,"BD2,BD3",GM12878_10kb
18,20950000,assembly_gap,moderate,none,none,none,D3,D3,"BD2,BD3",GM12878_10kb
18,21020000,assembly_gap,weak,none,none,none,D1,D1,"BD2,BD3",GM12878_10kb
18,21110000,assembly_gap,weak,none,weak,none,D2,D1,"BD2,BD3",GM12878_10kb
18,21120000,assembly_gap,weak,none,none,none,D1,D1,"BD2,BD3",GM12878_10kb
18,21140000,assembly_gap,weak,none,none,none,D1,D1,"BD2,BD3",GM12878_10kb
18,21180000,assembly_gap,moderate,weak,moderate,strong,D4,D4,"BD2,BD3",GM12878_10kb
18,21190000,assembly_gap,strong,weak,moderate,strong,D5,D5,"BD2,BD3",GM12878_10kb
18,21200000,assembly_gap,moderate,weak,weak,strong,D4,D4,"BD2,BD3",GM12878_10kb
18,21220000,assembly_gap,weak,none,none,strong,D3,D3,"BD2,BD3",GM12878_10kb
18,21240000,assembly_gap,weak,none,none,strong,D3,D3,"BD2,BD3",GM12878_10kb
18,21370000,assembly_gap,weak,none,none,none,D1,D1,"BD2,BD3",GM12878_10kb
18,21430000,assembly_gap,weak,weak,none,moderate,D3,D3,"BD2,BD3",GM12878_10kb
18,21450000,assembly_gap,weak,weak,none,strong,D3,D3,"BD2,BD3",GM12878_10kb
18,21470000,assembly_gap,weak,weak,none,strong,D3,D3,"BD2,BD3",GM12878_10kb
18,21480000,assembly_gap,moderate,none,none,strong,D4,D4,"BD2,BD3",GM12878_10kb
18,21490000,assembly_gap,weak,none,none,strong,D3,D3,"BD2,BD3",GM12878_10kb
18,46970000,assembly_gap,weak,none,none,none,D1,D1,"BD2,BD3",GM12878_10kb
18,47010000,assembly_gap,weak,none,none,none,D1,D1,"BD2,BD3",GM12878_10kb
18,80270000,assembly_gap,strong,strong,moderate,none,D5,D3,"BD2,BD3",GM12878_10kb
19,19940000,assembly_gap,weak,none,none,moderate,D3,D3,"BD2,BD3",GM12878_10kb
19,19950000,assembly_gap,weak,none,none,moderate,D3,D3,"BD2,BD3",GM12878_10kb
19,19960000,assembly_gap,weak,none,none,moderate,D3,D3,"BD2,BD3",GM12878_10kb
19,19970000,assembly_gap,weak,none,none,moderate,D3,D3,"BD2,BD3",GM12878_10kb
19,19990000,assembly_gap,weak,none,none,moderate,D3,D3,"BD2,BD3",GM12878_10kb
19,20020000,assembly_gap,weak,none,none,none,D1,D1,"BD2,BD3",GM12878_10kb
19,20130000,assembly_gap,weak,none,none,none,D1,D1,"BD2,BD3",GM12878_10kb
19,20160000,assembly_gap,weak,none,none,none,D1,D1,"BD2,BD3",GM12878_10kb
19,20210000,assembly_gap,weak,none,none,none,D1,D1,"BD2,BD3",GM12878_10kb
19,20250000,assembly_gap,weak,none,none,none,D1,D1,"BD2,BD3",GM12878_10kb
19,20310000,assembly_gap,weak,none,none,none,D1,D1,"BD2,BD3",GM12878_10kb
19,20390000,assembly_gap,weak,none,none,none,D1,D1,"BD2,BD3",GM12878_10kb
19,20400000,assembly_gap,weak,none,none,none,D1,D1,"BD2,BD3",GM12878_10kb
19,20410000,assembly_gap,weak,none,none,none,D1,D1,"BD2,BD3",GM12878_10kb
19,20530000,assembly_gap,weak,none,none,none,D1,D1,"BD2,BD3",GM12878_10kb
19,20540000,assembly_gap,weak,none,none,none,D1,D1,"BD2,BD3",GM12878_10kb
19,20570000,assembly_gap,weak,none,none,moderate,D3,D3,"BD2,BD3",GM12878_10kb
19,20760000,assembly_gap,weak,none,none,none,D1,D1,"BD2,BD3",GM12878_10kb
19,20770000,assembly_gap,weak,none,none,none,D1,D1,"BD2,BD3",GM12878_10kb
19,20780000,assembly_gap,weak,none,none,none,D1,D1,"BD2,BD3",GM12878_10kb
19,20800000,assembly_gap,weak,none,none,none,D1,D1,"BD2,BD3",GM12878_10kb
19,20830000,assembly_gap,weak,none,none,none,D1,D1,"BD2,BD3",GM12878_10kb
19,20910000,assembly_gap,weak,none,none,none,D1,D1,"BD2,BD3",GM12878_10kb
19,20980000,assembly_gap,weak,none,none,none,D1,D1,"BD2,BD3",GM12878_10kb
19,21000000,assembly_gap,weak,none,none,moderate,D3,D3,"BD2,BD3",GM12878_10kb
19,21010000,assembly_gap,moderate,none,none,moderate,D4,D4,"BD2,BD3",GM12878_10kb
19,21020000,assembly_gap,weak,none,none,moderate,D3,D3,"BD2,BD3",GM12878_10kb
19,21180000,assembly_gap,weak,none,none,moderate,D3,D3,"BD2,BD3",GM12878_10kb
19,21190000,assembly_gap,weak,none,none,moderate,D3,D3,"BD2,BD3",GM12878_10kb
19,21210000,assembly_gap,weak,none,none,none,D1,D1,"BD2,BD3",GM12878_10kb
19,21280000,assembly_gap,weak,none,none,none,D1,D1,"BD2,BD3",GM12878_10kb
19,21290000,assembly_gap,moderate,none,none,none,D3,D3,"BD2,BD3",GM12878_10kb
19,21300000,assembly_gap,moderate,none,none,none,D3,D3,"BD2,BD3",GM12878_10kb
19,21410000,assembly_gap,weak,none,none,none,D1,D1,"BD2,BD3",GM12878_10kb
19,21420000,assembly_gap,weak,none,none,none,D1,D1,"BD2,BD3",GM12878_10kb
19,21550000,assembly_gap,weak,none,none,none,D1,D1,"BD2,BD3",GM12878_10kb
19,21560000,assembly_gap,moderate,none,none,none,D3,D3,"BD2,BD3",GM12878_10kb
19,21570000,assembly_gap,moderate,none,none,none,D3,D3,"BD2,BD3",GM12878_10kb
19,21710000,assembly_gap,weak,none,none,none,D1,D1,"BD2,BD3",GM12878_10kb
19,21720000,assembly_gap,moderate,none,none,none,D3,D3,"BD2,BD3",GM12878_10kb
19,21730000,assembly_gap,weak,none,none,none,D1,D1,"BD2,BD3",GM12878_10kb
19,21770000,assembly_gap,weak,none,none,none,D1,D1,"BD2,BD3",GM12878_10kb
19,21810000,assembly_gap,weak,none,none,none,D1,D1,"BD2,BD3",GM12878_10kb
19,21850000,assembly_gap,weak,none,none,none,D1,D1,"BD2,BD3",GM12878_10kb
19,21870000,assembly_gap,weak,none,none,none,D1,D1,"BD2,BD3",GM12878_10kb
19,21890000,assembly_gap,weak,none,none,moderate,D3,D3,"BD2,BD3",GM12878_10kb
19,21930000,assembly_gap,weak,none,none,moderate,D3,D3,"BD2,BD3",GM12878_10kb
19,21970000,assembly_gap,weak,none,none,moderate,D3,D3,"BD2,BD3",GM12878_10kb
19,21980000,assembly_gap,weak,none,none,moderate,D3,D3,"BD2,BD3",GM12878_10kb
19,22020000,assembly_gap,weak,none,none,none,D1,D1,"BD2,BD3",GM12878_10kb
19,22060000,assembly_gap,weak,none,none,none,D1,D1,"BD2,BD3",GM12878_10kb
19,22080000,assembly_gap,weak,none,none,none,D1,D1,"BD2,BD3",GM12878_10kb
19,22170000,assembly_gap,weak,none,none,none,D1,D1,"BD2,BD3",GM12878_10kb
19,22200000,assembly_gap,weak,none,none,none,D1,D1,"BD2,BD3",GM12878_10kb
19,22230000,assembly_gap,weak,none,none,none,D1,D1,"BD2,BD3",GM12878_10kb
19,22300000,assembly_gap,moderate,none,none,moderate,D4,D4,"BD2,BD3",GM12878_10kb
19,22310000,assembly_gap,moderate,none,none,moderate,D4,D4,"BD2,BD3",GM12878_10kb
19,22320000,assembly_gap,weak,none,none,moderate,D3,D3,"BD2,BD3",GM12878_10kb
19,22390000,assembly_gap,weak,none,none,none,D1,D1,"BD2,BD3",GM12878_10kb
19,22410000,assembly_gap,weak,none,none,none,D1,D1,"BD2,BD3",GM12878_10kb
19,22430000,assembly_gap,weak,none,none,none,D1,D1,"BD2,BD3",GM12878_10kb
19,22470000,assembly_gap,weak,none,none,none,D1,D1,"BD2,BD3",GM12878_10kb
19,22480000,assembly_gap,weak,none,none,none,D1,D1,"BD2,BD3",GM12878_10kb
19,22530000,assembly_gap,weak,none,none,none,D1,D1,"BD2,BD3",GM12878_10kb
19,22590000,assembly_gap,weak,none,none,none,D1,D1,"BD2,BD3",GM12878_10kb
19,22640000,assembly_gap,weak,none,none,none,D1,D1,"BD2,BD3",GM12878_10kb
19,22680000,assembly_gap,weak,none,none,none,D1,D1,"BD2,BD3",GM12878_10kb
19,22690000,assembly_gap,weak,none,none,none,D1,D1,"BD2,BD3",GM12878_10kb
19,22720000,assembly_gap,weak,none,none,none,D1,D1,"BD2,BD3",GM12878_10kb
19,22760000,assembly_gap,weak,none,none,moderate,D3,D3,"BD2,BD3",GM12878_10kb
19,22770000,assembly_gap,weak,none,none,moderate,D3,D3,"BD2,BD3",GM12878_10kb
19,22850000,assembly_gap,weak,none,none,none,D1,D1,"BD2,BD3",GM12878_10kb
19,22870000,assembly_gap,weak,none,none,none,D1,D1,"BD2,BD3",GM12878_10kb
19,22880000,assembly_gap,weak,none,none,none,D1,D1,"BD2,BD3",GM12878_10kb
19,22910000,assembly_gap,weak,none,none,moderate,D3,D3,"BD2,BD3",GM12878_10kb
19,22920000,assembly_gap,weak,none,none,moderate,D3,D3,"BD2,BD3",GM12878_10kb
19,22960000,assembly_gap,weak,none,none,moderate,D3,D3,"BD2,BD3",GM12878_10kb
19,22970000,assembly_gap,weak,none,none,moderate,D3,D3,"BD2,BD3",GM12878_10kb
19,22990000,assembly_gap,weak,none,none,none,D1,D1,"BD2,BD3",GM12878_10kb
19,23000000,assembly_gap,weak,none,none,none,D1,D1,"BD2,BD3",GM12878_10kb
19,23010000,assembly_gap,weak,none,none,none,D1,D1,"BD2,BD3",GM12878_10kb
19,23060000,assembly_gap,weak,none,none,none,D1,D1,"BD2,BD3",GM12878_10kb
19,23080000,assembly_gap,weak,none,none,none,D1,D1,"BD2,BD3",GM12878_10kb
19,23120000,assembly_gap,weak,none,none,none,D1,D1,"BD2,BD3",GM12878_10kb
19,23130000,assembly_gap,weak,none,none,none,D1,D1,"BD2,BD3",GM12878_10kb
19,23140000,assembly_gap,weak,none,none,none,D1,D1,"BD2,BD3",GM12878_10kb
19,23200000,assembly_gap,weak,none,none,none,D1,D1,"BD2,BD3",GM12878_10kb
19,23210000,assembly_gap,weak,none,none,none,D1,D1,"BD2,BD3",GM12878_10kb
19,23220000,assembly_gap,weak,none,none,none,D1,D1,"BD2,BD3",GM12878_10kb
19,23280000,assembly_gap,weak,none,none,none,D1,D1,"BD2,BD3",GM12878_10kb
19,23290000,assembly_gap,weak,weak,none,none,D2,D1,"BD2,BD3",GM12878_10kb
19,23400000,assembly_gap,weak,none,none,moderate,D3,D3,"BD2,BD3",GM12878_10kb
19,23410000,assembly_gap,strong,none,none,moderate,D4,D4,"BD2,BD3",GM12878_10kb
19,23420000,assembly_gap,moderate,none,none,moderate,D4,D4,"BD2,BD3",GM12878_10kb
19,23490000,assembly_gap,weak,none,none,none,D1,D1,"BD2,BD3",GM12878_10kb
19,23540000,assembly_gap,weak,none,none,none,D1,D1,"BD2,BD3",GM12878_10kb
19,23620000,assembly_gap,weak,none,none,none,D1,D1,"BD2,BD3",GM12878_10kb
19,23630000,assembly_gap,moderate,none,none,none,D3,D3,"BD2,BD3",GM12878_10kb
19,23640000,assembly_gap,weak,none,none,moderate,D3,D3,"BD2,BD3",GM12878_10kb
19,23690000,assembly_gap,weak,none,none,moderate,D3,D3,"BD2,BD3",GM12878_10kb
19,23730000,assembly_gap,weak,none,none,moderate,D3,D3,"BD2,BD3",GM12878_10kb
19,23740000,assembly_gap,weak,none,none,none,D1,D1,"BD2,BD3",GM12878_10kb
19,23810000,assembly_gap,weak,none,none,moderate,D3,D3,"BD2,BD3",GM12878_10kb
19,23830000,assembly_gap,weak,none,none,strong,D3,D3,"BD2,BD3",GM12878_10kb
19,23860000,assembly_gap,weak,none,none,moderate,D3,D3,"BD2,BD3",GM12878_10kb
19,23900000,assembly_gap,weak,none,none,moderate,D3,D3,"BD2,BD3",GM12878_10kb
19,23960000,assembly_gap,weak,none,none,moderate,D3,D3,"BD2,BD3",GM12878_10kb
19,23990000,assembly_gap,weak,none,none,moderate,D3,D3,"BD2,BD3",GM12878_10kb
19,24010000,assembly_gap,weak,none,none,moderate,D3,D3,"BD2,BD3",GM12878_10kb
19,24020000,assembly_gap,weak,none,none,none,D1,D1,"BD2,BD3",GM12878_10kb
19,24090000,assembly_gap,weak,none,none,none,D1,D1,"BD2,BD3",GM12878_10kb
19,24130000,assembly_gap,weak,none,none,none,D1,D1,"BD2,BD3",GM12878_10kb
19,24160000,assembly_gap,weak,none,none,none,D1,D1,"BD2,BD3",GM12878_10kb
19,24200000,assembly_gap+encode_blacklist,weak,none,none,none,D1,D1,"BD2,BD3",GM12878_10kb
19,24370000,assembly_gap+encode_blacklist,weak,none,none,none,D1,D1,"BD2,BD3",GM12878_10kb
19,24400000,assembly_gap+encode_blacklist,weak,none,none,none,D1,D1,"BD2,BD3",GM12878_10kb
19,24410000,assembly_gap+encode_blacklist,weak,none,none,none,D1,D1,"BD2,BD3",GM12878_10kb
19,27240000,assembly_gap+encode_blacklist,weak,none,none,none,D1,D1,"BD2,BD3",GM12878_10kb
19,27500000,assembly_gap,weak,none,none,none,D1,D1,"BD2,BD3",GM12878_10kb
19,27680000,assembly_gap,weak,none,none,none,D1,D1,"BD2,BD3",GM12878_10kb
19,27740000,assembly_gap,weak,none,none,none,D1,D1,"BD2,BD3",GM12878_10kb
19,27820000,assembly_gap,weak,none,none,none,D1,D1,"BD2,BD3",GM12878_10kb
19,27830000,assembly_gap,weak,none,none,none,D1,D1,"BD2,BD3",GM12878_10kb
19,27930000,assembly_gap,weak,none,none,strong,D3,D3,"BD2,BD3",GM12878_10kb
19,27960000,assembly_gap,moderate,weak,moderate,strong,D4,D4,"BD2,BD3",GM12878_10kb
19,27970000,assembly_gap,moderate,weak,moderate,strong,D4,D4,"BD2,BD3",GM12878_10kb
19,27990000,assembly_gap,weak,weak,strong,strong,D3,D3,"BD2,BD3",GM12878_10kb
19,28070000,assembly_gap,weak,none,none,none,D1,D1,"BD2,BD3",GM12878_10kb
19,28130000,assembly_gap,weak,none,none,none,D1,D1,"BD2,BD3",GM12878_10kb
19,28150000,assembly_gap,weak,none,weak,none,D2,D1,"BD2,BD3",GM12878_10kb
19,28160000,assembly_gap,weak,none,none,none,D1,D1,"BD2,BD3",GM12878_10kb
19,28210000,assembly_gap,weak,none,none,none,D1,D1,"BD2,BD3",GM12878_10kb
19,28240000,assembly_gap,weak,none,weak,none,D2,D1,"BD2,BD3",GM12878_10kb
19,28250000,assembly_gap,weak,none,none,none,D1,D1,"BD2,BD3",GM12878_10kb
19,28270000,assembly_gap,weak,none,none,none,D1,D1,"BD2,BD3",GM12878_10kb
19,28320000,assembly_gap,weak,none,weak,moderate,D3,D3,"BD2,BD3",GM12878_10kb
19,28330000,assembly_gap,weak,none,weak,moderate,D3,D3,"BD2,BD3",GM12878_10kb
19,28340000,assembly_gap,weak,none,weak,moderate,D3,D3,"BD2,BD3",GM12878_10kb
19,28360000,assembly_gap,weak,none,none,moderate,D3,D3,"BD2,BD3",GM12878_10kb
19,28370000,assembly_gap,weak,none,none,moderate,D3,D3,"BD2,BD3",GM12878_10kb
19,28390000,assembly_gap,weak,none,none,none,D1,D1,"BD2,BD3",GM12878_10kb
19,28450000,assembly_gap,weak,none,none,moderate,D3,D3,"BD2,BD3",GM12878_10kb
19,28580000,assembly_gap,weak,none,none,none,D1,D1,"BD2,BD3",GM12878_10kb
19,28630000,assembly_gap,weak,none,none,none,D1,D1,"BD2,BD3",GM12878_10kb
19,28670000,assembly_gap,weak,none,none,strong,D3,D3,"BD2,BD3",GM12878_10kb
19,28680000,assembly_gap,weak,none,none,strong,D3,D3,"BD2,BD3",GM12878_10kb
19,28720000,assembly_gap,weak,none,none,strong,D3,D3,"BD2,BD3",GM12878_10kb
19,28740000,assembly_gap,weak,none,none,strong,D3,D3,"BD2,BD3",GM12878_10kb
19,28750000,assembly_gap,weak,none,none,strong,D3,D3,"BD2,BD3",GM12878_10kb
19,28820000,assembly_gap,weak,none,none,none,D1,D1,"BD2,BD3",GM12878_10kb
19,28860000,assembly_gap,weak,none,none,none,D1,D1,"BD2,BD3",GM12878_10kb
19,28880000,assembly_gap,weak,none,none,none,D1,D1,"BD2,BD3",GM12878_10kb
19,28890000,assembly_gap,weak,none,none,none,D1,D1,"BD2,BD3",GM12878_10kb
19,28900000,assembly_gap,weak,none,none,none,D1,D1,"BD2,BD3",GM12878_10kb
19,28980000,assembly_gap,weak,none,none,none,D1,D1,"BD2,BD3",GM12878_10kb
19,29010000,assembly_gap,weak,none,none,none,D1,D1,"BD2,BD3",GM12878_10kb
19,29080000,assembly_gap,weak,none,none,none,D1,D1,"BD2,BD3",GM12878_10kb
19,29150000,assembly_gap,weak,none,none,none,D1,D1,"BD2,BD3",GM12878_10kb
19,29180000,assembly_gap,weak,none,none,moderate,D3,D3,"BD2,BD3",GM12878_10kb
19,29270000,assembly_gap,weak,weak,weak,none,D2,D1,"BD2,BD3",GM12878_10kb
19,29280000,assembly_gap,weak,weak,weak,none,D2,D1,"BD2,BD3",GM12878_10kb
19,29290000,assembly_gap,weak,none,none,none,D1,D1,"BD2,BD3",GM12878_10kb
19,29300000,assembly_gap,weak,none,none,none,D1,D1,"BD2,BD3",GM12878_10kb
19,29380000,assembly_gap,weak,none,none,none,D1,D1,"BD2,BD3",GM12878_10kb
19,29440000,assembly_gap,weak,none,none,none,D1,D1,"BD2,BD3",GM12878_10kb
19,29460000,assembly_gap,weak,none,none,none,D1,D1,"BD2,BD3",GM12878_10kb
19,29520000,assembly_gap,weak,none,none,none,D1,D1,"BD2,BD3",GM12878_10kb
19,29560000,assembly_gap,weak,none,none,moderate,D3,D3,"BD2,BD3",GM12878_10kb
19,29570000,assembly_gap,weak,none,none,moderate,D3,D3,"BD2,BD3",GM12878_10kb
19,29590000,assembly_gap,moderate,moderate,moderate,moderate,D4,D4,"BD2,BD3",GM12878_10kb
19,29600000,assembly_gap,moderate,moderate,strong,moderate,D4,D4,"BD2,BD3",GM12878_10kb
19,29710000,assembly_gap,weak,strong,strong,strong,D3,D3,"BD2,BD3",GM12878_10kb
19,29720000,assembly_gap,strong,strong,strong,strong,D5,D5,"BD2,BD3",GM12878_10kb
19,29730000,assembly_gap,strong,strong,moderate,strong,D5,D5,"BD2,BD3",GM12878_10kb
19,29740000,assembly_gap,moderate,strong,weak,strong,D4,D4,"BD2,BD3",GM12878_10kb
19,29870000,assembly_gap,weak,moderate,moderate,strong,D3,D3,"BD2,BD3",GM12878_10kb
19,29880000,assembly_gap,moderate,moderate,weak,strong,D4,D4,"BD2,BD3",GM12878_10kb
19,29890000,assembly_gap,weak,weak,none,strong,D3,D3,"BD2,BD3",GM12878_10kb
19,29920000,assembly_gap,weak,none,none,moderate,D3,D3,"BD2,BD3",GM12878_10kb
19,30050000,assembly_gap,weak,none,none,none,D1,D1,"BD2,BD3",GM12878_10kb
19,30060000,assembly_gap,moderate,none,weak,none,D3,D3,"BD2,BD3",GM12878_10kb
19,30070000,assembly_gap,strong,none,weak,none,D4,D3,"BD2,BD3",GM12878_10kb
19,30080000,assembly_gap,moderate,none,weak,none,D3,D3,"BD2,BD3",GM12878_10kb
19,30160000,assembly_gap,weak,none,none,none,D1,D1,"BD2,BD3",GM12878_10kb
19,30210000,assembly_gap,weak,none,none,moderate,D3,D3,"BD2,BD3",GM12878_10kb
19,30230000,assembly_gap,weak,weak,none,moderate,D3,D3,"BD2,BD3",GM12878_10kb
19,30300000,assembly_gap,weak,none,none,none,D1,D1,"BD2,BD3",GM12878_10kb
19,30350000,assembly_gap,weak,none,weak,none,D2,D1,"BD2,BD3",GM12878_10kb
19,30410000,assembly_gap,weak,none,none,none,D1,D1,"BD2,BD3",GM12878_10kb
19,30420000,assembly_gap,weak,none,none,none,D1,D1,"BD2,BD3",GM12878_10kb
19,30490000,assembly_gap,weak,none,none,none,D1,D1,"BD2,BD3",GM12878_10kb
19,30580000,assembly_gap,weak,none,none,none,D1,D1,"BD2,BD3",GM12878_10kb
19,30640000,assembly_gap,weak,moderate,weak,strong,D3,D3,"BD2,BD3",GM12878_10kb
19,30660000,assembly_gap,moderate,strong,moderate,strong,D4,D4,"BD2,BD3",GM12878_10kb
19,30670000,assembly_gap,moderate,strong,moderate,strong,D4,D4,"BD2,BD3",GM12878_10kb
19,30700000,assembly_gap,weak,weak,weak,strong,D3,D3,"BD2,BD3",GM12878_10kb
19,30710000,assembly_gap,weak,weak,none,strong,D3,D3,"BD2,BD3",GM12878_10kb
19,30720000,assembly_gap,weak,none,none,moderate,D3,D3,"BD2,BD3",GM12878_10kb
19,30780000,assembly_gap,weak,none,none,none,D1,D1,"BD2,BD3",GM12878_10kb
19,30840000,assembly_gap,weak,none,none,none,D1,D1,"BD2,BD3",GM12878_10kb
19,30850000,assembly_gap,weak,none,none,none,D1,D1,"BD2,BD3",GM12878_10kb
19,30910000,assembly_gap,weak,none,none,none,D1,D1,"BD2,BD3",GM12878_10kb
19,30950000,assembly_gap,weak,none,none,none,D1,D1,"BD2,BD3",GM12878_10kb
19,31000000,assembly_gap,weak,none,none,none,D1,D1,"BD2,BD3",GM12878_10kb
19,31060000,assembly_gap,weak,none,none,none,D1,D1,"BD2,BD3",GM12878_10kb
19,31070000,assembly_gap,weak,none,none,none,D1,D1,"BD2,BD3",GM12878_10kb
19,31130000,assembly_gap,weak,none,none,none,D1,D1,"BD2,BD3",GM12878_10kb
19,31140000,assembly_gap,weak,none,none,none,D1,D1,"BD2,BD3",GM12878_10kb
19,31190000,assembly_gap,weak,none,none,none,D1,D1,"BD2,BD3",GM12878_10kb
19,31230000,assembly_gap,weak,none,none,none,D1,D1,"BD2,BD3",GM12878_10kb
19,31240000,assembly_gap,weak,none,none,none,D1,D1,"BD2,BD3",GM12878_10kb
19,31260000,assembly_gap,weak,none,none,none,D1,D1,"BD2,BD3",GM12878_10kb
19,31270000,assembly_gap,weak,none,none,none,D1,D1,"BD2,BD3",GM12878_10kb
19,31280000,assembly_gap,weak,none,none,none,D1,D1,"BD2,BD3",GM12878_10kb
19,31350000,assembly_gap,weak,none,none,none,D1,D1,"BD2,BD3",GM12878_10kb
19,31410000,assembly_gap,weak,none,none,none,D1,D1,"BD2,BD3",GM12878_10kb
19,31430000,assembly_gap,weak,none,none,none,D1,D1,"BD2,BD3",GM12878_10kb
19,31440000,assembly_gap,weak,none,none,none,D1,D1,"BD2,BD3",GM12878_10kb
19,31460000,assembly_gap,weak,none,none,none,D1,D1,"BD2,BD3",GM12878_10kb
19,31470000,assembly_gap,weak,none,none,none,D1,D1,"BD2,BD3",GM12878_10kb
19,31550000,assembly_gap,weak,none,none,none,D1,D1,"BD2,BD3",GM12878_10kb
19,31580000,assembly_gap,weak,none,none,none,D1,D1,"BD2,BD3",GM12878_10kb
19,31610000,assembly_gap,weak,none,none,none,D1,D1,"BD2,BD3",GM12878_10kb
19,31680000,assembly_gap,weak,none,none,none,D1,D1,"BD2,BD3",GM12878_10kb
19,31690000,assembly_gap,weak,none,none,none,D1,D1,"BD2,BD3",GM12878_10kb
19,31720000,assembly_gap,weak,none,none,none,D1,D1,"BD2,BD3",GM12878_10kb
19,31740000,assembly_gap,weak,none,none,none,D1,D1,"BD2,BD3",GM12878_10kb
19,31750000,assembly_gap,weak,none,none,none,D1,D1,"BD2,BD3",GM12878_10kb
19,31770000,assembly_gap,weak,none,none,none,D1,D1,"BD2,BD3",GM12878_10kb
19,31820000,assembly_gap,weak,none,none,none,D1,D1,"BD2,BD3",GM12878_10kb
19,31860000,assembly_gap,weak,none,none,none,D1,D1,"BD2,BD3",GM12878_10kb
19,31890000,assembly_gap,weak,none,none,none,D1,D1,"BD2,BD3",GM12878_10kb
20,25700000,assembly_gap,weak,none,none,none,D1,D1,"BD2,BD3",GM12878_10kb
20,25710000,assembly_gap,weak,none,none,none,D1,D1,"BD2,BD3",GM12878_10kb
20,25770000,assembly_gap,moderate,none,none,none,D3,D3,"BD2,BD3",GM12878_10kb
20,25780000,assembly_gap,moderate,none,none,none,D3,D3,"BD2,BD3",GM12878_10kb
20,25840000,assembly_gap,weak,none,none,none,D1,D1,"BD2,BD3",GM12878_10kb
20,25850000,assembly_gap,weak,none,none,none,D1,D1,"BD2,BD3",GM12878_10kb
20,25880000,assembly_gap,weak,none,none,none,D1,D1,"BD2,BD3",GM12878_10kb
20,26000000,assembly_gap,weak,none,none,none,D1,D1,"BD2,BD3",GM12878_10kb
20,26010000,assembly_gap,weak,none,none,none,D1,D1,"BD2,BD3",GM12878_10kb
20,26030000,assembly_gap,weak,none,none,none,D1,D1,"BD2,BD3",GM12878_10kb
20,26090000,assembly_gap,weak,none,none,none,D1,D1,"BD2,BD3",GM12878_10kb
20,26100000,assembly_gap,weak,none,none,none,D1,D1,"BD2,BD3",GM12878_10kb
20,26280000,assembly_gap,weak,none,none,none,D1,D1,"BD2,BD3",GM12878_10kb
20,28550000,assembly_gap+encode_blacklist,weak,none,none,none,D1,D1,"BD2,BD3",GM12878_10kb
20,28570000,assembly_gap,weak,none,none,none,D1,D1,"BD2,BD3",GM12878_10kb
20,28640000,assembly_gap,weak,none,none,none,D1,D1,"BD2,BD3",GM12878_10kb
20,28730000,assembly_gap+encode_blacklist,weak,none,none,none,D1,D1,"BD2,BD3",GM12878_10kb
20,28780000,assembly_gap+encode_blacklist,weak,none,none,none,D1,D1,"BD2,BD3",GM12878_10kb
20,28830000,assembly_gap+encode_blacklist,weak,none,none,none,D1,D1,"BD2,BD3",GM12878_10kb
20,29020000,assembly_gap,weak,none,none,none,D1,D1,"BD2,BD3",GM12878_10kb
20,29120000,assembly_gap,weak,none,none,none,D1,D1,"BD2,BD3",GM12878_10kb
20,29130000,assembly_gap+encode_blacklist,weak,none,none,none,D1,D1,"BD2,BD3",GM12878_10kb
20,29210000,assembly_gap+encode_blacklist,weak,none,none,none,D1,D1,"BD2,BD3",GM12878_10kb
20,29290000,assembly_gap+encode_blacklist,weak,none,none,none,D1,D1,"BD2,BD3",GM12878_10kb
20,29340000,assembly_gap,weak,none,none,none,D1,D1,"BD2,BD3",GM12878_10kb
20,29350000,assembly_gap,weak,none,none,none,D1,D1,"BD2,BD3",GM12878_10kb
20,29420000,assembly_gap,weak,none,none,none,D1,D1,"BD2,BD3",GM12878_10kb
20,29450000,assembly_gap,weak,none,none,none,D1,D1,"BD2,BD3",GM12878_10kb
20,29510000,assembly_gap,weak,none,none,none,D1,D1,"BD2,BD3",GM12878_10kb
20,29570000,assembly_gap,weak,none,none,none,D1,D1,"BD2,BD3",GM12878_10kb
20,29580000,assembly_gap,weak,none,none,none,D1,D1,"BD2,BD3",GM12878_10kb
20,29590000,assembly_gap,weak,none,none,none,D1,D1,"BD2,BD3",GM12878_10kb
20,29680000,assembly_gap,weak,none,none,none,D1,D1,"BD2,BD3",GM12878_10kb
20,29690000,assembly_gap,weak,none,none,none,D1,D1,"BD2,BD3",GM12878_10kb
20,29740000,assembly_gap,weak,none,none,none,D1,D1,"BD2,BD3",GM12878_10kb
20,29760000,assembly_gap,weak,none,none,none,D1,D1,"BD2,BD3",GM12878_10kb
20,29840000,assembly_gap,weak,none,none,none,D1,D1,"BD2,BD3",GM12878_10kb
20,29880000,assembly_gap,weak,none,none,none,D1,D1,"BD2,BD3",GM12878_10kb
20,29890000,assembly_gap,weak,none,none,none,D1,D1,"BD2,BD3",GM12878_10kb
20,30170000,assembly_gap,moderate,none,none,none,D3,D3,"BD2,BD3",GM12878_10kb
20,30180000,assembly_gap,moderate,none,none,none,D3,D3,"BD2,BD3",GM12878_10kb
20,30250000,assembly_gap,weak,none,none,none,D1,D1,"BD2,BD3",GM12878_10kb
20,30260000,assembly_gap,weak,none,none,none,D1,D1,"BD2,BD3",GM12878_10kb
20,30280000,assembly_gap,weak,none,none,none,D1,D1,"BD2,BD3",GM12878_10kb
20,30320000,assembly_gap,weak,none,none,none,D1,D1,"BD2,BD3",GM12878_10kb
20,30430000,assembly_gap,moderate,none,none,none,D3,D3,"BD2,BD3",GM12878_10kb
20,30810000,assembly_gap,weak,none,none,none,D1,D1,"BD2,BD3",GM12878_10kb
20,31050000,assembly_gap,weak,none,none,none,D1,D1,"BD2,BD3",GM12878_10kb
20,31190000,encode_blacklist,weak,none,none,none,D1,D1,"BD2,BD3",GM12878_10kb
20,64340000,assembly_gap,strong,none,none,none,D3,D3,"BD2,BD3",GM12878_10kb
21,5090000,assembly_gap,weak,none,none,none,D1,D1,"BD2,BD3",GM12878_10kb
21,5130000,assembly_gap,weak,none,none,none,D1,D1,"BD2,BD3",GM12878_10kb
21,5210000,assembly_gap,weak,none,none,none,D1,D1,"BD2,BD3",GM12878_10kb
21,5260000,assembly_gap,weak,none,none,none,D1,D1,"BD2,BD3",GM12878_10kb
21,7930000,assembly_gap,weak,none,none,none,D1,D1,"BD2,BD3",GM12878_10kb
21,7970000,assembly_gap,weak,none,none,none,D1,D1,"BD2,BD3",GM12878_10kb
21,8770000,assembly_gap,weak,none,none,none,D1,D1,"BD2,BD3",GM12878_10kb
21,8990000,assembly_gap,weak,none,none,none,D1,D1,"BD2,BD3",GM12878_10kb
21,9040000,assembly_gap,weak,none,none,none,D1,D1,"BD2,BD3",GM12878_10kb
21,9530000,assembly_gap,weak,none,none,none,D1,D1,"BD2,BD3",GM12878_10kb
21,9580000,assembly_gap,weak,none,none,none,D1,D1,"BD2,BD3",GM12878_10kb
21,9660000,assembly_gap,weak,none,none,none,D1,D1,"BD2,BD3",GM12878_10kb
21,9720000,assembly_gap,weak,none,none,none,D1,D1,"BD2,BD3",GM12878_10kb
21,9800000,assembly_gap,weak,none,none,none,D1,D1,"BD2,BD3",GM12878_10kb
21,9810000,assembly_gap,weak,none,none,none,D1,D1,"BD2,BD3",GM12878_10kb
21,9830000,assembly_gap,weak,none,none,none,D1,D1,"BD2,BD3",GM12878_10kb
21,9920000,assembly_gap,weak,none,none,none,D1,D1,"BD2,BD3",GM12878_10kb
21,10020000,assembly_gap,weak,none,none,none,D1,D1,"BD2,BD3",GM12878_10kb
21,10030000,assembly_gap,weak,none,none,none,D1,D1,"BD2,BD3",GM12878_10kb
21,10110000,assembly_gap,weak,none,none,none,D1,D1,"BD2,BD3",GM12878_10kb
21,10320000,assembly_gap,weak,none,none,none,D1,D1,"BD2,BD3",GM12878_10kb
21,10370000,assembly_gap,weak,none,none,none,D1,D1,"BD2,BD3",GM12878_10kb
21,10400000,assembly_gap,weak,none,none,none,D1,D1,"BD2,BD3",GM12878_10kb
21,10410000,assembly_gap,weak,none,none,none,D1,D1,"BD2,BD3",GM12878_10kb
21,10480000,assembly_gap,weak,none,none,none,D1,D1,"BD2,BD3",GM12878_10kb
21,10490000,assembly_gap,weak,none,none,none,D1,D1,"BD2,BD3",GM12878_10kb
21,10510000,assembly_gap,weak,none,none,none,D1,D1,"BD2,BD3",GM12878_10kb
21,10600000,assembly_gap,weak,none,none,none,D1,D1,"BD2,BD3",GM12878_10kb
21,10670000,assembly_gap+encode_blacklist,weak,none,none,none,D1,D1,"BD2,BD3",GM12878_10kb
21,10690000,assembly_gap+encode_blacklist,weak,none,none,none,D1,D1,"BD2,BD3",GM12878_10kb
21,10740000,assembly_gap+encode_blacklist,weak,none,none,none,D1,D1,"BD2,BD3",GM12878_10kb
21,10760000,assembly_gap+encode_blacklist,weak,none,none,none,D1,D1,"BD2,BD3",GM12878_10kb
21,10770000,assembly_gap+encode_blacklist,weak,none,none,none,D1,D1,"BD2,BD3",GM12878_10kb
21,10810000,assembly_gap+encode_blacklist,weak,none,none,none,D1,D1,"BD2,BD3",GM12878_10kb
21,12960000,assembly_gap+encode_blacklist,weak,none,none,none,D1,D1,"BD2,BD3",GM12878_10kb
21,12970000,assembly_gap,weak,none,none,none,D1,D1,"BD2,BD3",GM12878_10kb
21,43220000,assembly_gap,weak,none,none,moderate,D3,D3,"BD2,BD3",GM12878_10kb
21,43260000,assembly_gap,weak,none,none,none,D1,D1,"BD2,BD3",GM12878_10kb
21,46700000,assembly_gap,strong,none,none,none,D3,D3,"BD2,BD3",GM12878_10kb
22,10710000,assembly_gap,weak,none,none,none,D1,D1,"BD2,BD3",GM12878_10kb
22,10730000,assembly_gap,weak,none,none,none,D1,D1,"BD2,BD3",GM12878_10kb
22,10790000,assembly_gap,weak,none,none,none,D1,D1,"BD2,BD3",GM12878_10kb
22,10930000,assembly_gap,weak,none,none,none,D1,D1,"BD2,BD3",GM12878_10kb
22,10970000,assembly_gap,weak,none,none,none,D1,D1,"BD2,BD3",GM12878_10kb
22,11020000,assembly_gap,weak,none,none,none,D1,D1,"BD2,BD3",GM12878_10kb
22,11070000,assembly_gap,weak,none,none,none,D1,D1,"BD2,BD3",GM12878_10kb
22,11290000,assembly_gap,weak,none,none,none,D1,D1,"BD2,BD3",GM12878_10kb
22,11360000,assembly_gap,weak,none,none,none,D1,D1,"BD2,BD3",GM12878_10kb
22,11550000,assembly_gap,weak,none,none,none,D1,D1,"BD2,BD3",GM12878_10kb
22,11630000,assembly_gap,weak,none,none,none,D1,D1,"BD2,BD3",GM12878_10kb
22,12190000,assembly_gap,weak,none,none,none,D1,D1,"BD2,BD3",GM12878_10kb
22,12200000,assembly_gap,weak,none,none,none,D1,D1,"BD2,BD3",GM12878_10kb
22,12390000,assembly_gap,weak,none,none,none,D1,D1,"BD2,BD3",GM12878_10kb
22,12400000,assembly_gap,weak,none,none,none,D1,D1,"BD2,BD3",GM12878_10kb
22,12590000,assembly_gap,weak,none,none,none,D1,D1,"BD2,BD3",GM12878_10kb
22,12640000,assembly_gap,weak,none,none,none,D1,D1,"BD2,BD3",GM12878_10kb
22,12710000,assembly_gap,weak,none,none,none,D1,D1,"BD2,BD3",GM12878_10kb
22,15630000,assembly_gap,weak,none,none,none,D1,D1,"BD2,BD3",GM12878_10kb
22,15640000,assembly_gap,weak,none,none,none,D1,D1,"BD2,BD3",GM12878_10kb
22,15740000,assembly_gap,weak,none,none,none,D1,D1,"BD2,BD3",GM12878_10kb
22,15750000,assembly_gap,weak,none,none,none,D1,D1,"BD2,BD3",GM12878_10kb
22,16090000,assembly_gap,weak,none,none,none,D1,D1,"BD2,BD3",GM12878_10kb
22,16160000,assembly_gap,weak,none,none,none,D1,D1,"BD2,BD3",GM12878_10kb
22,16240000,assembly_gap,weak,none,none,none,D1,D1,"BD2,BD3",GM12878_10kb
22,16390000,assembly_gap,weak,none,none,none,D1,D1,"BD2,BD3",GM12878_10kb
22,16430000,assembly_gap,weak,none,none,none,D1,D1,"BD2,BD3",GM12878_10kb
22,16470000,assembly_gap,moderate,none,none,none,D3,D3,"BD2,BD3",GM12878_10kb
22,16480000,assembly_gap,moderate,none,none,none,D3,D3,"BD2,BD3",GM12878_10kb
22,16580000,assembly_gap,weak,none,none,none,D1,D1,"BD2,BD3",GM12878_10kb
22,16590000,assembly_gap,weak,none,none,none,D1,D1,"BD2,BD3",GM12878_10kb
22,16620000,assembly_gap,weak,none,none,none,D1,D1,"BD2,BD3",GM12878_10kb
22,16630000,assembly_gap,weak,none,none,none,D1,D1,"BD2,BD3",GM12878_10kb
22,16690000,assembly_gap,weak,none,none,none,D1,D1,"BD2,BD3",GM12878_10kb
22,16720000,assembly_gap,weak,none,none,none,D1,D1,"BD2,BD3",GM12878_10kb
22,16730000,assembly_gap,weak,none,none,none,D1,D1,"BD2,BD3",GM12878_10kb
22,16760000,assembly_gap,moderate,none,none,none,D3,D3,"BD2,BD3",GM12878_10kb
22,16770000,assembly_gap,moderate,none,none,none,D3,D3,"BD2,BD3",GM12878_10kb
22,16890000,assembly_gap,moderate,none,none,strong,D4,D4,"BD2,BD3",GM12878_10kb
22,16900000,assembly_gap,strong,weak,none,strong,D5,D5,"BD2,BD3",GM12878_10kb
22,16910000,assembly_gap,strong,weak,none,strong,D5,D5,"BD2,BD3",GM12878_10kb
22,17010000,assembly_gap,weak,none,none,moderate,D3,D3,"BD2,BD3",GM12878_10kb
22,17040000,assembly_gap,weak,weak,none,moderate,D3,D3,"BD2,BD3",GM12878_10kb
22,17060000,assembly_gap,strong,moderate,moderate,moderate,D4,D4,"BD2,BD3",GM12878_10kb
22,17070000,assembly_gap,strong,moderate,moderate,moderate,D4,D4,"BD2,BD3",GM12878_10kb
22,17080000,assembly_gap,moderate,moderate,moderate,moderate,D4,D4,"BD2,BD3",GM12878_10kb
22,17160000,assembly_gap,strong,moderate,moderate,moderate,D4,D4,"BD2,BD3",GM12878_10kb
22,17170000,assembly_gap,strong,moderate,moderate,strong,D5,D5,"BD2,BD3",GM12878_10kb
22,17180000,assembly_gap,weak,strong,moderate,strong,D3,D3,"BD2,BD3",GM12878_10kb
22,17210000,assembly_gap,weak,none,moderate,strong,D3,D3,"BD2,BD3",GM12878_10kb
22,17360000,assembly_gap,weak,none,none,none,D1,D1,"BD2,BD3",GM12878_10kb
22,17370000,assembly_gap,weak,none,none,none,D1,D1,"BD2,BD3",GM12878_10kb
22,18260000,assembly_gap,weak,none,none,none,D1,D1,"BD2,BD3",GM12878_10kb
22,18270000,assembly_gap,weak,none,none,none,D1,D1,"BD2,BD3",GM12878_10kb
22,50810000,assembly_gap,strong,none,none,none,D3,D3,"BD2,BD3",GM12878_10kb
X,1950000,assembly_gap,weak,none,none,none,D1,D1,"BD2,BD3",GM12878_10kb
X,1970000,assembly_gap,weak,none,none,none,D1,D1,"BD2,BD3",GM12878_10kb
X,2130000,assembly_gap,weak,none,none,none,D1,D1,"BD2,BD3",GM12878_10kb
X,37280000,assembly_gap,moderate,none,none,none,D3,D3,"BD2,BD3",GM12878_10kb
X,49350000,assembly_gap,weak,none,none,none,D1,D1,"BD2,BD3",GM12878_10kb
X,50230000,assembly_gap,weak,none,none,none,D1,D1,"BD2,BD3",GM12878_10kb
X,50270000,assembly_gap,weak,none,none,none,D1,D1,"BD2,BD3",GM12878_10kb
X,55180000,encode_blacklist,weak,weak,none,moderate,D3,D3,"BD2,BD3",GM12878_10kb
X,58190000,assembly_gap+encode_blacklist,weak,none,none,none,D1,D1,"BD2,BD3",GM12878_10kb
X,58310000,assembly_gap+encode_blacklist,weak,none,none,none,D1,D1,"BD2,BD3",GM12878_10kb
X,58340000,assembly_gap+encode_blacklist,weak,none,none,none,D1,D1,"BD2,BD3",GM12878_10kb
X,58380000,assembly_gap+encode_blacklist,weak,none,none,none,D1,D1,"BD2,BD3",GM12878_10kb
X,58410000,assembly_gap+encode_blacklist,weak,none,none,none,D1,D1,"BD2,BD3",GM12878_10kb
X,58540000,assembly_gap+encode_blacklist,weak,none,none,none,D1,D1,"BD2,BD3",GM12878_10kb
X,62510000,assembly_gap+encode_blacklist,weak,none,none,none,D1,D1,"BD2,BD3",GM12878_10kb
X,62560000,assembly_gap+encode_blacklist,weak,none,none,none,D1,D1,"BD2,BD3",GM12878_10kb
X,62610000,assembly_gap+encode_blacklist,weak,none,none,none,D1,D1,"BD2,BD3",GM12878_10kb
X,62640000,assembly_gap+encode_blacklist,weak,none,none,none,D1,D1,"BD2,BD3",GM12878_10kb
X,62650000,assembly_gap+encode_blacklist,weak,none,none,none,D1,D1,"BD2,BD3",GM12878_10kb
X,62690000,assembly_gap+encode_blacklist,weak,none,none,none,D1,D1,"BD2,BD3",GM12878_10kb
X,62740000,assembly_gap+encode_blacklist,weak,none,none,none,D1,D1,"BD2,BD3",GM12878_10kb
X,62780000,assembly_gap+encode_blacklist,weak,none,none,none,D1,D1,"BD2,BD3",GM12878_10kb
X,62800000,assembly_gap+encode_blacklist,weak,none,none,none,D1,D1,"BD2,BD3",GM12878_10kb
X,62840000,assembly_gap,weak,none,none,none,D1,D1,"BD2,BD3",GM12878_10kb
X,62880000,assembly_gap,weak,none,none,none,D1,D1,"BD2,BD3",GM12878_10kb
X,62930000,assembly_gap,weak,none,none,none,D1,D1,"BD2,BD3",GM12878_10kb
X,62940000,assembly_gap,weak,none,none,none,D1,D1,"BD2,BD3",GM12878_10kb
X,63000000,assembly_gap,moderate,none,none,none,D3,D3,"BD2,BD3",GM12878_10kb
X,63010000,assembly_gap,strong,none,none,none,D3,D3,"BD2,BD3",GM12878_10kb
X,63020000,assembly_gap,weak,none,none,none,D1,D1,"BD2,BD3",GM12878_10kb
X,63060000,assembly_gap,weak,none,none,none,D1,D1,"BD2,BD3",GM12878_10kb
X,63070000,assembly_gap,weak,none,none,none,D1,D1,"BD2,BD3",GM12878_10kb
X,63120000,assembly_gap,weak,none,none,none,D1,D1,"BD2,BD3",GM12878_10kb
X,63130000,assembly_gap,weak,none,none,none,D1,D1,"BD2,BD3",GM12878_10kb
X,63190000,assembly_gap,weak,none,none,none,D1,D1,"BD2,BD3",GM12878_10kb
X,63250000,assembly_gap,moderate,none,none,none,D3,D3,"BD2,BD3",GM12878_10kb
X,63260000,assembly_gap,moderate,none,none,none,D3,D3,"BD2,BD3",GM12878_10kb
X,63290000,assembly_gap,weak,none,none,none,D1,D1,"BD2,BD3",GM12878_10kb
X,63350000,assembly_gap,weak,none,none,none,D1,D1,"BD2,BD3",GM12878_10kb
X,63450000,assembly_gap,weak,none,none,none,D1,D1,"BD2,BD3",GM12878_10kb
X,63510000,assembly_gap,weak,none,none,none,D1,D1,"BD2,BD3",GM12878_10kb
X,63540000,assembly_gap,weak,none,none,none,D1,D1,"BD2,BD3",GM12878_10kb
X,63570000,assembly_gap,weak,none,none,none,D1,D1,"BD2,BD3",GM12878_10kb
X,63630000,assembly_gap,weak,none,none,none,D1,D1,"BD2,BD3",GM12878_10kb
X,63640000,assembly_gap,strong,none,none,none,D3,D3,"BD2,BD3",GM12878_10kb
X,63650000,assembly_gap,strong,none,none,none,D3,D3,"BD2,BD3",GM12878_10kb
X,63700000,assembly_gap,weak,weak,none,none,D2,D1,"BD2,BD3",GM12878_10kb
X,63760000,assembly_gap,weak,none,weak,none,D2,D1,"BD2,BD3",GM12878_10kb
X,63770000,assembly_gap,strong,none,weak,none,D4,D3,"BD2,BD3",GM12878_10kb
X,63780000,assembly_gap,moderate,none,none,none,D3,D3,"BD2,BD3",GM12878_10kb
X,63790000,assembly_gap,weak,none,none,none,D1,D1,"BD2,BD3",GM12878_10kb
X,114330000,assembly_gap,weak,none,none,none,D1,D1,"BD2,BD3",GM12878_10kb
X,116560000,assembly_gap,weak,none,none,none,D1,D1,"BD2,BD3",GM12878_10kb
X,116590000,assembly_gap,weak,none,none,none,D1,D1,"BD2,BD3",GM12878_10kb
X,120880000,assembly_gap,weak,none,none,none,D1,D1,"BD2,BD3",GM12878_10kb
X,126730000,encode_blacklist,weak,none,none,none,D1,D1,"BD2,BD3",GM12878_10kb
X,144430000,assembly_gap,weak,none,none,none,D1,D1,"BD2,BD3",GM12878_10kb
1,122500000,assembly_gap+encode_blacklist,weak,none,none,none,D1,D1,"BD2,BD3",IMR90_25kb
1,124775000,assembly_gap+encode_blacklist,weak,none,none,none,D1,D1,"BD2,BD3",IMR90_25kb
1,143175000,assembly_gap,weak,none,none,none,D1,D1,"BD2,BD3",IMR90_25kb
1,143275000,encode_blacklist,weak,none,none,none,D1,D1,"BD2,BD3",IMR90_25kb
1,223575000,assembly_gap,weak,none,none,none,D1,D1,"BD2,BD3",IMR90_25kb
1,223600000,assembly_gap,weak,none,none,none,D1,D1,"BD2,BD3",IMR90_25kb
1,248950000,assembly_gap,strong,none,none,none,D3,D3,"BD2,BD3",IMR90_25kb
2,0,assembly_gap,moderate,moderate,none,none,D4,D3,"BD2,BD3",IMR90_25kb
2,89750000,assembly_gap,weak,none,none,none,D1,D1,"BD2,BD3",IMR90_25kb
2,91850000,assembly_gap,weak,none,none,none,D1,D1,"BD2,BD3",IMR90_25kb
2,91975000,assembly_gap,weak,none,none,none,D1,D1,"BD2,BD3",IMR90_25kb
2,94175000,assembly_gap+encode_blacklist,weak,none,none,none,D1,D1,"BD2,BD3",IMR90_25kb
2,94275000,assembly_gap+encode_blacklist,weak,none,none,none,D1,D1,"BD2,BD3",IMR90_25kb
2,94575000,assembly_gap,weak,none,none,none,D1,D1,"BD2,BD3",IMR90_25kb
2,94675000,assembly_gap,weak,none,none,none,D1,D1,"BD2,BD3",IMR90_25kb
2,94800000,assembly_gap,weak,none,none,none,D1,D1,"BD2,BD3",IMR90_25kb
2,94825000,assembly_gap,weak,none,none,none,D1,D1,"BD2,BD3",IMR90_25kb
2,94975000,assembly_gap,weak,moderate,none,moderate,D3,D3,"BD2,BD3",IMR90_25kb
2,95000000,assembly_gap,weak,moderate,none,moderate,D3,D3,"BD2,BD3",IMR90_25kb
2,95125000,assembly_gap,weak,weak,none,moderate,D3,D3,"BD2,BD3",IMR90_25kb
2,95150000,assembly_gap,weak,none,none,none,D1,D1,"BD2,BD3",IMR90_25kb
2,95175000,assembly_gap,weak,none,none,none,D1,D1,"BD2,BD3",IMR90_25kb
2,95325000,assembly_gap,weak,moderate,weak,none,D3,D1,"BD2,BD3",IMR90_25kb
2,95350000,assembly_gap,weak,moderate,weak,none,D3,D1,"BD2,BD3",IMR90_25kb
2,95400000,assembly_gap,weak,strong,moderate,none,D3,D1,"BD2,BD3",IMR90_25kb
2,95425000,assembly_gap,weak,none,none,none,D1,D1,"BD2,BD3",IMR90_25kb
2,95500000,assembly_gap,weak,none,none,none,D1,D1,"BD2,BD3",IMR90_25kb
2,95650000,assembly_gap,weak,none,none,none,D1,D1,"BD2,BD3",IMR90_25kb
2,95750000,assembly_gap,moderate,none,none,none,D3,D3,"BD2,BD3",IMR90_25kb
2,95775000,assembly_gap,moderate,none,none,none,D3,D3,"BD2,BD3",IMR90_25kb
2,95800000,assembly_gap,weak,none,none,none,D1,D1,"BD2,BD3",IMR90_25kb
2,95975000,assembly_gap,moderate,none,none,none,D3,D3,"BD2,BD3",IMR90_25kb
3,88000000,assembly_gap,weak,weak,none,none,D2,D1,"BD2,BD3",IMR90_25kb
3,88050000,assembly_gap,weak,none,none,none,D1,D1,"BD2,BD3",IMR90_25kb
3,88100000,assembly_gap,weak,none,none,none,D1,D1,"BD2,BD3",IMR90_25kb
3,88175000,assembly_gap,strong,weak,weak,none,D4,D3,"BD2,BD3",IMR90_25kb
3,88200000,assembly_gap,strong,moderate,weak,none,D4,D3,"BD2,BD3",IMR90_25kb
3,88225000,assembly_gap,strong,weak,none,none,D4,D3,"BD2,BD3",IMR90_25kb
3,88400000,assembly_gap,weak,none,none,none,D1,D1,"BD2,BD3",IMR90_25kb
3,88550000,assembly_gap,weak,none,none,none,D1,D1,"BD2,BD3",IMR90_25kb
3,88625000,assembly_gap,weak,none,none,none,D1,D1,"BD2,BD3",IMR90_25kb
3,88650000,assembly_gap,weak,none,none,none,D1,D1,"BD2,BD3",IMR90_25kb
3,88700000,assembly_gap,weak,none,none,none,D1,D1,"BD2,BD3",IMR90_25kb
3,89100000,assembly_gap,moderate,moderate,weak,none,D4,D3,"BD2,BD3",IMR90_25kb
3,89125000,assembly_gap,strong,weak,none,none,D4,D3,"BD2,BD3",IMR90_25kb
3,89150000,assembly_gap,weak,none,none,none,D1,D1,"BD2,BD3",IMR90_25kb
3,89425000,assembly_gap,weak,none,none,none,D1,D1,"BD2,BD3",IMR90_25kb
3,89475000,assembly_gap,weak,none,none,none,D1,D1,"BD2,BD3",IMR90_25kb
3,89725000,assembly_gap,weak,none,none,none,D1,D1,"BD2,BD3",IMR90_25kb
3,89825000,assembly_gap,weak,none,none,none,D1,D1,"BD2,BD3",IMR90_25kb
3,89875000,assembly_gap,weak,none,none,none,D1,D1,"BD2,BD3",IMR90_25kb
3,89900000,assembly_gap,weak,none,none,none,D1,D1,"BD2,BD3",IMR90_25kb
3,90100000,assembly_gap,weak,none,none,none,D1,D1,"BD2,BD3",IMR90_25kb
3,90175000,assembly_gap,weak,none,none,none,D1,D1,"BD2,BD3",IMR90_25kb
3,90250000,assembly_gap,weak,none,none,none,D1,D1,"BD2,BD3",IMR90_25kb
3,91300000,assembly_gap,weak,none,none,none,D1,D1,"BD2,BD3",IMR90_25kb
3,91500000,assembly_gap,weak,none,none,none,D1,D1,"BD2,BD3",IMR90_25kb
3,93800000,assembly_gap+encode_blacklist,moderate,none,none,none,D3,D3,"BD2,BD3",IMR90_25kb
3,93975000,assembly_gap,weak,none,none,moderate,D3,D3,"BD2,BD3",IMR90_25kb
3,94000000,assembly_gap,weak,weak,none,moderate,D3,D3,"BD2,BD3",IMR90_25kb
3,94100000,assembly_gap,weak,none,none,moderate,D3,D3,"BD2,BD3",IMR90_25kb
3,94125000,assembly_gap,strong,none,none,none,D3,D3,"BD2,BD3",IMR90_25kb
3,94150000,assembly_gap,moderate,none,none,none,D3,D3,"BD2,BD3",IMR90_25kb
3,94225000,assembly_gap,weak,none,none,none,D1,D1,"BD2,BD3",IMR90_25kb
3,94300000,assembly_gap,weak,none,none,none,D1,D1,"BD2,BD3",IMR90_25kb
3,94325000,assembly_gap,weak,weak,none,none,D2,D1,"BD2,BD3",IMR90_25kb
3,94650000,assembly_gap,weak,none,none,none,D1,D1,"BD2,BD3",IMR90_25kb
3,94700000,assembly_gap,weak,none,none,none,D1,D1,"BD2,BD3",IMR90_25kb
3,94850000,assembly_gap,weak,none,none,none,D1,D1,"BD2,BD3",IMR90_25kb
3,94900000,assembly_gap,weak,none,none,none,D1,D1,"BD2,BD3",IMR90_25kb
3,95000000,assembly_gap,weak,none,none,none,D1,D1,"BD2,BD3",IMR90_25kb
3,95150000,assembly_gap,weak,none,none,none,D1,D1,"BD2,BD3",IMR90_25kb
3,95375000,assembly_gap,weak,none,none,none,D1,D1,"BD2,BD3",IMR90_25kb
3,95525000,assembly_gap,weak,none,none,none,D1,D1,"BD2,BD3",IMR90_25kb
3,95550000,assembly_gap,weak,none,none,none,D1,D1,"BD2,BD3",IMR90_25kb
3,95675000,assembly_gap,weak,none,none,none,D1,D1,"BD2,BD3",IMR90_25kb
3,95725000,assembly_gap,weak,none,none,none,D1,D1,"BD2,BD3",IMR90_25kb
3,95750000,assembly_gap,weak,none,none,none,D1,D1,"BD2,BD3",IMR90_25kb
3,95775000,assembly_gap,weak,none,none,none,D1,D1,"BD2,BD3",IMR90_25kb
3,96075000,assembly_gap,weak,none,none,none,D1,D1,"BD2,BD3",IMR90_25kb
3,96250000,assembly_gap,weak,none,none,none,D1,D1,"BD2,BD3",IMR90_25kb
3,96275000,assembly_gap,weak,none,none,none,D1,D1,"BD2,BD3",IMR90_25kb
3,96425000,assembly_gap,weak,none,none,none,D1,D1,"BD2,BD3",IMR90_25kb
3,96600000,assembly_gap,weak,none,none,none,D1,D1,"BD2,BD3",IMR90_25kb
3,96750000,assembly_gap,weak,none,none,none,D1,D1,"BD2,BD3",IMR90_25kb
3,96775000,assembly_gap,weak,none,none,none,D1,D1,"BD2,BD3",IMR90_25kb
3,96825000,assembly_gap,weak,weak,none,none,D2,D1,"BD2,BD3",IMR90_25kb
3,96900000,assembly_gap,weak,none,none,none,D1,D1,"BD2,BD3",IMR90_25kb
3,97075000,assembly_gap,weak,none,none,none,D1,D1,"BD2,BD3",IMR90_25kb
3,97250000,assembly_gap,weak,none,none,none,D1,D1,"BD2,BD3",IMR90_25kb
3,97450000,assembly_gap,weak,none,none,none,D1,D1,"BD2,BD3",IMR90_25kb
3,97600000,assembly_gap,weak,none,none,none,D1,D1,"BD2,BD3",IMR90_25kb
3,97625000,assembly_gap,weak,none,none,none,D1,D1,"BD2,BD3",IMR90_25kb
3,97675000,assembly_gap,weak,none,none,none,D1,D1,"BD2,BD3",IMR90_25kb
3,97700000,assembly_gap,weak,weak,none,none,D2,D1,"BD2,BD3",IMR90_25kb
3,97725000,assembly_gap,strong,weak,none,none,D4,D3,"BD2,BD3",IMR90_25kb
3,97750000,assembly_gap,strong,none,none,moderate,D4,D4,"BD2,BD3",IMR90_25kb
3,98025000,assembly_gap,strong,strong,moderate,strong,D5,D5,"BD2,BD3",IMR90_25kb
3,98050000,assembly_gap,strong,strong,weak,strong,D5,D5,"BD2,BD3",IMR90_25kb
3,98075000,assembly_gap,moderate,none,none,moderate,D4,D4,"BD2,BD3",IMR90_25kb
3,98325000,assembly_gap,weak,moderate,none,moderate,D3,D3,"BD2,BD3",IMR90_25kb
3,98475000,assembly_gap,weak,none,none,none,D1,D1,"BD2,BD3",IMR90_25kb
3,98500000,assembly_gap,weak,none,none,none,D1,D1,"BD2,BD3",IMR90_25kb
3,98525000,assembly_gap,weak,none,none,none,D1,D1,"BD2,BD3",IMR90_25kb
3,98550000,assembly_gap,strong,none,none,moderate,D4,D4,"BD2,BD3",IMR90_25kb
3,98575000,assembly_gap,strong,moderate,none,strong,D5,D5,"BD2,BD3",IMR90_25kb
4,8800000,assembly_gap,weak,none,none,none,D1,D1,"BD2,BD3",IMR90_25kb
4,31825000,assembly_gap,weak,none,none,none,D1,D1,"BD2,BD3",IMR90_25kb
4,48275000,assembly_gap,weak,weak,none,moderate,D3,D3,"BD2,BD3",IMR90_25kb
4,48300000,assembly_gap,moderate,weak,none,moderate,D4,D4,"BD2,BD3",IMR90_25kb
4,48325000,assembly_gap,weak,weak,weak,moderate,D3,D3,"BD2,BD3",IMR90_25kb
4,48550000,assembly_gap,strong,weak,weak,strong,D5,D5,"BD2,BD3",IMR90_25kb
4,48575000,assembly_gap,strong,weak,weak,strong,D5,D5,"BD2,BD3",IMR90_25kb
4,48825000,assembly_gap,weak,none,none,none,D1,D1,"BD2,BD3",IMR90_25kb
4,48950000,assembly_gap,weak,moderate,weak,moderate,D3,D3,"BD2,BD3",IMR90_25kb
4,48975000,assembly_gap,moderate,weak,none,moderate,D4,D4,"BD2,BD3",IMR90_25kb
4,49000000,assembly_gap,moderate,none,none,moderate,D4,D4,"BD2,BD3",IMR90_25kb
4,49075000,assembly_gap,weak,none,none,none,D1,D1,"BD2,BD3",IMR90_25kb
4,49100000,assembly_gap,weak,none,none,none,D1,D1,"BD2,BD3",IMR90_25kb
4,49175000,assembly_gap,weak,none,none,none,D1,D1,"BD2,BD3",IMR90_25kb
4,49250000,assembly_gap,weak,none,none,none,D1,D1,"BD2,BD3",IMR90_25kb
4,116300000,encode_blacklist,weak,none,none,none,D1,D1,"BD2,BD3",IMR90_25kb
5,50150000,assembly_gap+encode_blacklist,weak,none,none,none,D1,D1,"BD2,BD3",IMR90_25kb
5,50250000,assembly_gap+encode_blacklist,weak,none,none,none,D1,D1,"BD2,BD3",IMR90_25kb
5,50450000,assembly_gap,weak,none,none,none,D1,D1,"BD2,BD3",IMR90_25kb
5,50500000,assembly_gap,weak,none,none,none,D1,D1,"BD2,BD3",IMR90_25kb
5,50525000,assembly_gap,weak,none,none,none,D1,D1,"BD2,BD3",IMR90_25kb
5,50825000,assembly_gap,weak,none,none,none,D1,D1,"BD2,BD3",IMR90_25kb
5,50850000,assembly_gap,weak,none,none,none,D1,D1,"BD2,BD3",IMR90_25kb
5,50950000,assembly_gap,moderate,moderate,weak,strong,D4,D4,"BD2,BD3",IMR90_25kb
5,51000000,assembly_gap,weak,none,none,strong,D3,D3,"BD2,BD3",IMR90_25kb
5,51350000,assembly_gap,weak,none,none,none,D1,D1,"BD2,BD3",IMR90_25kb
5,51375000,assembly_gap,moderate,none,none,none,D3,D3,"BD2,BD3",IMR90_25kb
5,80650000,encode_blacklist,strong,none,none,strong,D5,D5,"BD2,BD3",IMR90_25kb
5,134925000,encode_blacklist,strong,moderate,weak,none,D4,D3,"BD2,BD3",IMR90_25kb
6,60225000,assembly_gap,weak,none,none,none,D1,D1,"BD2,BD3",IMR90_25kb
6,60300000,assembly_gap,weak,none,none,none,D1,D1,"BD2,BD3",IMR90_25kb
6,60350000,assembly_gap,weak,none,none,none,D1,D1,"BD2,BD3",IMR90_25kb
6,60500000,assembly_gap,weak,none,none,none,D1,D1,"BD2,BD3",IMR90_25kb
6,60750000,assembly_gap,weak,none,none,none,D1,D1,"BD2,BD3",IMR90_25kb
6,60950000,assembly_gap,weak,none,none,none,D1,D1,"BD2,BD3",IMR90_25kb
6,61000000,assembly_gap,weak,none,none,none,D1,D1,"BD2,BD3",IMR90_25kb
6,61050000,assembly_gap,weak,none,none,none,D1,D1,"BD2,BD3",IMR90_25kb
6,61250000,assembly_gap,weak,none,none,none,D1,D1,"BD2,BD3",IMR90_25kb
6,61275000,assembly_gap,weak,none,none,none,D1,D1,"BD2,BD3",IMR90_25kb
6,61525000,assembly_gap,moderate,none,none,none,D3,D3,"BD2,BD3",IMR90_25kb
6,61550000,assembly_gap,moderate,none,none,none,D3,D3,"BD2,BD3",IMR90_25kb
6,61650000,assembly_gap,weak,none,none,none,D1,D1,"BD2,BD3",IMR90_25kb
6,61800000,assembly_gap,weak,none,none,none,D1,D1,"BD2,BD3",IMR90_25kb
6,61950000,assembly_gap,weak,none,none,none,D1,D1,"BD2,BD3",IMR90_25kb
6,62100000,assembly_gap,weak,none,none,none,D1,D1,"BD2,BD3",IMR90_25kb
6,62250000,assembly_gap,weak,none,none,none,D1,D1,"BD2,BD3",IMR90_25kb
6,62325000,assembly_gap,weak,none,none,none,D1,D1,"BD2,BD3",IMR90_25kb
6,62400000,assembly_gap,weak,none,none,none,D1,D1,"BD2,BD3",IMR90_25kb
6,95025000,assembly_gap,weak,none,none,none,D1,D1,"BD2,BD3",IMR90_25kb
6,167625000,assembly_gap,weak,none,none,none,D1,D1,"BD2,BD3",IMR90_25kb
7,58025000,encode_blacklist,weak,none,none,none,D1,D1,"BD2,BD3",IMR90_25kb
7,58100000,assembly_gap,weak,none,none,none,D1,D1,"BD2,BD3",IMR90_25kb
7,58125000,assembly_gap,weak,none,none,none,D1,D1,"BD2,BD3",IMR90_25kb
7,60925000,assembly_gap+encode_blacklist,weak,none,none,none,D1,D1,"BD2,BD3",IMR90_25kb
7,60950000,assembly_gap+encode_blacklist,weak,none,none,none,D1,D1,"BD2,BD3",IMR90_25kb
7,61075000,assembly_gap+encode_blacklist,weak,none,none,none,D1,D1,"BD2,BD3",IMR90_25kb
7,62375000,encode_blacklist,weak,none,none,none,D1,D1,"BD2,BD3",IMR90_25kb
7,62475000,assembly_gap+encode_blacklist,weak,none,none,none,D1,D1,"BD2,BD3",IMR90_25kb
8,43225000,assembly_gap,moderate,none,none,none,D3,D3,"BD2,BD3",IMR90_25kb
8,43250000,assembly_gap,moderate,none,none,none,D3,D3,"BD2,BD3",IMR90_25kb
8,43550000,assembly_gap,weak,none,none,none,D1,D1,"BD2,BD3",IMR90_25kb
8,43575000,assembly_gap,weak,none,none,none,D1,D1,"BD2,BD3",IMR90_25kb
8,43725000,assembly_gap,weak,none,none,none,D1,D1,"BD2,BD3",IMR90_25kb
8,46475000,assembly_gap,weak,none,none,none,D1,D1,"BD2,BD3",IMR90_25kb
8,46500000,assembly_gap,weak,none,none,none,D1,D1,"BD2,BD3",IMR90_25kb
8,46550000,assembly_gap,weak,none,none,none,D1,D1,"BD2,BD3",IMR90_25kb
8,46800000,assembly_gap,weak,none,none,none,D1,D1,"BD2,BD3",IMR90_25kb
8,46950000,assembly_gap,weak,none,none,none,D1,D1,"BD2,BD3",IMR90_25kb
8,46975000,assembly_gap,weak,weak,none,none,D2,D1,"BD2,BD3",IMR90_25kb
8,47175000,assembly_gap,strong,none,none,moderate,D4,D4,"BD2,BD3",IMR90_25kb
8,85675000,assembly_gap,moderate,none,none,none,D3,D3,"BD2,BD3",IMR90_25kb
8,145125000,assembly_gap,weak,none,none,none,D1,D1,"BD2,BD3",IMR90_25kb
9,42325000,assembly_gap,weak,none,none,none,D1,D1,"BD2,BD3",IMR90_25kb
9,42475000,assembly_gap,weak,none,none,none,D1,D1,"BD2,BD3",IMR90_25kb
9,138375000,assembly_gap,weak,none,none,none,D1,D1,"BD2,BD3",IMR90_25kb
10,38000000,assembly_gap,weak,none,none,none,D1,D1,"BD2,BD3",IMR90_25kb
10,38125000,assembly_gap,weak,none,none,moderate,D3,D3,"BD2,BD3",IMR90_25kb
10,38150000,assembly_gap,weak,none,none,none,D1,D1,"BD2,BD3",IMR90_25kb
10,38375000,assembly_gap,weak,none,none,none,D1,D1,"BD2,BD3",IMR90_25kb
10,38425000,assembly_gap,weak,none,none,none,D1,D1,"BD2,BD3",IMR90_25kb
10,38600000,assembly_gap,weak,none,none,none,D1,D1,"BD2,BD3",IMR90_25kb
10,38675000,assembly_gap,weak,none,none,none,D1,D1,"BD2,BD3",IMR90_25kb
10,38725000,assembly_gap,weak,none,none,none,D1,D1,"BD2,BD3",IMR90_25kb
10,39550000,assembly_gap+encode_blacklist,weak,none,none,none,D1,D1,"BD2,BD3",IMR90_25kb
10,42050000,assembly_gap,weak,none,none,none,D1,D1,"BD2,BD3",IMR90_25kb
10,42100000,encode_blacklist,weak,none,none,none,D1,D1,"BD2,BD3",IMR90_25kb
10,55600000,encode_blacklist,weak,none,none,none,D1,D1,"BD2,BD3",IMR90_25kb
10,133700000,assembly_gap,weak,none,none,none,D1,D1,"BD2,BD3",IMR90_25kb
11,50425000,encode_blacklist,weak,none,none,none,D1,D1,"BD2,BD3",IMR90_25kb
11,54550000,assembly_gap,weak,none,none,none,D1,D1,"BD2,BD3",IMR90_25kb
11,54750000,assembly_gap,weak,none,none,none,D1,D1,"BD2,BD3",IMR90_25kb
11,54850000,assembly_gap,weak,none,none,none,D1,D1,"BD2,BD3",IMR90_25kb
11,55150000,assembly_gap,weak,none,none,none,D1,D1,"BD2,BD3",IMR90_25kb
11,55250000,assembly_gap,weak,none,none,none,D1,D1,"BD2,BD3",IMR90_25kb
11,71025000,assembly_gap,weak,none,none,none,D1,D1,"BD2,BD3",IMR90_25kb
11,71050000,assembly_gap,weak,none,none,none,D1,D1,"BD2,BD3",IMR90_25kb
11,88000000,assembly_gap,strong,none,none,none,D3,D3,"BD2,BD3",IMR90_25kb
12,0,assembly_gap,weak,none,none,none,D1,D1,"BD2,BD3",IMR90_25kb
12,33225000,assembly_gap,weak,none,none,none,D1,D1,"BD2,BD3",IMR90_25kb
12,33400000,assembly_gap,weak,none,none,none,D1,D1,"BD2,BD3",IMR90_25kb
12,33600000,assembly_gap,weak,none,none,none,D1,D1,"BD2,BD3",IMR90_25kb
12,33775000,assembly_gap,weak,none,none,none,D1,D1,"BD2,BD3",IMR90_25kb
12,33800000,assembly_gap,weak,none,none,none,D1,D1,"BD2,BD3",IMR90_25kb
12,33975000,assembly_gap,moderate,none,none,moderate,D4,D4,"BD2,BD3",IMR90_25kb
12,34000000,assembly_gap,strong,none,none,moderate,D4,D4,"BD2,BD3",IMR90_25kb
12,34025000,assembly_gap,strong,moderate,none,moderate,D4,D4,"BD2,BD3",IMR90_25kb
12,34050000,assembly_gap,weak,none,none,moderate,D3,D3,"BD2,BD3",IMR90_25kb
12,34100000,assembly_gap,weak,weak,none,none,D2,D1,"BD2,BD3",IMR90_25kb
12,34325000,assembly_gap,moderate,none,none,none,D3,D3,"BD2,BD3",IMR90_25kb
12,34350000,assembly_gap,moderate,none,none,none,D3,D3,"BD2,BD3",IMR90_25kb
12,34675000,assembly_gap+encode_blacklist,weak,none,none,none,D1,D1,"BD2,BD3",IMR90_25kb
12,34700000,assembly_gap+encode_blacklist,weak,none,none,none,D1,D1,"BD2,BD3",IMR90_25kb
12,37275000,assembly_gap+encode_blacklist,weak,none,none,none,D1,D1,"BD2,BD3",IMR90_25kb
12,37450000,assembly_gap,weak,none,none,none,D1,D1,"BD2,BD3",IMR90_25kb
12,37500000,assembly_gap,weak,none,none,none,D1,D1,"BD2,BD3",IMR90_25kb
12,37600000,assembly_gap,weak,none,none,none,D1,D1,"BD2,BD3",IMR90_25kb
12,133275000,assembly_gap,strong,none,none,none,D3,D3,"BD2,BD3",IMR90_25kb
13,18625000,assembly_gap,weak,none,none,none,D1,D1,"BD2,BD3",IMR90_25kb
13,18675000,assembly_gap,weak,none,none,none,D1,D1,"BD2,BD3",IMR90_25kb
13,18725000,assembly_gap,weak,none,none,none,D1,D1,"BD2,BD3",IMR90_25kb
13,18800000,assembly_gap,weak,none,none,none,D1,D1,"BD2,BD3",IMR90_25kb
13,18825000,assembly_gap,weak,none,none,none,D1,D1,"BD2,BD3",IMR90_25kb
13,113675000,assembly_gap,weak,none,none,none,D1,D1,"BD2,BD3",IMR90_25kb
15,20175000,assembly_gap,weak,none,none,none,D1,D1,"BD2,BD3",IMR90_25kb
15,20225000,assembly_gap,weak,none,none,none,D1,D1,"BD2,BD3",IMR90_25kb
15,20300000,assembly_gap,weak,none,none,none,D1,D1,"BD2,BD3",IMR90_25kb
15,20325000,assembly_gap,weak,none,none,none,D1,D1,"BD2,BD3",IMR90_25kb
15,20425000,assembly_gap,weak,none,none,none,D1,D1,"BD2,BD3",IMR90_25kb
16,34550000,assembly_gap,weak,none,none,none,D1,D1,"BD2,BD3",IMR90_25kb
16,35350000,assembly_gap,weak,none,none,none,D1,D1,"BD2,BD3",IMR90_25kb
16,35500000,assembly_gap,weak,none,none,none,D1,D1,"BD2,BD3",IMR90_25kb
16,35650000,assembly_gap,weak,none,none,none,D1,D1,"BD2,BD3",IMR90_25kb
16,35900000,assembly_gap,weak,none,none,none,D1,D1,"BD2,BD3",IMR90_25kb
16,35925000,assembly_gap,weak,none,none,none,D1,D1,"BD2,BD3",IMR90_25kb
16,36250000,assembly_gap+encode_blacklist,weak,none,none,none,D1,D1,"BD2,BD3",IMR90_25kb
16,46375000,assembly_gap,weak,none,none,none,D1,D1,"BD2,BD3",IMR90_25kb
16,46400000,assembly_gap+encode_blacklist,weak,none,none,none,D1,D1,"BD2,BD3",IMR90_25kb
16,46450000,assembly_gap,weak,none,none,none,D1,D1,"BD2,BD3",IMR90_25kb
16,46475000,assembly_gap,moderate,none,none,none,D3,D3,"BD2,BD3",IMR90_25kb
16,46500000,assembly_gap,weak,none,none,none,D1,D1,"BD2,BD3",IMR90_25kb
16,46625000,assembly_gap,weak,weak,none,moderate,D3,D3,"BD2,BD3",IMR90_25kb
16,46650000,assembly_gap,weak,moderate,weak,strong,D3,D3,"BD2,BD3",IMR90_25kb
16,46825000,assembly_gap,weak,weak,moderate,strong,D3,D3,"BD2,BD3",IMR90_25kb
16,46950000,assembly_gap,strong,moderate,weak,strong,D5,D5,"BD2,BD3",IMR90_25kb
16,46975000,assembly_gap,strong,none,none,moderate,D4,D4,"BD2,BD3",IMR90_25kb
17,450000,assembly_gap,moderate,none,none,none,D3,D3,"BD2,BD3",IMR90_25kb
17,475000,assembly_gap,weak,none,none,none,D1,D1,"BD2,BD3",IMR90_25kb
17,22725000,assembly_gap,weak,none,none,none,D1,D1,"BD2,BD3",IMR90_25kb
17,26925000,assembly_gap,weak,none,none,none,D1,D1,"BD2,BD3",IMR90_25kb
17,27000000,assembly_gap,weak,none,none,moderate,D3,D3,"BD2,BD3",IMR90_25kb
17,27150000,assembly_gap,weak,none,none,none,D1,D1,"BD2,BD3",IMR90_25kb
17,27175000,assembly_gap,moderate,none,none,none,D3,D3,"BD2,BD3",IMR90_25kb
17,27200000,assembly_gap,moderate,none,none,strong,D4,D4,"BD2,BD3",IMR90_25kb
17,27350000,assembly_gap,weak,strong,strong,moderate,D3,D3,"BD2,BD3",IMR90_25kb
17,27375000,assembly_gap,weak,strong,moderate,moderate,D3,D3,"BD2,BD3",IMR90_25kb
17,81750000,assembly_gap,weak,none,none,none,D1,D1,"BD2,BD3",IMR90_25kb
17,83250000,assembly_gap,weak,none,none,none,D1,D1,"BD2,BD3",IMR90_25kb
18,15400000,assembly_gap,weak,none,none,none,D1,D1,"BD2,BD3",IMR90_25kb
18,20950000,assembly_gap,moderate,none,none,none,D3,D3,"BD2,BD3",IMR90_25kb
18,21200000,assembly_gap,strong,strong,moderate,moderate,D5,D4,"BD2,BD3",IMR90_25kb
18,21225000,assembly_gap,strong,none,none,moderate,D4,D4,"BD2,BD3",IMR90_25kb
18,21425000,assembly_gap,weak,weak,none,moderate,D3,D3,"BD2,BD3",IMR90_25kb
18,21475000,assembly_gap,moderate,none,none,moderate,D4,D4,"BD2,BD3",IMR90_25kb
18,46975000,assembly_gap,weak,none,none,none,D1,D1,"BD2,BD3",IMR90_25kb
18,47000000,assembly_gap,moderate,none,none,none,D3,D3,"BD2,BD3",IMR90_25kb
18,80275000,assembly_gap,strong,strong,moderate,none,D5,D3,"BD2,BD3",IMR90_25kb
18,80350000,assembly_gap,weak,none,none,none,D1,D1,"BD2,BD3",IMR90_25kb
19,19975000,assembly_gap,weak,none,none,none,D1,D1,"BD2,BD3",IMR90_25kb
19,20050000,assembly_gap,weak,none,none,none,D1,D1,"BD2,BD3",IMR90_25kb
19,20125000,assembly_gap,weak,none,none,none,D1,D1,"BD2,BD3",IMR90_25kb
19,20275000,assembly_gap,weak,none,none,none,D1,D1,"BD2,BD3",IMR90_25kb
19,20300000,assembly_gap,weak,none,none,none,D1,D1,"BD2,BD3",IMR90_25kb
19,20525000,assembly_gap,weak,none,none,none,D1,D1,"BD2,BD3",IMR90_25kb
19,20550000,assembly_gap,weak,none,none,none,D1,D1,"BD2,BD3",IMR90_25kb
19,20675000,assembly_gap,weak,none,none,none,D1,D1,"BD2,BD3",IMR90_25kb
19,20900000,assembly_gap,weak,none,none,none,D1,D1,"BD2,BD3",IMR90_25kb
19,20925000,assembly_gap,weak,none,none,none,D1,D1,"BD2,BD3",IMR90_25kb
19,21025000,assembly_gap,weak,none,none,none,D1,D1,"BD2,BD3",IMR90_25kb
19,21200000,assembly_gap,weak,none,none,none,D1,D1,"BD2,BD3",IMR90_25kb
19,21275000,assembly_gap,weak,none,none,none,D1,D1,"BD2,BD3",IMR90_25kb
19,21575000,assembly_gap,weak,none,none,none,D1,D1,"BD2,BD3",IMR90_25kb
19,21600000,assembly_gap,weak,none,none,none,D1,D1,"BD2,BD3",IMR90_25kb
19,21750000,assembly_gap,weak,none,none,none,D1,D1,"BD2,BD3",IMR90_25kb
19,21875000,assembly_gap,weak,none,none,none,D1,D1,"BD2,BD3",IMR90_25kb
19,21900000,assembly_gap,weak,none,none,none,D1,D1,"BD2,BD3",IMR90_25kb
19,21950000,assembly_gap,weak,none,none,none,D1,D1,"BD2,BD3",IMR90_25kb
19,21975000,assembly_gap,weak,none,none,none,D1,D1,"BD2,BD3",IMR90_25kb
19,22200000,assembly_gap,weak,none,none,none,D1,D1,"BD2,BD3",IMR90_25kb
19,22250000,assembly_gap,weak,none,none,none,D1,D1,"BD2,BD3",IMR90_25kb
19,22400000,assembly_gap,weak,none,none,none,D1,D1,"BD2,BD3",IMR90_25kb
19,22575000,assembly_gap,weak,none,none,none,D1,D1,"BD2,BD3",IMR90_25kb
19,22850000,assembly_gap,weak,none,none,none,D1,D1,"BD2,BD3",IMR90_25kb
19,23025000,assembly_gap,weak,none,none,none,D1,D1,"BD2,BD3",IMR90_25kb
19,23375000,assembly_gap,weak,none,none,none,D1,D1,"BD2,BD3",IMR90_25kb
19,23400000,assembly_gap,weak,none,none,none,D1,D1,"BD2,BD3",IMR90_25kb
19,23425000,assembly_gap,weak,none,none,none,D1,D1,"BD2,BD3",IMR90_25kb
19,23450000,assembly_gap,weak,none,none,none,D1,D1,"BD2,BD3",IMR90_25kb
19,23650000,assembly_gap,weak,none,none,none,D1,D1,"BD2,BD3",IMR90_25kb
19,23675000,assembly_gap,weak,none,none,none,D1,D1,"BD2,BD3",IMR90_25kb
19,23875000,assembly_gap,weak,none,none,none,D1,D1,"BD2,BD3",IMR90_25kb
19,24025000,assembly_gap,weak,none,none,none,D1,D1,"BD2,BD3",IMR90_25kb
19,24050000,assembly_gap,weak,none,none,none,D1,D1,"BD2,BD3",IMR90_25kb
19,24200000,assembly_gap+encode_blacklist,weak,none,none,none,D1,D1,"BD2,BD3",IMR90_25kb
19,27225000,assembly_gap+encode_blacklist,weak,none,none,none,D1,D1,"BD2,BD3",IMR90_25kb
19,27675000,assembly_gap,weak,none,none,none,D1,D1,"BD2,BD3",IMR90_25kb
19,27750000,assembly_gap,weak,none,none,none,D1,D1,"BD2,BD3",IMR90_25kb
19,27925000,assembly_gap,weak,none,none,none,D1,D1,"BD2,BD3",IMR90_25kb
19,28125000,assembly_gap,weak,none,none,none,D1,D1,"BD2,BD3",IMR90_25kb
19,28150000,assembly_gap,weak,none,none,none,D1,D1,"BD2,BD3",IMR90_25kb
19,28475000,assembly_gap,weak,weak,none,moderate,D3,D3,"BD2,BD3",IMR90_25kb
19,28700000,assembly_gap,moderate,weak,none,strong,D4,D4,"BD2,BD3",IMR90_25kb
19,28725000,assembly_gap,strong,moderate,none,strong,D5,D5,"BD2,BD3",IMR90_25kb
19,28750000,assembly_gap,strong,none,none,strong,D5,D5,"BD2,BD3",IMR90_25kb
19,28875000,assembly_gap,weak,weak,weak,none,D2,D1,"BD2,BD3",IMR90_25kb
19,28900000,assembly_gap,weak,weak,weak,none,D2,D1,"BD2,BD3",IMR90_25kb
19,28975000,assembly_gap,weak,weak,weak,none,D2,D1,"BD2,BD3",IMR90_25kb
19,29125000,assembly_gap,weak,none,none,none,D1,D1,"BD2,BD3",IMR90_25kb
19,29200000,assembly_gap,weak,none,none,none,D1,D1,"BD2,BD3",IMR90_25kb
19,29275000,assembly_gap,weak,moderate,none,moderate,D3,D3,"BD2,BD3",IMR90_25kb
19,29300000,assembly_gap,weak,none,none,moderate,D3,D3,"BD2,BD3",IMR90_25kb
19,29450000,assembly_gap,weak,none,none,none,D1,D1,"BD2,BD3",IMR90_25kb
19,29475000,assembly_gap,weak,none,none,none,D1,D1,"BD2,BD3",IMR90_25kb
19,29575000,assembly_gap,strong,none,none,strong,D5,D5,"BD2,BD3",IMR90_25kb
19,29600000,assembly_gap,strong,weak,weak,strong,D5,D5,"BD2,BD3",IMR90_25kb
19,29700000,assembly_gap,weak,strong,moderate,strong,D3,D3,"BD2,BD3",IMR90_25kb
19,29725000,assembly_gap,moderate,moderate,weak,strong,D4,D4,"BD2,BD3",IMR90_25kb
19,29750000,assembly_gap,moderate,moderate,weak,strong,D4,D4,"BD2,BD3",IMR90_25kb
19,29775000,assembly_gap,weak,moderate,none,moderate,D3,D3,"BD2,BD3",IMR90_25kb
19,29925000,assembly_gap,weak,none,none,none,D1,D1,"BD2,BD3",IMR90_25kb
19,29950000,assembly_gap,weak,none,none,none,D1,D1,"BD2,BD3",IMR90_25kb
19,30050000,assembly_gap,moderate,none,none,none,D3,D3,"BD2,BD3",IMR90_25kb
19,30075000,assembly_gap,moderate,none,none,none,D3,D3,"BD2,BD3",IMR90_25kb
19,30100000,assembly_gap,weak,none,none,none,D1,D1,"BD2,BD3",IMR90_25kb
19,30625000,assembly_gap,moderate,none,none,none,D3,D3,"BD2,BD3",IMR90_25kb
19,30650000,assembly_gap,strong,strong,weak,moderate,D5,D4,"BD2,BD3",IMR90_25kb
19,30675000,assembly_gap,strong,strong,moderate,moderate,D5,D4,"BD2,BD3",IMR90_25kb
19,30775000,assembly_gap,weak,weak,weak,moderate,D3,D3,"BD2,BD3",IMR90_25kb
19,30975000,assembly_gap,weak,none,none,none,D1,D1,"BD2,BD3",IMR90_25kb
19,31000000,assembly_gap,weak,none,none,none,D1,D1,"BD2,BD3",IMR90_25kb
19,31025000,assembly_gap,strong,none,none,none,D3,D3,"BD2,BD3",IMR90_25kb
19,31050000,assembly_gap,moderate,weak,moderate,none,D4,D3,"BD2,BD3",IMR90_25kb
19,31350000,assembly_gap,weak,weak,strong,moderate,D3,D3,"BD2,BD3",IMR90_25kb
19,31475000,assembly_gap,weak,none,none,none,D1,D1,"BD2,BD3",IMR90_25kb
19,31525000,assembly_gap,weak,none,none,moderate,D3,D3,"BD2,BD3",IMR90_25kb
19,31550000,assembly_gap,weak,none,none,moderate,D3,D3,"BD2,BD3",IMR90_25kb
19,31600000,assembly_gap,weak,none,none,moderate,D3,D3,"BD2,BD3",IMR90_25kb
19,31625000,assembly_gap,weak,none,none,none,D1,D1,"BD2,BD3",IMR90_25kb
19,31700000,assembly_gap,weak,none,none,none,D1,D1,"BD2,BD3",IMR90_25kb
19,31850000,assembly_gap,weak,none,none,none,D1,D1,"BD2,BD3",IMR90_25kb
20,25700000,assembly_gap,weak,none,none,none,D1,D1,"BD2,BD3",IMR90_25kb
20,25725000,assembly_gap,weak,none,none,none,D1,D1,"BD2,BD3",IMR90_25kb
20,25775000,assembly_gap,weak,none,none,none,D1,D1,"BD2,BD3",IMR90_25kb
20,25850000,assembly_gap,weak,none,none,none,D1,D1,"BD2,BD3",IMR90_25kb
20,26000000,assembly_gap,weak,none,none,none,D1,D1,"BD2,BD3",IMR90_25kb
20,26100000,assembly_gap,weak,none,none,none,D1,D1,"BD2,BD3",IMR90_25kb
20,26125000,assembly_gap,weak,none,none,none,D1,D1,"BD2,BD3",IMR90_25kb
20,26250000,assembly_gap,weak,none,none,none,D1,D1,"BD2,BD3",IMR90_25kb
20,26275000,assembly_gap,weak,none,none,none,D1,D1,"BD2,BD3",IMR90_25kb
20,28550000,assembly_gap+encode_blacklist,weak,none,none,none,D1,D1,"BD2,BD3",IMR90_25kb
20,28650000,assembly_gap+encode_blacklist,weak,none,none,none,D1,D1,"BD2,BD3",IMR90_25kb
20,28725000,assembly_gap+encode_blacklist,weak,none,none,none,D1,D1,"BD2,BD3",IMR90_25kb
20,29025000,assembly_gap,weak,none,none,none,D1,D1,"BD2,BD3",IMR90_25kb
20,29125000,assembly_gap,weak,none,none,none,D1,D1,"BD2,BD3",IMR90_25kb
20,29300000,assembly_gap,weak,none,none,none,D1,D1,"BD2,BD3",IMR90_25kb
20,29425000,assembly_gap,weak,none,none,none,D1,D1,"BD2,BD3",IMR90_25kb
20,29575000,assembly_gap,weak,none,none,none,D1,D1,"BD2,BD3",IMR90_25kb
20,29600000,assembly_gap,weak,none,none,none,D1,D1,"BD2,BD3",IMR90_25kb
20,29700000,assembly_gap,weak,none,none,none,D1,D1,"BD2,BD3",IMR90_25kb
20,29825000,assembly_gap,weak,none,none,none,D1,D1,"BD2,BD3",IMR90_25kb
20,29900000,assembly_gap,weak,none,none,none,D1,D1,"BD2,BD3",IMR90_25kb
20,30175000,assembly_gap,weak,none,none,none,D1,D1,"BD2,BD3",IMR90_25kb
20,30275000,assembly_gap,weak,none,none,none,D1,D1,"BD2,BD3",IMR90_25kb
20,30800000,assembly_gap,weak,none,none,none,D1,D1,"BD2,BD3",IMR90_25kb
21,8975000,assembly_gap,weak,none,none,none,D1,D1,"BD2,BD3",IMR90_25kb
21,9725000,assembly_gap,weak,none,none,none,D1,D1,"BD2,BD3",IMR90_25kb
21,9825000,assembly_gap,weak,none,none,none,D1,D1,"BD2,BD3",IMR90_25kb
21,9875000,assembly_gap,weak,none,none,none,D1,D1,"BD2,BD3",IMR90_25kb
21,10025000,assembly_gap,weak,none,none,none,D1,D1,"BD2,BD3",IMR90_25kb
21,10250000,assembly_gap,weak,none,none,none,D1,D1,"BD2,BD3",IMR90_25kb
21,10325000,assembly_gap,weak,none,none,none,D1,D1,"BD2,BD3",IMR90_25kb
21,10350000,assembly_gap,weak,none,none,none,D1,D1,"BD2,BD3",IMR90_25kb
21,10500000,assembly_gap,weak,none,none,none,D1,D1,"BD2,BD3",IMR90_25kb
21,10675000,assembly_gap+encode_blacklist,weak,none,none,none,D1,D1,"BD2,BD3",IMR90_25kb
21,10800000,assembly_gap+encode_blacklist,weak,none,none,none,D1,D1,"BD2,BD3",IMR90_25kb
21,43250000,assembly_gap,weak,none,none,none,D1,D1,"BD2,BD3",IMR90_25kb
21,46700000,assembly_gap,strong,none,none,none,D3,D3,"BD2,BD3",IMR90_25kb
22,10700000,assembly_gap,weak,none,none,none,D1,D1,"BD2,BD3",IMR90_25kb
22,10800000,assembly_gap,weak,none,none,none,D1,D1,"BD2,BD3",IMR90_25kb
22,10875000,assembly_gap,weak,none,none,none,D1,D1,"BD2,BD3",IMR90_25kb
22,10925000,assembly_gap,weak,none,none,none,D1,D1,"BD2,BD3",IMR90_25kb
22,11075000,assembly_gap,weak,none,none,none,D1,D1,"BD2,BD3",IMR90_25kb
22,11275000,assembly_gap,weak,none,none,none,D1,D1,"BD2,BD3",IMR90_25kb
22,11350000,assembly_gap,weak,none,none,none,D1,D1,"BD2,BD3",IMR90_25kb
22,11550000,assembly_gap,weak,none,none,none,D1,D1,"BD2,BD3",IMR90_25kb
22,11625000,assembly_gap,weak,none,none,none,D1,D1,"BD2,BD3",IMR90_25kb
22,12575000,assembly_gap,weak,none,none,none,D1,D1,"BD2,BD3",IMR90_25kb
22,12600000,assembly_gap,weak,none,none,none,D1,D1,"BD2,BD3",IMR90_25kb
22,12625000,assembly_gap,weak,none,none,none,D1,D1,"BD2,BD3",IMR90_25kb
22,16750000,assembly_gap,weak,none,none,none,D1,D1,"BD2,BD3",IMR90_25kb
22,16875000,assembly_gap,weak,none,none,moderate,D3,D3,"BD2,BD3",IMR90_25kb
22,16900000,assembly_gap,weak,none,none,moderate,D3,D3,"BD2,BD3",IMR90_25kb
22,16975000,assembly_gap,weak,none,none,none,D1,D1,"BD2,BD3",IMR90_25kb
22,17025000,assembly_gap,weak,none,none,strong,D3,D3,"BD2,BD3",IMR90_25kb
22,17075000,assembly_gap,weak,moderate,weak,strong,D3,D3,"BD2,BD3",IMR90_25kb
22,17200000,assembly_gap,weak,weak,none,moderate,D3,D3,"BD2,BD3",IMR90_25kb
22,17225000,assembly_gap,weak,none,none,none,D1,D1,"BD2,BD3",IMR90_25kb
X,1950000,assembly_gap,weak,none,none,none,D1,D1,"BD2,BD3",IMR90_25kb
X,2100000,assembly_gap,weak,none,none,none,D1,D1,"BD2,BD3",IMR90_25kb
X,2125000,assembly_gap,weak,none,none,none,D1,D1,"BD2,BD3",IMR90_25kb
X,37275000,assembly_gap,strong,none,none,none,D3,D3,"BD2,BD3",IMR90_25kb
X,50275000,assembly_gap,weak,none,none,none,D1,D1,"BD2,BD3",IMR90_25kb
X,58075000,encode_blacklist,weak,none,none,none,D1,D1,"BD2,BD3",IMR90_25kb
X,58125000,assembly_gap+encode_blacklist,weak,none,none,none,D1,D1,"BD2,BD3",IMR90_25kb
X,58325000,assembly_gap+encode_blacklist,weak,none,none,none,D1,D1,"BD2,BD3",IMR90_25kb
X,58525000,assembly_gap+encode_blacklist,weak,none,none,none,D1,D1,"BD2,BD3",IMR90_25kb
X,62700000,assembly_gap+encode_blacklist,weak,none,none,none,D1,D1,"BD2,BD3",IMR90_25kb
X,62725000,assembly_gap+encode_blacklist,weak,none,none,none,D1,D1,"BD2,BD3",IMR90_25kb
X,62800000,assembly_gap+encode_blacklist,weak,none,none,none,D1,D1,"BD2,BD3",IMR90_25kb
X,62975000,assembly_gap,weak,none,none,none,D1,D1,"BD2,BD3",IMR90_25kb
X,63125000,assembly_gap,moderate,none,none,none,D3,D3,"BD2,BD3",IMR90_25kb
X,63150000,assembly_gap,moderate,none,none,none,D3,D3,"BD2,BD3",IMR90_25kb
X,63250000,assembly_gap,strong,none,none,none,D3,D3,"BD2,BD3",IMR90_25kb
X,63550000,assembly_gap,weak,none,none,none,D1,D1,"BD2,BD3",IMR90_25kb
X,63700000,assembly_gap,weak,weak,none,none,D2,D1,"BD2,BD3",IMR90_25kb
X,63725000,assembly_gap,weak,none,none,none,D1,D1,"BD2,BD3",IMR90_25kb
X,63775000,assembly_gap,weak,none,none,none,D1,D1,"BD2,BD3",IMR90_25kb
X,114325000,assembly_gap,weak,none,none,none,D1,D1,"BD2,BD3",IMR90_25kb
X,144475000,assembly_gap,weak,none,none,none,D1,D1,"BD2,BD3",IMR90_25kb
1,8910000,encode_blacklist,weak,weak,weak,strong,D3,D3,"BD2,BD3",IMR90_10kb
1,16800000,assembly_gap,weak,none,none,none,D1,D1,"BD2,BD3",IMR90_10kb
1,125150000,assembly_gap,weak,none,none,none,D1,D1,"BD2,BD3",IMR90_10kb
1,125190000,assembly_gap,weak,none,none,none,D1,D1,"BD2,BD3",IMR90_10kb
1,143180000,assembly_gap,weak,none,none,none,D1,D1,"BD2,BD3",IMR90_10kb
1,143230000,encode_blacklist,weak,none,none,none,D1,D1,"BD2,BD3",IMR90_10kb
1,223560000,assembly_gap,weak,none,none,none,D1,D1,"BD2,BD3",IMR90_10kb
1,228560000,assembly_gap,weak,none,none,none,D1,D1,"BD2,BD3",IMR90_10kb
2,89690000,assembly_gap,weak,none,none,none,D1,D1,"BD2,BD3",IMR90_10kb
2,89750000,assembly_gap,weak,none,none,none,D1,D1,"BD2,BD3",IMR90_10kb
2,91400000,assembly_gap,weak,none,none,none,D1,D1,"BD2,BD3",IMR90_10kb
2,91840000,assembly_gap,weak,none,none,none,D1,D1,"BD2,BD3",IMR90_10kb
2,91850000,assembly_gap,weak,none,none,none,D1,D1,"BD2,BD3",IMR90_10kb
2,91870000,assembly_gap,weak,none,none,none,D1,D1,"BD2,BD3",IMR90_10kb
2,91920000,assembly_gap,weak,none,none,none,D1,D1,"BD2,BD3",IMR90_10kb
2,91980000,assembly_gap,weak,none,none,none,D1,D1,"BD2,BD3",IMR90_10kb
2,92010000,assembly_gap,weak,none,none,none,D1,D1,"BD2,BD3",IMR90_10kb
2,94180000,assembly_gap+encode_blacklist,weak,none,none,none,D1,D1,"BD2,BD3",IMR90_10kb
2,94190000,assembly_gap+encode_blacklist,weak,none,none,none,D1,D1,"BD2,BD3",IMR90_10kb
2,94220000,assembly_gap+encode_blacklist,weak,none,none,none,D1,D1,"BD2,BD3",IMR90_10kb
2,94230000,assembly_gap+encode_blacklist,weak,none,none,none,D1,D1,"BD2,BD3",IMR90_10kb
2,94290000,assembly_gap+encode_blacklist,weak,none,none,none,D1,D1,"BD2,BD3",IMR90_10kb
2,94570000,assembly_gap+encode_blacklist,weak,none,none,none,D1,D1,"BD2,BD3",IMR90_10kb
2,94620000,assembly_gap,weak,none,none,none,D1,D1,"BD2,BD3",IMR90_10kb
2,94690000,assembly_gap,weak,none,none,none,D1,D1,"BD2,BD3",IMR90_10kb
2,94720000,assembly_gap,weak,none,none,none,D1,D1,"BD2,BD3",IMR90_10kb
2,94800000,assembly_gap,weak,none,none,none,D1,D1,"BD2,BD3",IMR90_10kb
2,94810000,assembly_gap,moderate,none,none,none,D3,D3,"BD2,BD3",IMR90_10kb
2,94820000,assembly_gap,weak,none,none,none,D1,D1,"BD2,BD3",IMR90_10kb
2,94850000,assembly_gap,weak,none,none,none,D1,D1,"BD2,BD3",IMR90_10kb
2,94910000,assembly_gap,weak,none,none,none,D1,D1,"BD2,BD3",IMR90_10kb
2,94960000,assembly_gap,weak,moderate,none,none,D3,D1,"BD2,BD3",IMR90_10kb
2,94970000,assembly_gap,strong,moderate,none,moderate,D4,D4,"BD2,BD3",IMR90_10kb
2,94980000,assembly_gap,moderate,moderate,none,moderate,D4,D4,"BD2,BD3",IMR90_10kb
2,95040000,assembly_gap,weak,weak,none,strong,D3,D3,"BD2,BD3",IMR90_10kb
2,95110000,assembly_gap,moderate,weak,none,moderate,D4,D4,"BD2,BD3",IMR90_10kb
2,95120000,assembly_gap,strong,weak,none,moderate,D4,D4,"BD2,BD3",IMR90_10kb
2,95130000,assembly_gap,weak,weak,none,none,D2,D1,"BD2,BD3",IMR90_10kb
2,95160000,assembly_gap,weak,none,none,none,D1,D1,"BD2,BD3",IMR90_10kb
2,95170000,assembly_gap,weak,weak,none,none,D2,D1,"BD2,BD3",IMR90_10kb
2,95210000,assembly_gap,weak,moderate,weak,none,D3,D1,"BD2,BD3",IMR90_10kb
2,95250000,assembly_gap,weak,none,none,none,D1,D1,"BD2,BD3",IMR90_10kb
2,95330000,assembly_gap,weak,moderate,moderate,none,D3,D1,"BD2,BD3",IMR90_10kb
2,95340000,assembly_gap,moderate,moderate,moderate,none,D4,D3,"BD2,BD3",IMR90_10kb
2,95350000,assembly_gap,weak,moderate,weak,none,D3,D1,"BD2,BD3",IMR90_10kb
2,95410000,assembly_gap,weak,strong,moderate,none,D3,D1,"BD2,BD3",IMR90_10kb
2,95420000,assembly_gap,weak,weak,none,none,D2,D1,"BD2,BD3",IMR90_10kb
2,95430000,assembly_gap,weak,none,none,none,D1,D1,"BD2,BD3",IMR90_10kb
2,95480000,assembly_gap,weak,none,none,none,D1,D1,"BD2,BD3",IMR90_10kb
2,95580000,assembly_gap,weak,none,none,none,D1,D1,"BD2,BD3",IMR90_10kb
2,95590000,assembly_gap,weak,none,none,none,D1,D1,"BD2,BD3",IMR90_10kb
2,95640000,assembly_gap,weak,none,none,none,D1,D1,"BD2,BD3",IMR90_10kb
2,95760000,assembly_gap,weak,none,none,none,D1,D1,"BD2,BD3",IMR90_10kb
2,95770000,assembly_gap,weak,none,none,none,D1,D1,"BD2,BD3",IMR90_10kb
2,95800000,assembly_gap,weak,none,none,none,D1,D1,"BD2,BD3",IMR90_10kb
2,95900000,assembly_gap,weak,none,none,none,D1,D1,"BD2,BD3",IMR90_10kb
2,95910000,assembly_gap,weak,none,none,none,D1,D1,"BD2,BD3",IMR90_10kb
2,95990000,assembly_gap,moderate,weak,none,none,D3,D3,"BD2,BD3",IMR90_10kb
2,131380000,encode_blacklist,weak,none,none,none,D1,D1,"BD2,BD3",IMR90_10kb
2,242190000,assembly_gap,weak,none,none,none,D1,D1,"BD2,BD3",IMR90_10kb
3,87840000,assembly_gap,weak,none,none,none,D1,D1,"BD2,BD3",IMR90_10kb
3,87850000,assembly_gap,weak,none,none,none,D1,D1,"BD2,BD3",IMR90_10kb
3,87870000,assembly_gap,weak,none,none,none,D1,D1,"BD2,BD3",IMR90_10kb
3,87950000,assembly_gap,weak,none,none,none,D1,D1,"BD2,BD3",IMR90_10kb
3,87980000,assembly_gap,weak,weak,none,none,D2,D1,"BD2,BD3",IMR90_10kb
3,88000000,assembly_gap,moderate,weak,none,none,D3,D3,"BD2,BD3",IMR90_10kb
3,88040000,assembly_gap,weak,none,none,none,D1,D1,"BD2,BD3",IMR90_10kb
3,88060000,assembly_gap,weak,none,none,none,D1,D1,"BD2,BD3",IMR90_10kb
3,88180000,assembly_gap,weak,weak,weak,none,D2,D1,"BD2,BD3",IMR90_10kb
3,88200000,assembly_gap,strong,moderate,weak,none,D4,D3,"BD2,BD3",IMR90_10kb
3,88210000,assembly_gap,strong,weak,weak,none,D4,D3,"BD2,BD3",IMR90_10kb
3,88240000,assembly_gap,weak,none,none,none,D1,D1,"BD2,BD3",IMR90_10kb
3,88310000,assembly_gap,weak,none,none,none,D1,D1,"BD2,BD3",IMR90_10kb
3,88390000,assembly_gap,weak,none,none,none,D1,D1,"BD2,BD3",IMR90_10kb
3,88430000,assembly_gap,weak,none,none,none,D1,D1,"BD2,BD3",IMR90_10kb
3,88520000,assembly_gap,weak,none,none,none,D1,D1,"BD2,BD3",IMR90_10kb
3,88580000,assembly_gap,weak,none,none,none,D1,D1,"BD2,BD3",IMR90_10kb
3,88590000,assembly_gap,weak,none,none,none,D1,D1,"BD2,BD3",IMR90_10kb
3,88610000,assembly_gap,weak,none,none,none,D1,D1,"BD2,BD3",IMR90_10kb
3,88780000,assembly_gap,weak,none,none,none,D1,D1,"BD2,BD3",IMR90_10kb
3,88800000,assembly_gap,weak,none,none,none,D1,D1,"BD2,BD3",IMR90_10kb
3,88910000,assembly_gap,weak,none,none,none,D1,D1,"BD2,BD3",IMR90_10kb
3,88970000,assembly_gap,weak,none,none,none,D1,D1,"BD2,BD3",IMR90_10kb
3,89040000,assembly_gap,weak,none,none,none,D1,D1,"BD2,BD3",IMR90_10kb
3,89100000,assembly_gap,moderate,moderate,weak,none,D4,D3,"BD2,BD3",IMR90_10kb
3,89110000,assembly_gap,moderate,moderate,weak,none,D4,D3,"BD2,BD3",IMR90_10kb
3,89130000,assembly_gap,weak,none,none,none,D1,D1,"BD2,BD3",IMR90_10kb
3,89140000,assembly_gap,weak,none,none,none,D1,D1,"BD2,BD3",IMR90_10kb
3,89170000,assembly_gap,weak,none,none,none,D1,D1,"BD2,BD3",IMR90_10kb
3,89240000,assembly_gap,weak,none,none,none,D1,D1,"BD2,BD3",IMR90_10kb
3,89300000,assembly_gap,weak,none,none,none,D1,D1,"BD2,BD3",IMR90_10kb
3,89310000,assembly_gap,weak,none,none,none,D1,D1,"BD2,BD3",IMR90_10kb
3,89380000,assembly_gap,weak,none,none,none,D1,D1,"BD2,BD3",IMR90_10kb
3,89460000,assembly_gap,weak,none,none,none,D1,D1,"BD2,BD3",IMR90_10kb
3,89470000,assembly_gap,weak,none,none,none,D1,D1,"BD2,BD3",IMR90_10kb
3,89530000,assembly_gap,weak,none,none,none,D1,D1,"BD2,BD3",IMR90_10kb
3,89540000,assembly_gap,weak,none,none,none,D1,D1,"BD2,BD3",IMR90_10kb
3,89620000,assembly_gap,weak,none,none,none,D1,D1,"BD2,BD3",IMR90_10kb
3,89780000,assembly_gap,weak,none,none,none,D1,D1,"BD2,BD3",IMR90_10kb
3,89830000,assembly_gap,weak,none,none,none,D1,D1,"BD2,BD3",IMR90_10kb
3,89850000,assembly_gap,weak,none,none,none,D1,D1,"BD2,BD3",IMR90_10kb
3,89870000,assembly_gap,weak,none,none,none,D1,D1,"BD2,BD3",IMR90_10kb
3,89880000,assembly_gap,weak,none,none,none,D1,D1,"BD2,BD3",IMR90_10kb
3,89910000,assembly_gap,weak,none,none,none,D1,D1,"BD2,BD3",IMR90_10kb
3,89980000,assembly_gap,weak,none,none,none,D1,D1,"BD2,BD3",IMR90_10kb
3,90050000,assembly_gap,weak,none,none,none,D1,D1,"BD2,BD3",IMR90_10kb
3,90100000,assembly_gap,weak,none,none,none,D1,D1,"BD2,BD3",IMR90_10kb
3,90120000,assembly_gap,weak,none,none,none,D1,D1,"BD2,BD3",IMR90_10kb
3,90170000,assembly_gap,weak,none,none,none,D1,D1,"BD2,BD3",IMR90_10kb
3,90200000,assembly_gap,weak,none,none,none,D1,D1,"BD2,BD3",IMR90_10kb
3,90260000,assembly_gap,weak,none,none,none,D1,D1,"BD2,BD3",IMR90_10kb
3,91290000,assembly_gap,weak,none,none,none,D1,D1,"BD2,BD3",IMR90_10kb
3,91300000,assembly_gap,weak,none,none,none,D1,D1,"BD2,BD3",IMR90_10kb
3,91380000,assembly_gap,weak,none,none,none,D1,D1,"BD2,BD3",IMR90_10kb
3,91400000,assembly_gap,weak,none,none,none,D1,D1,"BD2,BD3",IMR90_10kb
3,91470000,assembly_gap,weak,none,none,none,D1,D1,"BD2,BD3",IMR90_10kb
3,93800000,assembly_gap+encode_blacklist,weak,none,none,none,D1,D1,"BD2,BD3",IMR90_10kb
3,93810000,assembly_gap,weak,none,none,none,D1,D1,"BD2,BD3",IMR90_10kb
3,93900000,assembly_gap,weak,none,none,none,D1,D1,"BD2,BD3",IMR90_10kb
3,93910000,assembly_gap,weak,none,none,none,D1,D1,"BD2,BD3",IMR90_10kb
3,93970000,assembly_gap,moderate,none,none,moderate,D4,D4,"BD2,BD3",IMR90_10kb
3,93980000,assembly_gap,moderate,none,none,moderate,D4,D4,"BD2,BD3",IMR90_10kb
3,94070000,assembly_gap,weak,none,none,moderate,D3,D3,"BD2,BD3",IMR90_10kb
3,94080000,assembly_gap,weak,weak,none,moderate,D3,D3,"BD2,BD3",IMR90_10kb
3,94120000,assembly_gap,weak,none,none,none,D1,D1,"BD2,BD3",IMR90_10kb
3,94140000,assembly_gap,weak,none,none,none,D1,D1,"BD2,BD3",IMR90_10kb
3,94150000,assembly_gap,weak,none,none,none,D1,D1,"BD2,BD3",IMR90_10kb
3,94180000,assembly_gap,weak,none,none,none,D1,D1,"BD2,BD3",IMR90_10kb
3,94210000,assembly_gap,weak,none,none,none,D1,D1,"BD2,BD3",IMR90_10kb
3,94240000,assembly_gap,weak,weak,none,none,D2,D1,"BD2,BD3",IMR90_10kb
3,94270000,assembly_gap,weak,none,none,none,D1,D1,"BD2,BD3",IMR90_10kb
3,94310000,assembly_gap,weak,none,none,none,D1,D1,"BD2,BD3",IMR90_10kb
3,94330000,assembly_gap,weak,weak,none,none,D2,D1,"BD2,BD3",IMR90_10kb
3,94340000,assembly_gap,weak,none,none,none,D1,D1,"BD2,BD3",IMR90_10kb
3,94350000,assembly_gap,weak,none,none,none,D1,D1,"BD2,BD3",IMR90_10kb
3,94460000,assembly_gap,weak,none,none,none,D1,D1,"BD2,BD3",IMR90_10kb
3,94610000,assembly_gap,weak,none,none,none,D1,D1,"BD2,BD3",IMR90_10kb
3,94660000,assembly_gap,weak,none,none,none,D1,D1,"BD2,BD3",IMR90_10kb
3,94670000,assembly_gap,weak,none,none,none,D1,D1,"BD2,BD3",IMR90_10kb
3,94730000,assembly_gap,weak,none,none,none,D1,D1,"BD2,BD3",IMR90_10kb
3,94750000,assembly_gap,weak,none,none,none,D1,D1,"BD2,BD3",IMR90_10kb
3,94810000,assembly_gap,weak,none,none,none,D1,D1,"BD2,BD3",IMR90_10kb
3,94900000,assembly_gap,weak,none,none,none,D1,D1,"BD2,BD3",IMR90_10kb
3,95030000,assembly_gap,weak,none,none,none,D1,D1,"BD2,BD3",IMR90_10kb
3,95090000,assembly_gap,weak,none,none,none,D1,D1,"BD2,BD3",IMR90_10kb
3,95200000,assembly_gap,weak,none,none,none,D1,D1,"BD2,BD3",IMR90_10kb
3,95260000,assembly_gap,weak,none,none,none,D1,D1,"BD2,BD3",IMR90_10kb
3,95330000,assembly_gap,weak,none,none,none,D1,D1,"BD2,BD3",IMR90_10kb
3,95390000,assembly_gap,weak,none,none,none,D1,D1,"BD2,BD3",IMR90_10kb
3,95460000,assembly_gap,weak,none,none,none,D1,D1,"BD2,BD3",IMR90_10kb
3,95520000,assembly_gap,weak,none,none,none,D1,D1,"BD2,BD3",IMR90_10kb
3,95530000,assembly_gap,weak,none,none,none,D1,D1,"BD2,BD3",IMR90_10kb
3,95540000,assembly_gap,weak,none,none,none,D1,D1,"BD2,BD3",IMR90_10kb
3,95560000,assembly_gap,weak,none,none,none,D1,D1,"BD2,BD3",IMR90_10kb
3,95620000,assembly_gap,weak,none,none,none,D1,D1,"BD2,BD3",IMR90_10kb
3,95690000,assembly_gap,weak,none,none,none,D1,D1,"BD2,BD3",IMR90_10kb
3,95750000,assembly_gap,weak,none,none,none,D1,D1,"BD2,BD3",IMR90_10kb
3,95830000,assembly_gap,weak,none,none,none,D1,D1,"BD2,BD3",IMR90_10kb
3,95840000,assembly_gap,weak,none,none,none,D1,D1,"BD2,BD3",IMR90_10kb
3,96010000,assembly_gap,weak,none,none,none,D1,D1,"BD2,BD3",IMR90_10kb
3,96070000,assembly_gap,weak,none,none,none,D1,D1,"BD2,BD3",IMR90_10kb
3,96130000,assembly_gap,weak,none,none,none,D1,D1,"BD2,BD3",IMR90_10kb
3,96210000,assembly_gap,weak,none,none,none,D1,D1,"BD2,BD3",IMR90_10kb
3,96230000,assembly_gap,weak,none,none,none,D1,D1,"BD2,BD3",IMR90_10kb
3,96330000,assembly_gap,weak,none,none,none,D1,D1,"BD2,BD3",IMR90_10kb
3,96400000,assembly_gap,weak,none,none,none,D1,D1,"BD2,BD3",IMR90_10kb
3,96410000,assembly_gap,weak,none,none,none,D1,D1,"BD2,BD3",IMR90_10kb
3,96510000,assembly_gap,weak,none,none,none,D1,D1,"BD2,BD3",IMR90_10kb
3,96620000,assembly_gap,weak,none,none,none,D1,D1,"BD2,BD3",IMR90_10kb
3,96640000,assembly_gap,weak,none,none,none,D1,D1,"BD2,BD3",IMR90_10kb
3,96710000,assembly_gap,weak,none,none,none,D1,D1,"BD2,BD3",IMR90_10kb
3,96770000,assembly_gap,weak,none,none,none,D1,D1,"BD2,BD3",IMR90_10kb
3,96780000,assembly_gap,weak,none,none,none,D1,D1,"BD2,BD3",IMR90_10kb
3,96790000,assembly_gap,weak,none,none,none,D1,D1,"BD2,BD3",IMR90_10kb
3,96850000,assembly_gap,weak,none,none,none,D1,D1,"BD2,BD3",IMR90_10kb
3,96880000,assembly_gap,weak,none,none,none,D1,D1,"BD2,BD3",IMR90_10kb
3,96910000,assembly_gap,weak,none,none,none,D1,D1,"BD2,BD3",IMR90_10kb
3,97000000,assembly_gap,weak,none,none,none,D1,D1,"BD2,BD3",IMR90_10kb
3,97040000,assembly_gap,weak,none,none,none,D1,D1,"BD2,BD3",IMR90_10kb
3,97070000,assembly_gap,weak,none,none,none,D1,D1,"BD2,BD3",IMR90_10kb
3,97110000,assembly_gap,weak,none,none,none,D1,D1,"BD2,BD3",IMR90_10kb
3,97160000,assembly_gap,weak,none,none,none,D1,D1,"BD2,BD3",IMR90_10kb
3,97200000,assembly_gap,weak,none,none,none,D1,D1,"BD2,BD3",IMR90_10kb
3,97260000,assembly_gap,weak,none,none,none,D1,D1,"BD2,BD3",IMR90_10kb
3,97310000,assembly_gap,weak,none,none,none,D1,D1,"BD2,BD3",IMR90_10kb
3,97320000,assembly_gap,weak,none,none,none,D1,D1,"BD2,BD3",IMR90_10kb
3,97400000,assembly_gap,weak,none,none,none,D1,D1,"BD2,BD3",IMR90_10kb
3,97470000,assembly_gap,weak,none,none,none,D1,D1,"BD2,BD3",IMR90_10kb
3,97490000,assembly_gap,weak,none,none,none,D1,D1,"BD2,BD3",IMR90_10kb
3,97530000,assembly_gap,weak,none,none,none,D1,D1,"BD2,BD3",IMR90_10kb
3,97570000,assembly_gap,weak,none,none,none,D1,D1,"BD2,BD3",IMR90_10kb
3,97600000,assembly_gap,weak,none,none,none,D1,D1,"BD2,BD3",IMR90_10kb
3,97640000,assembly_gap,weak,none,none,none,D1,D1,"BD2,BD3",IMR90_10kb
3,97660000,assembly_gap,weak,none,none,none,D1,D1,"BD2,BD3",IMR90_10kb
3,97720000,assembly_gap,weak,weak,none,none,D2,D1,"BD2,BD3",IMR90_10kb
3,97740000,assembly_gap,weak,weak,none,none,D2,D1,"BD2,BD3",IMR90_10kb
3,97750000,assembly_gap,moderate,none,none,moderate,D4,D4,"BD2,BD3",IMR90_10kb
3,97760000,assembly_gap,moderate,none,none,moderate,D4,D4,"BD2,BD3",IMR90_10kb
3,98020000,assembly_gap,weak,strong,moderate,strong,D3,D3,"BD2,BD3",IMR90_10kb
3,98040000,assembly_gap,strong,strong,moderate,strong,D5,D5,"BD2,BD3",IMR90_10kb
3,98050000,assembly_gap,strong,strong,weak,strong,D5,D5,"BD2,BD3",IMR90_10kb
3,98310000,assembly_gap,weak,weak,none,moderate,D3,D3,"BD2,BD3",IMR90_10kb
3,98320000,assembly_gap,weak,moderate,none,moderate,D3,D3,"BD2,BD3",IMR90_10kb
3,98340000,assembly_gap,weak,moderate,none,moderate,D3,D3,"BD2,BD3",IMR90_10kb
3,98370000,assembly_gap,weak,none,none,moderate,D3,D3,"BD2,BD3",IMR90_10kb
3,98430000,assembly_gap,weak,none,none,none,D1,D1,"BD2,BD3",IMR90_10kb
3,98490000,assembly_gap,weak,none,none,none,D1,D1,"BD2,BD3",IMR90_10kb
3,98500000,assembly_gap,weak,none,none,none,D1,D1,"BD2,BD3",IMR90_10kb
3,98520000,assembly_gap,weak,none,none,none,D1,D1,"BD2,BD3",IMR90_10kb
3,98560000,assembly_gap,weak,none,none,strong,D3,D3,"BD2,BD3",IMR90_10kb
3,98590000,assembly_gap,strong,strong,weak,strong,D5,D5,"BD2,BD3",IMR90_10kb
4,1430000,assembly_gap,weak,none,none,none,D1,D1,"BD2,BD3",IMR90_10kb
4,1440000,assembly_gap,weak,none,none,none,D1,D1,"BD2,BD3",IMR90_10kb
4,8800000,assembly_gap,weak,none,none,none,D1,D1,"BD2,BD3",IMR90_10kb
4,8810000,assembly_gap,weak,none,none,none,D1,D1,"BD2,BD3",IMR90_10kb
4,31830000,assembly_gap,weak,none,none,none,D1,D1,"BD2,BD3",IMR90_10kb
4,48220000,assembly_gap,weak,none,none,none,D1,D1,"BD2,BD3",IMR90_10kb
4,48270000,assembly_gap,weak,weak,none,none,D2,D1,"BD2,BD3",IMR90_10kb
4,48290000,assembly_gap,weak,weak,none,moderate,D3,D3,"BD2,BD3",IMR90_10kb
4,48310000,assembly_gap,weak,weak,none,moderate,D3,D3,"BD2,BD3",IMR90_10kb
4,48330000,assembly_gap,weak,weak,weak,moderate,D3,D3,"BD2,BD3",IMR90_10kb
4,48370000,assembly_gap,weak,none,none,moderate,D3,D3,"BD2,BD3",IMR90_10kb
4,48430000,assembly_gap,weak,weak,none,none,D2,D1,"BD2,BD3",IMR90_10kb
4,48440000,assembly_gap,weak,weak,none,none,D2,D1,"BD2,BD3",IMR90_10kb
4,48450000,assembly_gap,weak,none,none,none,D1,D1,"BD2,BD3",IMR90_10kb
4,48490000,assembly_gap,weak,none,none,none,D1,D1,"BD2,BD3",IMR90_10kb
4,48510000,assembly_gap,weak,none,none,strong,D3,D3,"BD2,BD3",IMR90_10kb
4,48540000,assembly_gap,weak,weak,weak,strong,D3,D3,"BD2,BD3",IMR90_10kb
4,48550000,assembly_gap,weak,weak,weak,strong,D3,D3,"BD2,BD3",IMR90_10kb
4,48560000,assembly_gap,moderate,moderate,weak,strong,D4,D4,"BD2,BD3",IMR90_10kb
4,48570000,assembly_gap,strong,moderate,weak,strong,D5,D5,"BD2,BD3",IMR90_10kb
4,48580000,assembly_gap,weak,weak,weak,strong,D3,D3,"BD2,BD3",IMR90_10kb
4,48700000,assembly_gap,weak,none,none,none,D1,D1,"BD2,BD3",IMR90_10kb
4,48780000,assembly_gap,weak,none,weak,none,D2,D1,"BD2,BD3",IMR90_10kb
4,48790000,assembly_gap,weak,none,weak,none,D2,D1,"BD2,BD3",IMR90_10kb
4,48830000,assembly_gap,weak,none,none,none,D1,D1,"BD2,BD3",IMR90_10kb
4,48840000,assembly_gap,weak,none,none,none,D1,D1,"BD2,BD3",IMR90_10kb
4,48970000,assembly_gap,moderate,weak,none,moderate,D4,D4,"BD2,BD3",IMR90_10kb
4,48990000,assembly_gap,weak,none,none,moderate,D3,D3,"BD2,BD3",IMR90_10kb
4,49080000,assembly_gap,weak,none,none,none,D1,D1,"BD2,BD3",IMR90_10kb
4,49090000,assembly_gap,moderate,none,none,none,D3,D3,"BD2,BD3",IMR90_10kb
4,49100000,assembly_gap,weak,none,none,none,D1,D1,"BD2,BD3",IMR90_10kb
4,49130000,assembly_gap,weak,none,none,none,D1,D1,"BD2,BD3",IMR90_10kb
4,49160000,assembly_gap,weak,none,none,none,D1,D1,"BD2,BD3",IMR90_10kb
4,49200000,assembly_gap,weak,none,none,none,D1,D1,"BD2,BD3",IMR90_10kb
4,49250000,assembly_gap,weak,none,none,none,D1,D1,"BD2,BD3",IMR90_10kb
4,51810000,encode_blacklist,weak,none,none,none,D1,D1,"BD2,BD3",IMR90_10kb
4,58880000,assembly_gap,weak,none,none,none,D1,D1,"BD2,BD3",IMR90_10kb
4,58920000,assembly_gap,weak,none,none,none,D1,D1,"BD2,BD3",IMR90_10kb
4,116300000,encode_blacklist,weak,none,none,none,D1,D1,"BD2,BD3",IMR90_10kb
5,45930000,encode_blacklist,weak,none,none,none,D1,D1,"BD2,BD3",IMR90_10kb
5,50140000,assembly_gap+encode_blacklist,weak,none,none,none,D1,D1,"BD2,BD3",IMR90_10kb
5,50180000,assembly_gap+encode_blacklist,weak,none,none,none,D1,D1,"BD2,BD3",IMR90_10kb
5,50260000,assembly_gap+encode_blacklist,weak,none,none,none,D1,D1,"BD2,BD3",IMR90_10kb
5,50270000,assembly_gap,weak,none,none,none,D1,D1,"BD2,BD3",IMR90_10kb
5,50300000,assembly_gap,weak,none,none,none,D1,D1,"BD2,BD3",IMR90_10kb
5,50360000,assembly_gap,weak,none,none,none,D1,D1,"BD2,BD3",IMR90_10kb
5,50380000,assembly_gap,weak,none,none,none,D1,D1,"BD2,BD3",IMR90_10kb
5,50410000,assembly_gap,weak,none,none,none,D1,D1,"BD2,BD3",IMR90_10kb
5,50440000,assembly_gap,weak,none,none,none,D1,D1,"BD2,BD3",IMR90_10kb
5,50470000,assembly_gap,weak,none,none,none,D1,D1,"BD2,BD3",IMR90_10kb
5,50500000,assembly_gap,moderate,none,none,none,D3,D3,"BD2,BD3",IMR90_10kb
5,50510000,assembly_gap,moderate,none,none,none,D3,D3,"BD2,BD3",IMR90_10kb
5,50530000,assembly_gap,weak,none,none,none,D1,D1,"BD2,BD3",IMR90_10kb
5,50640000,assembly_gap,weak,none,none,none,D1,D1,"BD2,BD3",IMR90_10kb
5,50650000,assembly_gap,weak,none,none,none,D1,D1,"BD2,BD3",IMR90_10kb
5,50660000,assembly_gap,weak,none,none,none,D1,D1,"BD2,BD3",IMR90_10kb
5,50670000,assembly_gap,weak,none,none,none,D1,D1,"BD2,BD3",IMR90_10kb
5,50750000,assembly_gap,weak,weak,none,none,D2,D1,"BD2,BD3",IMR90_10kb
5,50760000,assembly_gap,weak,weak,none,none,D2,D1,"BD2,BD3",IMR90_10kb
5,50820000,assembly_gap,weak,none,none,none,D1,D1,"BD2,BD3",IMR90_10kb
5,50830000,assembly_gap,weak,none,none,none,D1,D1,"BD2,BD3",IMR90_10kb
5,50850000,assembly_gap,weak,none,none,none,D1,D1,"BD2,BD3",IMR90_10kb
5,50890000,assembly_gap,weak,none,none,none,D1,D1,"BD2,BD3",IMR90_10kb
5,50920000,assembly_gap,weak,none,none,strong,D3,D3,"BD2,BD3",IMR90_10kb
5,50930000,assembly_gap,weak,none,none,strong,D3,D3,"BD2,BD3",IMR90_10kb
5,50950000,assembly_gap,weak,moderate,weak,strong,D3,D3,"BD2,BD3",IMR90_10kb
5,50960000,assembly_gap,weak,moderate,weak,strong,D3,D3,"BD2,BD3",IMR90_10kb
5,50980000,assembly_gap,weak,moderate,weak,strong,D3,D3,"BD2,BD3",IMR90_10kb
5,51020000,assembly_gap,weak,none,none,none,D1,D1,"BD2,BD3",IMR90_10kb
5,51040000,assembly_gap,weak,none,none,none,D1,D1,"BD2,BD3",IMR90_10kb
5,51160000,assembly_gap,weak,none,none,none,D1,D1,"BD2,BD3",IMR90_10kb
5,51180000,assembly_gap,weak,none,none,none,D1,D1,"BD2,BD3",IMR90_10kb
5,51220000,assembly_gap,weak,none,none,none,D1,D1,"BD2,BD3",IMR90_10kb
5,51230000,assembly_gap,weak,none,none,none,D1,D1,"BD2,BD3",IMR90_10kb
5,51280000,assembly_gap,weak,none,none,none,D1,D1,"BD2,BD3",IMR90_10kb
5,51330000,assembly_gap,weak,none,none,none,D1,D1,"BD2,BD3",IMR90_10kb
5,51340000,assembly_gap,weak,none,none,none,D1,D1,"BD2,BD3",IMR90_10kb
5,51360000,assembly_gap,weak,none,none,none,D1,D1,"BD2,BD3",IMR90_10kb
5,51380000,assembly_gap,weak,none,none,none,D1,D1,"BD2,BD3",IMR90_10kb
5,51390000,assembly_gap,weak,none,none,none,D1,D1,"BD2,BD3",IMR90_10kb
5,98410000,encode_blacklist,weak,none,weak,moderate,D3,D3,"BD2,BD3",IMR90_10kb
6,60240000,assembly_gap,weak,none,none,none,D1,D1,"BD2,BD3",IMR90_10kb
6,60290000,assembly_gap,weak,none,none,none,D1,D1,"BD2,BD3",IMR90_10kb
6,60450000,assembly_gap,weak,none,none,none,D1,D1,"BD2,BD3",IMR90_10kb
6,60480000,assembly_gap,weak,none,none,none,D1,D1,"BD2,BD3",IMR90_10kb
6,60550000,assembly_gap,weak,none,none,none,D1,D1,"BD2,BD3",IMR90_10kb
6,60560000,assembly_gap,weak,none,none,none,D1,D1,"BD2,BD3",IMR90_10kb
6,60590000,assembly_gap,weak,none,none,none,D1,D1,"BD2,BD3",IMR90_10kb
6,60630000,assembly_gap,weak,none,none,none,D1,D1,"BD2,BD3",IMR90_10kb
6,60650000,assembly_gap,weak,none,none,none,D1,D1,"BD2,BD3",IMR90_10kb
6,60730000,assembly_gap,weak,none,none,none,D1,D1,"BD2,BD3",IMR90_10kb
6,60810000,assembly_gap,weak,none,none,none,D1,D1,"BD2,BD3",IMR90_10kb
6,60840000,assembly_gap,weak,none,none,none,D1,D1,"BD2,BD3",IMR90_10kb
6,60880000,assembly_gap,weak,none,none,none,D1,D1,"BD2,BD3",IMR90_10kb
6,60940000,assembly_gap,weak,none,none,none,D1,D1,"BD2,BD3",IMR90_10kb
6,60960000,assembly_gap,weak,none,none,none,D1,D1,"BD2,BD3",IMR90_10kb
6,61000000,assembly_gap,weak,none,none,none,D1,D1,"BD2,BD3",IMR90_10kb
6,61050000,assembly_gap,weak,none,none,none,D1,D1,"BD2,BD3",IMR90_10kb
6,61090000,assembly_gap,weak,none,none,none,D1,D1,"BD2,BD3",IMR90_10kb
6,61220000,assembly_gap,weak,none,none,none,D1,D1,"BD2,BD3",IMR90_10kb
6,61300000,assembly_gap+encode_blacklist,weak,none,none,none,D1,D1,"BD2,BD3",IMR90_10kb
6,61520000,assembly_gap+encode_blacklist,weak,none,none,none,D1,D1,"BD2,BD3",IMR90_10kb
6,61580000,assembly_gap,weak,none,none,none,D1,D1,"BD2,BD3",IMR90_10kb
6,61640000,assembly_gap,weak,none,none,none,D1,D1,"BD2,BD3",IMR90_10kb
6,61660000,assembly_gap,weak,none,none,none,D1,D1,"BD2,BD3",IMR90_10kb
6,61700000,assembly_gap,weak,none,none,none,D1,D1,"BD2,BD3",IMR90_10kb
6,61740000,assembly_gap,weak,none,none,none,D1,D1,"BD2,BD3",IMR90_10kb
6,61820000,assembly_gap,weak,none,none,none,D1,D1,"BD2,BD3",IMR90_10kb
6,61880000,assembly_gap,weak,none,none,none,D1,D1,"BD2,BD3",IMR90_10kb
6,61980000,assembly_gap,weak,none,none,none,D1,D1,"BD2,BD3",IMR90_10kb
6,62000000,assembly_gap,weak,none,none,none,D1,D1,"BD2,BD3",IMR90_10kb
6,62010000,assembly_gap,weak,none,none,none,D1,D1,"BD2,BD3",IMR90_10kb
6,62130000,assembly_gap,weak,none,none,none,D1,D1,"BD2,BD3",IMR90_10kb
6,62140000,assembly_gap,weak,none,none,none,D1,D1,"BD2,BD3",IMR90_10kb
6,62220000,assembly_gap,weak,none,none,none,D1,D1,"BD2,BD3",IMR90_10kb
6,62230000,assembly_gap,weak,none,none,none,D1,D1,"BD2,BD3",IMR90_10kb
6,62300000,assembly_gap,weak,none,none,none,D1,D1,"BD2,BD3",IMR90_10kb
6,62380000,assembly_gap,weak,none,none,none,D1,D1,"BD2,BD3",IMR90_10kb
6,62460000,assembly_gap,weak,none,none,none,D1,D1,"BD2,BD3",IMR90_10kb
6,62540000,assembly_gap,weak,none,none,none,D1,D1,"BD2,BD3",IMR90_10kb
6,62580000,assembly_gap,weak,none,none,none,D1,D1,"BD2,BD3",IMR90_10kb
6,95060000,assembly_gap,weak,none,none,none,D1,D1,"BD2,BD3",IMR90_10kb
6,95070000,assembly_gap,weak,none,none,none,D1,D1,"BD2,BD3",IMR90_10kb
6,167640000,assembly_gap,weak,none,none,none,D1,D1,"BD2,BD3",IMR90_10kb
7,57970000,encode_blacklist,weak,none,none,none,D1,D1,"BD2,BD3",IMR90_10kb
7,58030000,encode_blacklist,weak,none,none,none,D1,D1,"BD2,BD3",IMR90_10kb
7,58110000,assembly_gap,weak,none,none,none,D1,D1,"BD2,BD3",IMR90_10kb
7,58120000,assembly_gap,weak,none,none,none,D1,D1,"BD2,BD3",IMR90_10kb
7,60910000,assembly_gap+encode_blacklist,weak,none,none,none,D1,D1,"BD2,BD3",IMR90_10kb
7,60920000,assembly_gap+encode_blacklist,weak,none,none,none,D1,D1,"BD2,BD3",IMR90_10kb
7,60950000,assembly_gap+encode_blacklist,weak,none,none,none,D1,D1,"BD2,BD3",IMR90_10kb
7,60960000,assembly_gap+encode_blacklist,weak,none,none,none,D1,D1,"BD2,BD3",IMR90_10kb
7,60990000,assembly_gap+encode_blacklist,weak,none,none,none,D1,D1,"BD2,BD3",IMR90_10kb
7,61070000,assembly_gap+encode_blacklist,weak,none,none,none,D1,D1,"BD2,BD3",IMR90_10kb
7,61080000,assembly_gap+encode_blacklist,weak,none,none,none,D1,D1,"BD2,BD3",IMR90_10kb
7,62250000,encode_blacklist,weak,none,none,none,D1,D1,"BD2,BD3",IMR90_10kb
7,62260000,encode_blacklist,weak,none,none,none,D1,D1,"BD2,BD3",IMR90_10kb
7,62290000,encode_blacklist,weak,none,none,none,D1,D1,"BD2,BD3",IMR90_10kb
7,62310000,encode_blacklist,weak,none,none,none,D1,D1,"BD2,BD3",IMR90_10kb
7,62330000,encode_blacklist,weak,none,none,none,D1,D1,"BD2,BD3",IMR90_10kb
7,62360000,encode_blacklist,weak,none,none,none,D1,D1,"BD2,BD3",IMR90_10kb
7,62380000,encode_blacklist,weak,none,none,none,D1,D1,"BD2,BD3",IMR90_10kb
7,62390000,encode_blacklist,weak,none,none,none,D1,D1,"BD2,BD3",IMR90_10kb
7,62450000,encode_blacklist,weak,none,none,none,D1,D1,"BD2,BD3",IMR90_10kb
7,62460000,assembly_gap+encode_blacklist,weak,none,none,none,D1,D1,"BD2,BD3",IMR90_10kb
7,62990000,encode_blacklist,weak,none,none,none,D1,D1,"BD2,BD3",IMR90_10kb
7,159340000,assembly_gap,strong,none,none,none,D3,D3,"BD2,BD3",IMR90_10kb
8,43200000,assembly_gap,weak,none,none,none,D1,D1,"BD2,BD3",IMR90_10kb
8,43210000,assembly_gap,moderate,none,none,none,D3,D3,"BD2,BD3",IMR90_10kb
8,43220000,assembly_gap,moderate,none,none,none,D3,D3,"BD2,BD3",IMR90_10kb
8,43230000,assembly_gap,weak,none,none,none,D1,D1,"BD2,BD3",IMR90_10kb
8,43310000,assembly_gap,weak,none,none,none,D1,D1,"BD2,BD3",IMR90_10kb
8,43320000,assembly_gap,weak,none,none,none,D1,D1,"BD2,BD3",IMR90_10kb
8,43380000,assembly_gap,weak,none,none,none,D1,D1,"BD2,BD3",IMR90_10kb
8,43490000,assembly_gap,weak,none,none,none,D1,D1,"BD2,BD3",IMR90_10kb
8,43500000,assembly_gap,weak,none,none,none,D1,D1,"BD2,BD3",IMR90_10kb
8,43570000,assembly_gap,weak,none,none,none,D1,D1,"BD2,BD3",IMR90_10kb
8,43930000,assembly_gap,weak,none,none,none,D1,D1,"BD2,BD3",IMR90_10kb
8,45980000,assembly_gap,weak,none,none,none,D1,D1,"BD2,BD3",IMR90_10kb
8,46020000,assembly_gap,weak,none,none,none,D1,D1,"BD2,BD3",IMR90_10kb
8,46060000,assembly_gap,weak,none,none,none,D1,D1,"BD2,BD3",IMR90_10kb
8,46260000,assembly_gap,weak,none,none,none,D1,D1,"BD2,BD3",IMR90_10kb
8,46430000,assembly_gap,weak,none,none,none,D1,D1,"BD2,BD3",IMR90_10kb
8,46460000,assembly_gap,weak,none,none,none,D1,D1,"BD2,BD3",IMR90_10kb
8,46530000,assembly_gap,weak,none,none,none,D1,D1,"BD2,BD3",IMR90_10kb
8,46540000,assembly_gap,weak,none,none,none,D1,D1,"BD2,BD3",IMR90_10kb
8,46620000,assembly_gap,weak,none,none,none,D1,D1,"BD2,BD3",IMR90_10kb
8,46640000,assembly_gap,weak,none,none,none,D1,D1,"BD2,BD3",IMR90_10kb
8,46720000,assembly_gap,weak,none,none,none,D1,D1,"BD2,BD3",IMR90_10kb
8,46820000,assembly_gap,weak,none,none,none,D1,D1,"BD2,BD3",IMR90_10kb
8,46840000,assembly_gap,weak,none,none,none,D1,D1,"BD2,BD3",IMR90_10kb
8,46900000,assembly_gap,weak,none,none,none,D1,D1,"BD2,BD3",IMR90_10kb
8,46950000,assembly_gap,weak,none,none,none,D1,D1,"BD2,BD3",IMR90_10kb
8,46970000,assembly_gap,weak,none,none,none,D1,D1,"BD2,BD3",IMR90_10kb
8,47040000,assembly_gap,weak,none,none,none,D1,D1,"BD2,BD3",IMR90_10kb
8,47100000,assembly_gap,weak,none,none,none,D1,D1,"BD2,BD3",IMR90_10kb
8,47110000,assembly_gap,weak,none,none,none,D1,D1,"BD2,BD3",IMR90_10kb
8,47120000,assembly_gap,weak,none,none,none,D1,D1,"BD2,BD3",IMR90_10kb
8,47160000,assembly_gap,weak,none,none,moderate,D3,D3,"BD2,BD3",IMR90_10kb
8,47180000,assembly_gap,moderate,weak,none,moderate,D4,D4,"BD2,BD3",IMR90_10kb
8,47190000,assembly_gap,moderate,moderate,none,moderate,D4,D4,"BD2,BD3",IMR90_10kb
8,145080000,assembly_gap,strong,none,none,none,D3,D3,"BD2,BD3",IMR90_10kb
9,42230000,assembly_gap,weak,none,none,none,D1,D1,"BD2,BD3",IMR90_10kb
9,42280000,assembly_gap,weak,none,none,none,D1,D1,"BD2,BD3",IMR90_10kb
9,42300000,assembly_gap,weak,none,none,none,D1,D1,"BD2,BD3",IMR90_10kb
9,42360000,assembly_gap,weak,none,none,none,D1,D1,"BD2,BD3",IMR90_10kb
9,42410000,assembly_gap,weak,none,none,none,D1,D1,"BD2,BD3",IMR90_10kb
9,42480000,assembly_gap,weak,none,none,none,D1,D1,"BD2,BD3",IMR90_10kb
9,62790000,assembly_gap,weak,none,none,moderate,D3,D3,"BD2,BD3",IMR90_10kb
10,38100000,assembly_gap,weak,none,none,moderate,D3,D3,"BD2,BD3",IMR90_10kb
10,38120000,assembly_gap,weak,none,none,moderate,D3,D3,"BD2,BD3",IMR90_10kb
10,38130000,assembly_gap,moderate,none,none,moderate,D4,D4,"BD2,BD3",IMR90_10kb
10,38140000,assembly_gap,moderate,none,none,none,D3,D3,"BD2,BD3",IMR90_10kb
10,38150000,assembly_gap,weak,none,none,none,D1,D1,"BD2,BD3",IMR90_10kb
10,38250000,assembly_gap,weak,none,none,none,D1,D1,"BD2,BD3",IMR90_10kb
10,38320000,assembly_gap,weak,none,none,none,D1,D1,"BD2,BD3",IMR90_10kb
10,38330000,assembly_gap,weak,none,none,none,D1,D1,"BD2,BD3",IMR90_10kb
10,38340000,assembly_gap,weak,none,none,none,D1,D1,"BD2,BD3",IMR90_10kb
10,38360000,assembly_gap,weak,none,none,none,D1,D1,"BD2,BD3",IMR90_10kb
10,38390000,assembly_gap,weak,none,none,none,D1,D1,"BD2,BD3",IMR90_10kb
10,38400000,assembly_gap,weak,none,none,none,D1,D1,"BD2,BD3",IMR90_10kb
10,38460000,assembly_gap,weak,none,none,none,D1,D1,"BD2,BD3",IMR90_10kb
10,38480000,assembly_gap,weak,none,none,none,D1,D1,"BD2,BD3",IMR90_10kb
10,38530000,assembly_gap+encode_blacklist,weak,none,none,none,D1,D1,"BD2,BD3",IMR90_10kb
10,38600000,assembly_gap,weak,none,none,none,D1,D1,"BD2,BD3",IMR90_10kb
10,38650000,assembly_gap,weak,none,none,none,D1,D1,"BD2,BD3",IMR90_10kb
10,38660000,assembly_gap,weak,none,none,none,D1,D1,"BD2,BD3",IMR90_10kb
10,38740000,assembly_gap,weak,none,none,none,D1,D1,"BD2,BD3",IMR90_10kb
10,38910000,assembly_gap+encode_blacklist,weak,none,none,none,D1,D1,"BD2,BD3",IMR90_10kb
10,38920000,assembly_gap+encode_blacklist,weak,none,none,none,D1,D1,"BD2,BD3",IMR90_10kb
10,38990000,assembly_gap,weak,none,none,none,D1,D1,"BD2,BD3",IMR90_10kb
10,39000000,assembly_gap,weak,none,none,none,D1,D1,"BD2,BD3",IMR90_10kb
10,39120000,assembly_gap+encode_blacklist,weak,none,none,none,D1,D1,"BD2,BD3",IMR90_10kb
10,39360000,assembly_gap+encode_blacklist,weak,none,none,none,D1,D1,"BD2,BD3",IMR90_10kb
10,39390000,assembly_gap+encode_blacklist,weak,none,none,none,D1,D1,"BD2,BD3",IMR90_10kb
10,39400000,assembly_gap+encode_blacklist,weak,none,none,none,D1,D1,"BD2,BD3",IMR90_10kb
10,39500000,assembly_gap+encode_blacklist,weak,none,none,none,D1,D1,"BD2,BD3",IMR90_10kb
10,41870000,encode_blacklist,weak,none,none,none,D1,D1,"BD2,BD3",IMR90_10kb
10,41910000,encode_blacklist,weak,none,none,none,D1,D1,"BD2,BD3",IMR90_10kb
10,42060000,assembly_gap,weak,none,none,none,D1,D1,"BD2,BD3",IMR90_10kb
10,42090000,encode_blacklist,weak,none,none,none,D1,D1,"BD2,BD3",IMR90_10kb
10,42100000,encode_blacklist,weak,none,none,none,D1,D1,"BD2,BD3",IMR90_10kb
11,50720000,encode_blacklist,weak,none,none,none,D1,D1,"BD2,BD3",IMR90_10kb
11,54550000,assembly_gap,moderate,none,none,none,D3,D3,"BD2,BD3",IMR90_10kb
11,54560000,assembly_gap,moderate,none,none,none,D3,D3,"BD2,BD3",IMR90_10kb
11,54620000,assembly_gap,weak,none,none,none,D1,D1,"BD2,BD3",IMR90_10kb
11,54750000,assembly_gap,weak,none,none,none,D1,D1,"BD2,BD3",IMR90_10kb
11,54790000,assembly_gap,weak,none,none,none,D1,D1,"BD2,BD3",IMR90_10kb
11,55130000,assembly_gap,weak,none,none,none,D1,D1,"BD2,BD3",IMR90_10kb
11,55160000,assembly_gap,weak,none,none,none,D1,D1,"BD2,BD3",IMR90_10kb
11,55230000,assembly_gap,weak,none,none,none,D1,D1,"BD2,BD3",IMR90_10kb
11,55240000,assembly_gap,weak,none,none,none,D1,D1,"BD2,BD3",IMR90_10kb
11,55260000,assembly_gap,weak,none,none,none,D1,D1,"BD2,BD3",IMR90_10kb
11,55330000,assembly_gap,weak,none,none,none,D1,D1,"BD2,BD3",IMR90_10kb
11,55390000,assembly_gap,weak,none,none,none,D1,D1,"BD2,BD3",IMR90_10kb
11,55450000,assembly_gap,weak,none,none,none,D1,D1,"BD2,BD3",IMR90_10kb
11,55520000,assembly_gap,weak,none,none,none,D1,D1,"BD2,BD3",IMR90_10kb
11,55530000,assembly_gap,weak,none,none,none,D1,D1,"BD2,BD3",IMR90_10kb
11,55590000,assembly_gap,weak,none,none,none,D1,D1,"BD2,BD3",IMR90_10kb
11,55620000,assembly_gap,weak,none,none,none,D1,D1,"BD2,BD3",IMR90_10kb
11,55680000,assembly_gap,weak,none,none,none,D1,D1,"BD2,BD3",IMR90_10kb
11,55690000,assembly_gap,weak,none,none,none,D1,D1,"BD2,BD3",IMR90_10kb
11,55770000,assembly_gap,weak,none,none,none,D1,D1,"BD2,BD3",IMR90_10kb
11,70960000,assembly_gap,weak,none,none,none,D1,D1,"BD2,BD3",IMR90_10kb
11,71050000,assembly_gap,weak,none,none,none,D1,D1,"BD2,BD3",IMR90_10kb
11,87980000,assembly_gap,weak,none,none,none,D1,D1,"BD2,BD3",IMR90_10kb
11,88000000,assembly_gap,moderate,none,none,none,D3,D3,"BD2,BD3",IMR90_10kb
11,135080000,assembly_gap,strong,strong,none,none,D5,D3,"BD2,BD3",IMR90_10kb
12,10000,encode_blacklist,weak,none,none,none,D1,D1,"BD2,BD3",IMR90_10kb
12,33200000,assembly_gap,weak,none,none,none,D1,D1,"BD2,BD3",IMR90_10kb
12,33210000,assembly_gap,weak,none,none,none,D1,D1,"BD2,BD3",IMR90_10kb
12,33370000,assembly_gap,weak,none,none,none,D1,D1,"BD2,BD3",IMR90_10kb
12,33400000,assembly_gap,weak,none,none,none,D1,D1,"BD2,BD3",IMR90_10kb
12,33490000,assembly_gap,weak,none,none,none,D1,D1,"BD2,BD3",IMR90_10kb
12,33560000,assembly_gap,weak,none,none,none,D1,D1,"BD2,BD3",IMR90_10kb
12,33570000,assembly_gap,weak,none,none,none,D1,D1,"BD2,BD3",IMR90_10kb
12,33640000,assembly_gap,weak,none,none,none,D1,D1,"BD2,BD3",IMR90_10kb
12,33700000,assembly_gap,weak,none,none,none,D1,D1,"BD2,BD3",IMR90_10kb
12,33720000,assembly_gap,weak,none,none,none,D1,D1,"BD2,BD3",IMR90_10kb
12,33780000,assembly_gap,weak,none,none,none,D1,D1,"BD2,BD3",IMR90_10kb
12,33810000,assembly_gap,weak,none,none,none,D1,D1,"BD2,BD3",IMR90_10kb
12,33850000,assembly_gap,weak,none,none,none,D1,D1,"BD2,BD3",IMR90_10kb
12,33910000,assembly_gap,weak,none,none,none,D1,D1,"BD2,BD3",IMR90_10kb
12,33980000,assembly_gap,weak,none,none,moderate,D3,D3,"BD2,BD3",IMR90_10kb
12,33990000,assembly_gap,weak,none,none,moderate,D3,D3,"BD2,BD3",IMR90_10kb
12,34000000,assembly_gap,weak,none,none,moderate,D3,D3,"BD2,BD3",IMR90_10kb
12,34020000,assembly_gap,weak,moderate,none,moderate,D3,D3,"BD2,BD3",IMR90_10kb
12,34030000,assembly_gap,moderate,moderate,none,moderate,D4,D4,"BD2,BD3",IMR90_10kb
12,34040000,assembly_gap,weak,moderate,none,moderate,D3,D3,"BD2,BD3",IMR90_10kb
12,34060000,assembly_gap,weak,none,none,moderate,D3,D3,"BD2,BD3",IMR90_10kb
12,34120000,assembly_gap,weak,weak,none,none,D2,D1,"BD2,BD3",IMR90_10kb
12,34160000,assembly_gap,weak,none,none,none,D1,D1,"BD2,BD3",IMR90_10kb
12,34200000,assembly_gap,weak,none,none,none,D1,D1,"BD2,BD3",IMR90_10kb
12,34260000,assembly_gap,weak,none,none,none,D1,D1,"BD2,BD3",IMR90_10kb
12,34270000,assembly_gap,weak,none,none,none,D1,D1,"BD2,BD3",IMR90_10kb
12,34290000,assembly_gap,weak,none,none,none,D1,D1,"BD2,BD3",IMR90_10kb
12,34340000,assembly_gap,weak,none,none,none,D1,D1,"BD2,BD3",IMR90_10kb
12,34400000,assembly_gap,weak,none,none,none,D1,D1,"BD2,BD3",IMR90_10kb
12,34610000,assembly_gap,weak,none,none,none,D1,D1,"BD2,BD3",IMR90_10kb
12,37290000,assembly_gap+encode_blacklist,weak,none,none,none,D1,D1,"BD2,BD3",IMR90_10kb
12,37350000,assembly_gap+encode_blacklist,weak,none,none,none,D1,D1,"BD2,BD3",IMR90_10kb
12,37420000,assembly_gap+encode_blacklist,weak,none,none,none,D1,D1,"BD2,BD3",IMR90_10kb
12,37430000,assembly_gap,weak,none,none,none,D1,D1,"BD2,BD3",IMR90_10kb
12,37480000,assembly_gap,weak,none,none,none,D1,D1,"BD2,BD3",IMR90_10kb
12,37540000,assembly_gap,weak,none,none,none,D1,D1,"BD2,BD3",IMR90_10kb
12,37600000,assembly_gap,weak,none,none,none,D1,D1,"BD2,BD3",IMR90_10kb
12,37780000,assembly_gap,weak,none,none,none,D1,D1,"BD2,BD3",IMR90_10kb
12,133270000,assembly_gap,strong,none,none,none,D3,D3,"BD2,BD3",IMR90_10kb
13,18220000,assembly_gap,weak,none,none,none,D1,D1,"BD2,BD3",IMR90_10kb
13,18420000,assembly_gap,weak,none,none,none,D1,D1,"BD2,BD3",IMR90_10kb
13,18520000,assembly_gap,weak,none,none,none,D1,D1,"BD2,BD3",IMR90_10kb
13,18660000,assembly_gap,weak,none,none,none,D1,D1,"BD2,BD3",IMR90_10kb
13,18680000,assembly_gap,weak,none,none,none,D1,D1,"BD2,BD3",IMR90_10kb
13,18730000,assembly_gap,weak,none,none,none,D1,D1,"BD2,BD3",IMR90_10kb
13,18740000,assembly_gap,weak,none,none,none,D1,D1,"BD2,BD3",IMR90_10kb
13,18790000,assembly_gap,weak,none,none,none,D1,D1,"BD2,BD3",IMR90_10kb
13,18800000,assembly_gap,weak,none,none,none,D1,D1,"BD2,BD3",IMR90_10kb
13,18820000,assembly_gap,weak,none,none,none,D1,D1,"BD2,BD3",IMR90_10kb
13,18830000,assembly_gap,weak,none,none,none,D1,D1,"BD2,BD3",IMR90_10kb
13,18890000,assembly_gap,weak,none,none,none,D1,D1,"BD2,BD3",IMR90_10kb
13,111840000,assembly_gap,weak,none,none,none,D1,D1,"BD2,BD3",IMR90_10kb
13,113720000,assembly_gap,weak,none,none,none,D1,D1,"BD2,BD3",IMR90_10kb
13,114360000,assembly_gap,strong,strong,weak,none,D5,D3,"BD2,BD3",IMR90_10kb
15,19970000,assembly_gap,weak,none,none,none,D1,D1,"BD2,BD3",IMR90_10kb
15,20180000,assembly_gap,weak,none,none,none,D1,D1,"BD2,BD3",IMR90_10kb
15,20250000,assembly_gap,weak,none,none,none,D1,D1,"BD2,BD3",IMR90_10kb
15,20260000,assembly_gap,weak,none,none,none,D1,D1,"BD2,BD3",IMR90_10kb
15,20320000,assembly_gap,weak,none,none,none,D1,D1,"BD2,BD3",IMR90_10kb
15,20330000,assembly_gap,weak,none,none,none,D1,D1,"BD2,BD3",IMR90_10kb
15,20420000,assembly_gap,weak,none,none,none,D1,D1,"BD2,BD3",IMR90_10kb
15,20430000,assembly_gap,weak,none,none,none,D1,D1,"BD2,BD3",IMR90_10kb
16,3370000,encode_blacklist,weak,none,none,none,D1,D1,"BD2,BD3",IMR90_10kb
16,34230000,encode_blacklist,weak,none,none,none,D1,D1,"BD2,BD3",IMR90_10kb
16,34570000,assembly_gap,weak,none,none,none,D1,D1,"BD2,BD3",IMR90_10kb
16,35340000,assembly_gap,moderate,none,none,none,D3,D3,"BD2,BD3",IMR90_10kb
16,35350000,assembly_gap,moderate,none,none,none,D3,D3,"BD2,BD3",IMR90_10kb
16,35400000,assembly_gap,weak,none,none,none,D1,D1,"BD2,BD3",IMR90_10kb
16,35410000,assembly_gap,weak,none,none,none,D1,D1,"BD2,BD3",IMR90_10kb
16,35420000,assembly_gap,weak,none,none,none,D1,D1,"BD2,BD3",IMR90_10kb
16,35470000,assembly_gap,weak,none,none,none,D1,D1,"BD2,BD3",IMR90_10kb
16,35540000,assembly_gap,weak,none,none,none,D1,D1,"BD2,BD3",IMR90_10kb
16,35550000,assembly_gap,weak,none,none,none,D1,D1,"BD2,BD3",IMR90_10kb
16,35610000,assembly_gap,weak,none,none,none,D1,D1,"BD2,BD3",IMR90_10kb
16,35620000,assembly_gap,weak,none,none,none,D1,D1,"BD2,BD3",IMR90_10kb
16,35660000,assembly_gap,weak,none,none,none,D1,D1,"BD2,BD3",IMR90_10kb
16,35750000,assembly_gap,weak,none,none,none,D1,D1,"BD2,BD3",IMR90_10kb
16,35780000,assembly_gap,moderate,none,none,none,D3,D3,"BD2,BD3",IMR90_10kb
16,35890000,assembly_gap,weak,none,none,none,D1,D1,"BD2,BD3",IMR90_10kb
16,35920000,assembly_gap,weak,none,none,none,D1,D1,"BD2,BD3",IMR90_10kb
16,35950000,assembly_gap,weak,none,none,none,D1,D1,"BD2,BD3",IMR90_10kb
16,35960000,assembly_gap,weak,none,none,none,D1,D1,"BD2,BD3",IMR90_10kb
16,36090000,assembly_gap+encode_blacklist,weak,none,none,none,D1,D1,"BD2,BD3",IMR90_10kb
16,36100000,assembly_gap+encode_blacklist,weak,none,none,none,D1,D1,"BD2,BD3",IMR90_10kb
16,36150000,assembly_gap+encode_blacklist,weak,none,none,none,D1,D1,"BD2,BD3",IMR90_10kb
16,36160000,assembly_gap+encode_blacklist,weak,none,none,none,D1,D1,"BD2,BD3",IMR90_10kb
16,36200000,assembly_gap+encode_blacklist,weak,none,none,none,D1,D1,"BD2,BD3",IMR90_10kb
16,36240000,assembly_gap+encode_blacklist,weak,none,none,none,D1,D1,"BD2,BD3",IMR90_10kb
16,36250000,assembly_gap+encode_blacklist,weak,none,none,none,D1,D1,"BD2,BD3",IMR90_10kb
16,46380000,assembly_gap,weak,none,none,none,D1,D1,"BD2,BD3",IMR90_10kb
16,46390000,assembly_gap,weak,none,none,none,D1,D1,"BD2,BD3",IMR90_10kb
16,46410000,assembly_gap,weak,none,none,none,D1,D1,"BD2,BD3",IMR90_10kb
16,46420000,assembly_gap,weak,none,none,none,D1,D1,"BD2,BD3",IMR90_10kb
16,46440000,assembly_gap,weak,none,none,none,D1,D1,"BD2,BD3",IMR90_10kb
16,46450000,assembly_gap,weak,none,none,none,D1,D1,"BD2,BD3",IMR90_10kb
16,46490000,assembly_gap,weak,none,none,none,D1,D1,"BD2,BD3",IMR90_10kb
16,46540000,assembly_gap,weak,none,none,moderate,D3,D3,"BD2,BD3",IMR90_10kb
16,46550000,assembly_gap,weak,none,none,moderate,D3,D3,"BD2,BD3",IMR90_10kb
16,46620000,assembly_gap,strong,weak,none,moderate,D4,D4,"BD2,BD3",IMR90_10kb
16,46630000,assembly_gap,strong,weak,none,moderate,D4,D4,"BD2,BD3",IMR90_10kb
16,46660000,assembly_gap,weak,moderate,weak,strong,D3,D3,"BD2,BD3",IMR90_10kb
16,46690000,assembly_gap,weak,moderate,weak,moderate,D3,D3,"BD2,BD3",IMR90_10kb
16,46700000,assembly_gap,weak,weak,none,moderate,D3,D3,"BD2,BD3",IMR90_10kb
16,46770000,assembly_gap,weak,none,none,moderate,D3,D3,"BD2,BD3",IMR90_10kb
16,46790000,assembly_gap,weak,weak,none,moderate,D3,D3,"BD2,BD3",IMR90_10kb
16,46820000,assembly_gap,strong,weak,moderate,strong,D5,D5,"BD2,BD3",IMR90_10kb
16,46830000,assembly_gap,strong,weak,moderate,strong,D5,D5,"BD2,BD3",IMR90_10kb
16,46840000,assembly_gap,moderate,moderate,moderate,strong,D4,D4,"BD2,BD3",IMR90_10kb
16,46930000,assembly_gap,weak,moderate,weak,strong,D3,D3,"BD2,BD3",IMR90_10kb
16,46960000,assembly_gap,strong,weak,weak,strong,D5,D5,"BD2,BD3",IMR90_10kb
16,46970000,assembly_gap,strong,weak,none,moderate,D4,D4,"BD2,BD3",IMR90_10kb
16,46980000,assembly_gap,strong,none,none,moderate,D4,D4,"BD2,BD3",IMR90_10kb
17,450000,assembly_gap,weak,none,none,none,D1,D1,"BD2,BD3",IMR90_10kb
17,21810000,assembly_gap,weak,none,none,none,D1,D1,"BD2,BD3",IMR90_10kb
17,22530000,encode_blacklist,weak,none,none,none,D1,D1,"BD2,BD3",IMR90_10kb
17,22710000,assembly_gap,weak,none,none,none,D1,D1,"BD2,BD3",IMR90_10kb
17,22720000,assembly_gap,weak,none,none,none,D1,D1,"BD2,BD3",IMR90_10kb
17,26930000,assembly_gap,weak,none,none,none,D1,D1,"BD2,BD3",IMR90_10kb
17,26950000,assembly_gap,weak,none,none,none,D1,D1,"BD2,BD3",IMR90_10kb
17,27040000,assembly_gap,weak,none,none,moderate,D3,D3,"BD2,BD3",IMR90_10kb
17,27100000,assembly_gap,weak,none,none,none,D1,D1,"BD2,BD3",IMR90_10kb
17,27160000,assembly_gap,weak,none,none,none,D1,D1,"BD2,BD3",IMR90_10kb
17,27180000,assembly_gap,strong,none,none,none,D3,D3,"BD2,BD3",IMR90_10kb
17,27190000,assembly_gap,strong,none,none,moderate,D4,D4,"BD2,BD3",IMR90_10kb
17,27200000,assembly_gap,weak,none,none,strong,D3,D3,"BD2,BD3",IMR90_10kb
17,27240000,assembly_gap,weak,moderate,weak,strong,D3,D3,"BD2,BD3",IMR90_10kb
17,27340000,assembly_gap,moderate,strong,strong,strong,D4,D4,"BD2,BD3",IMR90_10kb
17,27350000,assembly_gap,strong,strong,strong,moderate,D5,D4,"BD2,BD3",IMR90_10kb
17,27360000,assembly_gap,moderate,strong,strong,moderate,D4,D4,"BD2,BD3",IMR90_10kb
17,83250000,assembly_gap,weak,none,none,none,D1,D1,"BD2,BD3",IMR90_10kb
18,15410000,assembly_gap,weak,none,none,none,D1,D1,"BD2,BD3",IMR90_10kb
18,20940000,assembly_gap,weak,none,none,none,D1,D1,"BD2,BD3",IMR90_10kb
18,20960000,assembly_gap,weak,none,none,none,D1,D1,"BD2,BD3",IMR90_10kb
18,21010000,assembly_gap,weak,none,none,moderate,D3,D3,"BD2,BD3",IMR90_10kb
18,21110000,assembly_gap,weak,none,weak,moderate,D3,D3,"BD2,BD3",IMR90_10kb
18,21190000,assembly_gap,weak,strong,moderate,moderate,D3,D3,"BD2,BD3",IMR90_10kb
18,21200000,assembly_gap,strong,strong,moderate,moderate,D5,D4,"BD2,BD3",IMR90_10kb
18,21210000,assembly_gap,moderate,moderate,weak,moderate,D4,D4,"BD2,BD3",IMR90_10kb
18,21430000,assembly_gap,weak,weak,none,moderate,D3,D3,"BD2,BD3",IMR90_10kb
18,21480000,assembly_gap,moderate,none,none,moderate,D4,D4,"BD2,BD3",IMR90_10kb
18,21490000,assembly_gap,strong,none,none,none,D3,D3,"BD2,BD3",IMR90_10kb
18,46970000,assembly_gap,weak,none,none,none,D1,D1,"BD2,BD3",IMR90_10kb
19,19940000,assembly_gap,weak,none,none,none,D1,D1,"BD2,BD3",IMR90_10kb
19,19950000,assembly_gap,weak,none,none,none,D1,D1,"BD2,BD3",IMR90_10kb
19,20030000,assembly_gap,weak,none,none,none,D1,D1,"BD2,BD3",IMR90_10kb
19,20050000,assembly_gap,weak,none,none,none,D1,D1,"BD2,BD3",IMR90_10kb
19,20080000,assembly_gap,weak,none,none,none,D1,D1,"BD2,BD3",IMR90_10kb
19,20150000,assembly_gap,weak,none,none,none,D1,D1,"BD2,BD3",IMR90_10kb
19,20210000,assembly_gap,weak,none,none,none,D1,D1,"BD2,BD3",IMR90_10kb
19,20250000,assembly_gap,weak,none,none,none,D1,D1,"BD2,BD3",IMR90_10kb
19,20260000,assembly_gap,weak,none,none,none,D1,D1,"BD2,BD3",IMR90_10kb
19,20330000,assembly_gap,weak,none,none,none,D1,D1,"BD2,BD3",IMR90_10kb
19,20390000,assembly_gap,weak,none,none,none,D1,D1,"BD2,BD3",IMR90_10kb
19,20530000,assembly_gap,weak,none,none,none,D1,D1,"BD2,BD3",IMR90_10kb
19,20540000,assembly_gap,weak,none,none,none,D1,D1,"BD2,BD3",IMR90_10kb
19,20680000,assembly_gap,weak,none,none,none,D1,D1,"BD2,BD3",IMR90_10kb
19,20800000,assembly_gap,weak,none,none,none,D1,D1,"BD2,BD3",IMR90_10kb
19,20830000,assembly_gap,weak,none,none,none,D1,D1,"BD2,BD3",IMR90_10kb
19,20840000,assembly_gap,weak,none,none,none,D1,D1,"BD2,BD3",IMR90_10kb
19,20890000,assembly_gap,weak,none,none,none,D1,D1,"BD2,BD3",IMR90_10kb
19,20900000,assembly_gap,weak,none,none,none,D1,D1,"BD2,BD3",IMR90_10kb
19,20910000,assembly_gap,weak,none,none,none,D1,D1,"BD2,BD3",IMR90_10kb
19,20930000,assembly_gap,weak,none,none,none,D1,D1,"BD2,BD3",IMR90_10kb
19,21020000,assembly_gap,moderate,none,none,none,D3,D3,"BD2,BD3",IMR90_10kb
19,21030000,assembly_gap,moderate,none,none,none,D3,D3,"BD2,BD3",IMR90_10kb
19,21160000,assembly_gap,weak,none,none,none,D1,D1,"BD2,BD3",IMR90_10kb
19,21190000,assembly_gap,weak,none,none,none,D1,D1,"BD2,BD3",IMR90_10kb
19,21200000,assembly_gap,weak,none,none,none,D1,D1,"BD2,BD3",IMR90_10kb
19,21270000,assembly_gap,weak,none,none,none,D1,D1,"BD2,BD3",IMR90_10kb
19,21280000,assembly_gap,weak,none,none,none,D1,D1,"BD2,BD3",IMR90_10kb
19,21310000,assembly_gap,weak,none,none,none,D1,D1,"BD2,BD3",IMR90_10kb
19,21410000,assembly_gap,weak,none,none,none,D1,D1,"BD2,BD3",IMR90_10kb
19,21420000,assembly_gap,weak,none,none,none,D1,D1,"BD2,BD3",IMR90_10kb
19,21570000,assembly_gap,weak,none,none,none,D1,D1,"BD2,BD3",IMR90_10kb
19,21580000,assembly_gap,weak,none,none,none,D1,D1,"BD2,BD3",IMR90_10kb
19,21640000,assembly_gap,weak,none,none,none,D1,D1,"BD2,BD3",IMR90_10kb
19,21670000,assembly_gap,weak,none,none,none,D1,D1,"BD2,BD3",IMR90_10kb
19,21680000,assembly_gap,weak,none,none,none,D1,D1,"BD2,BD3",IMR90_10kb
19,21720000,assembly_gap,weak,none,none,none,D1,D1,"BD2,BD3",IMR90_10kb
19,21730000,assembly_gap,moderate,none,none,none,D3,D3,"BD2,BD3",IMR90_10kb
19,21740000,assembly_gap,moderate,none,none,none,D3,D3,"BD2,BD3",IMR90_10kb
19,21860000,assembly_gap,weak,none,none,none,D1,D1,"BD2,BD3",IMR90_10kb
19,21870000,assembly_gap,weak,none,none,none,D1,D1,"BD2,BD3",IMR90_10kb
19,21940000,assembly_gap,weak,none,none,none,D1,D1,"BD2,BD3",IMR90_10kb
19,21970000,assembly_gap,weak,none,none,none,D1,D1,"BD2,BD3",IMR90_10kb
19,22040000,assembly_gap,weak,none,none,none,D1,D1,"BD2,BD3",IMR90_10kb
19,22100000,assembly_gap,weak,none,none,none,D1,D1,"BD2,BD3",IMR90_10kb
19,22170000,assembly_gap,weak,none,none,none,D1,D1,"BD2,BD3",IMR90_10kb
19,22230000,assembly_gap,weak,none,none,none,D1,D1,"BD2,BD3",IMR90_10kb
19,22240000,assembly_gap,weak,none,none,none,D1,D1,"BD2,BD3",IMR90_10kb
19,22310000,assembly_gap,weak,none,none,none,D1,D1,"BD2,BD3",IMR90_10kb
19,22320000,assembly_gap,weak,none,none,none,D1,D1,"BD2,BD3",IMR90_10kb
19,22330000,assembly_gap,weak,none,none,none,D1,D1,"BD2,BD3",IMR90_10kb
19,22390000,assembly_gap,weak,none,none,none,D1,D1,"BD2,BD3",IMR90_10kb
19,22400000,assembly_gap,weak,none,none,none,D1,D1,"BD2,BD3",IMR90_10kb
19,22430000,assembly_gap,weak,none,none,none,D1,D1,"BD2,BD3",IMR90_10kb
19,22470000,assembly_gap,weak,none,none,none,D1,D1,"BD2,BD3",IMR90_10kb
19,22530000,assembly_gap,weak,none,none,none,D1,D1,"BD2,BD3",IMR90_10kb
19,22570000,assembly_gap,weak,none,none,none,D1,D1,"BD2,BD3",IMR90_10kb
19,22590000,assembly_gap,weak,none,none,none,D1,D1,"BD2,BD3",IMR90_10kb
19,22680000,assembly_gap,weak,none,none,none,D1,D1,"BD2,BD3",IMR90_10kb
19,22690000,assembly_gap,weak,none,none,none,D1,D1,"BD2,BD3",IMR90_10kb
19,22710000,assembly_gap,weak,none,none,none,D1,D1,"BD2,BD3",IMR90_10kb
19,22750000,assembly_gap,weak,none,none,none,D1,D1,"BD2,BD3",IMR90_10kb
19,22760000,assembly_gap,weak,none,none,none,D1,D1,"BD2,BD3",IMR90_10kb
19,22780000,assembly_gap,weak,none,none,none,D1,D1,"BD2,BD3",IMR90_10kb
19,22790000,assembly_gap,weak,none,none,none,D1,D1,"BD2,BD3",IMR90_10kb
19,22860000,assembly_gap,weak,none,none,none,D1,D1,"BD2,BD3",IMR90_10kb
19,22870000,assembly_gap,weak,none,none,none,D1,D1,"BD2,BD3",IMR90_10kb
19,22910000,assembly_gap,weak,none,none,none,D1,D1,"BD2,BD3",IMR90_10kb
19,22920000,assembly_gap,weak,none,none,none,D1,D1,"BD2,BD3",IMR90_10kb
19,22960000,assembly_gap,weak,none,none,none,D1,D1,"BD2,BD3",IMR90_10kb
19,22970000,assembly_gap,weak,none,none,none,D1,D1,"BD2,BD3",IMR90_10kb
19,22990000,assembly_gap,weak,none,none,none,D1,D1,"BD2,BD3",IMR90_10kb
19,23030000,assembly_gap,weak,none,none,none,D1,D1,"BD2,BD3",IMR90_10kb
19,23040000,assembly_gap,weak,none,none,none,D1,D1,"BD2,BD3",IMR90_10kb
19,23070000,assembly_gap,weak,none,none,none,D1,D1,"BD2,BD3",IMR90_10kb
19,23170000,assembly_gap,weak,none,none,none,D1,D1,"BD2,BD3",IMR90_10kb
19,23220000,assembly_gap,weak,none,none,none,D1,D1,"BD2,BD3",IMR90_10kb
19,23240000,assembly_gap,weak,none,none,none,D1,D1,"BD2,BD3",IMR90_10kb
19,23310000,assembly_gap,weak,none,none,none,D1,D1,"BD2,BD3",IMR90_10kb
19,23320000,assembly_gap,weak,none,none,none,D1,D1,"BD2,BD3",IMR90_10kb
19,23330000,assembly_gap,weak,none,none,none,D1,D1,"BD2,BD3",IMR90_10kb
19,23390000,assembly_gap,weak,none,none,none,D1,D1,"BD2,BD3",IMR90_10kb
19,23410000,assembly_gap,weak,none,none,none,D1,D1,"BD2,BD3",IMR90_10kb
19,23420000,assembly_gap,weak,none,none,none,D1,D1,"BD2,BD3",IMR90_10kb
19,23470000,assembly_gap,weak,none,none,none,D1,D1,"BD2,BD3",IMR90_10kb
19,23560000,assembly_gap,weak,none,none,none,D1,D1,"BD2,BD3",IMR90_10kb
19,23590000,assembly_gap,weak,none,none,none,D1,D1,"BD2,BD3",IMR90_10kb
19,23620000,assembly_gap,weak,none,none,none,D1,D1,"BD2,BD3",IMR90_10kb
19,23630000,assembly_gap,weak,none,none,none,D1,D1,"BD2,BD3",IMR90_10kb
19,23690000,assembly_gap,weak,none,none,none,D1,D1,"BD2,BD3",IMR90_10kb
19,23770000,assembly_gap,weak,none,none,none,D1,D1,"BD2,BD3",IMR90_10kb
19,24030000,assembly_gap,moderate,none,none,none,D3,D3,"BD2,BD3",IMR90_10kb
19,24040000,assembly_gap,moderate,none,none,none,D3,D3,"BD2,BD3",IMR90_10kb
19,24090000,assembly_gap,weak,none,none,none,D1,D1,"BD2,BD3",IMR90_10kb
19,24120000,assembly_gap,weak,none,none,none,D1,D1,"BD2,BD3",IMR90_10kb
19,24130000,assembly_gap,weak,none,none,none,D1,D1,"BD2,BD3",IMR90_10kb
19,24170000,assembly_gap,weak,none,none,none,D1,D1,"BD2,BD3",IMR90_10kb
19,24200000,assembly_gap+encode_blacklist,weak,none,none,none,D1,D1,"BD2,BD3",IMR90_10kb
19,24230000,assembly_gap+encode_blacklist,weak,none,none,none,D1,D1,"BD2,BD3",IMR90_10kb
19,24290000,assembly_gap+encode_blacklist,weak,none,none,none,D1,D1,"BD2,BD3",IMR90_10kb
19,24330000,assembly_gap+encode_blacklist,weak,none,none,none,D1,D1,"BD2,BD3",IMR90_10kb
19,27240000,assembly_gap+encode_blacklist,weak,none,none,none,D1,D1,"BD2,BD3",IMR90_10kb
19,27670000,assembly_gap,weak,none,none,none,D1,D1,"BD2,BD3",IMR90_10kb
19,27690000,assembly_gap,weak,none,none,none,D1,D1,"BD2,BD3",IMR90_10kb
19,27770000,assembly_gap,weak,weak,none,none,D2,D1,"BD2,BD3",IMR90_10kb
19,27800000,assembly_gap,weak,none,none,none,D1,D1,"BD2,BD3",IMR90_10kb
19,27810000,assembly_gap,weak,none,none,none,D1,D1,"BD2,BD3",IMR90_10kb
19,27830000,assembly_gap,weak,none,none,none,D1,D1,"BD2,BD3",IMR90_10kb
19,27860000,assembly_gap,weak,none,none,none,D1,D1,"BD2,BD3",IMR90_10kb
19,27910000,assembly_gap,weak,none,none,none,D1,D1,"BD2,BD3",IMR90_10kb
19,27920000,assembly_gap,moderate,none,none,none,D3,D3,"BD2,BD3",IMR90_10kb
19,27930000,assembly_gap,moderate,none,none,none,D3,D3,"BD2,BD3",IMR90_10kb
19,27970000,assembly_gap,weak,none,none,none,D1,D1,"BD2,BD3",IMR90_10kb
19,28030000,assembly_gap,weak,none,none,none,D1,D1,"BD2,BD3",IMR90_10kb
19,28080000,assembly_gap,weak,none,none,none,D1,D1,"BD2,BD3",IMR90_10kb
19,28110000,assembly_gap,weak,none,none,none,D1,D1,"BD2,BD3",IMR90_10kb
19,28150000,assembly_gap,weak,none,none,none,D1,D1,"BD2,BD3",IMR90_10kb
19,28240000,assembly_gap,weak,none,none,none,D1,D1,"BD2,BD3",IMR90_10kb
19,28260000,assembly_gap,weak,none,none,none,D1,D1,"BD2,BD3",IMR90_10kb
19,28300000,assembly_gap,weak,none,none,none,D1,D1,"BD2,BD3",IMR90_10kb
19,28310000,assembly_gap,weak,none,none,none,D1,D1,"BD2,BD3",IMR90_10kb
19,28360000,assembly_gap,weak,none,none,none,D1,D1,"BD2,BD3",IMR90_10kb
19,28390000,assembly_gap,weak,none,none,none,D1,D1,"BD2,BD3",IMR90_10kb
19,28440000,assembly_gap,weak,none,none,moderate,D3,D3,"BD2,BD3",IMR90_10kb
19,28450000,assembly_gap,weak,weak,none,moderate,D3,D3,"BD2,BD3",IMR90_10kb
19,28460000,assembly_gap,weak,weak,none,moderate,D3,D3,"BD2,BD3",IMR90_10kb
19,28530000,assembly_gap,weak,none,none,none,D1,D1,"BD2,BD3",IMR90_10kb
19,28540000,assembly_gap,weak,none,none,none,D1,D1,"BD2,BD3",IMR90_10kb
19,28640000,assembly_gap,weak,none,none,none,D1,D1,"BD2,BD3",IMR90_10kb
19,28670000,assembly_gap,weak,none,none,moderate,D3,D3,"BD2,BD3",IMR90_10kb
19,28680000,assembly_gap,weak,none,none,moderate,D3,D3,"BD2,BD3",IMR90_10kb
19,28710000,assembly_gap,weak,weak,none,strong,D3,D3,"BD2,BD3",IMR90_10kb
19,28720000,assembly_gap,moderate,moderate,none,strong,D4,D4,"BD2,BD3",IMR90_10kb
19,28730000,assembly_gap,moderate,moderate,none,strong,D4,D4,"BD2,BD3",IMR90_10kb
19,28750000,assembly_gap,weak,none,none,strong,D3,D3,"BD2,BD3",IMR90_10kb
19,28820000,assembly_gap,weak,none,none,none,D1,D1,"BD2,BD3",IMR90_10kb
19,28880000,assembly_gap,moderate,weak,weak,none,D3,D3,"BD2,BD3",IMR90_10kb
19,28890000,assembly_gap,moderate,weak,weak,none,D3,D3,"BD2,BD3",IMR90_10kb
19,28980000,assembly_gap,weak,weak,weak,none,D2,D1,"BD2,BD3",IMR90_10kb
19,28990000,assembly_gap,weak,weak,weak,none,D2,D1,"BD2,BD3",IMR90_10kb
19,29000000,assembly_gap,weak,weak,weak,none,D2,D1,"BD2,BD3",IMR90_10kb
19,29010000,assembly_gap,weak,none,none,none,D1,D1,"BD2,BD3",IMR90_10kb
19,29100000,assembly_gap,weak,none,none,none,D1,D1,"BD2,BD3",IMR90_10kb
19,29140000,assembly_gap,weak,none,none,none,D1,D1,"BD2,BD3",IMR90_10kb
19,29210000,assembly_gap,weak,none,none,none,D1,D1,"BD2,BD3",IMR90_10kb
19,29270000,assembly_gap,weak,moderate,weak,moderate,D3,D3,"BD2,BD3",IMR90_10kb
19,29290000,assembly_gap,weak,none,none,moderate,D3,D3,"BD2,BD3",IMR90_10kb
19,29300000,assembly_gap,weak,none,none,moderate,D3,D3,"BD2,BD3",IMR90_10kb
19,29400000,assembly_gap,weak,none,none,none,D1,D1,"BD2,BD3",IMR90_10kb
19,29460000,assembly_gap,weak,none,none,none,D1,D1,"BD2,BD3",IMR90_10kb
19,29470000,assembly_gap,weak,none,none,none,D1,D1,"BD2,BD3",IMR90_10kb
19,29530000,assembly_gap,weak,weak,none,none,D2,D1,"BD2,BD3",IMR90_10kb
19,29590000,assembly_gap,strong,weak,weak,strong,D5,D5,"BD2,BD3",IMR90_10kb
19,29600000,assembly_gap,strong,weak,weak,strong,D5,D5,"BD2,BD3",IMR90_10kb
19,29720000,assembly_gap,moderate,moderate,moderate,strong,D4,D4,"BD2,BD3",IMR90_10kb
19,29730000,assembly_gap,strong,moderate,weak,strong,D5,D5,"BD2,BD3",IMR90_10kb
19,29740000,assembly_gap,weak,strong,moderate,strong,D3,D3,"BD2,BD3",IMR90_10kb
19,29800000,assembly_gap,weak,none,none,moderate,D3,D3,"BD2,BD3",IMR90_10kb
19,29870000,assembly_gap,weak,weak,weak,moderate,D3,D3,"BD2,BD3",IMR90_10kb
19,29890000,assembly_gap,weak,weak,none,moderate,D3,D3,"BD2,BD3",IMR90_10kb
19,29920000,assembly_gap,weak,none,none,moderate,D3,D3,"BD2,BD3",IMR90_10kb
19,29930000,assembly_gap,strong,none,none,none,D3,D3,"BD2,BD3",IMR90_10kb
19,29940000,assembly_gap,strong,none,none,none,D3,D3,"BD2,BD3",IMR90_10kb
19,29950000,assembly_gap,weak,none,none,none,D1,D1,"BD2,BD3",IMR90_10kb
19,30040000,assembly_gap,weak,none,none,none,D1,D1,"BD2,BD3",IMR90_10kb
19,30050000,assembly_gap,strong,none,none,none,D3,D3,"BD2,BD3",IMR90_10kb
19,30060000,assembly_gap,strong,none,none,none,D3,D3,"BD2,BD3",IMR90_10kb
19,30070000,assembly_gap,moderate,none,none,none,D3,D3,"BD2,BD3",IMR90_10kb
19,30140000,assembly_gap,weak,none,none,none,D1,D1,"BD2,BD3",IMR90_10kb
19,30200000,assembly_gap,weak,none,none,none,D1,D1,"BD2,BD3",IMR90_10kb
19,30220000,assembly_gap,weak,none,none,none,D1,D1,"BD2,BD3",IMR90_10kb
19,30260000,assembly_gap,weak,none,none,none,D1,D1,"BD2,BD3",IMR90_10kb
19,30320000,assembly_gap,weak,none,none,none,D1,D1,"BD2,BD3",IMR90_10kb
19,30380000,assembly_gap,weak,none,none,none,D1,D1,"BD2,BD3",IMR90_10kb
19,30440000,assembly_gap,weak,none,none,none,D1,D1,"BD2,BD3",IMR90_10kb
19,30500000,assembly_gap,weak,none,none,none,D1,D1,"BD2,BD3",IMR90_10kb
19,30600000,assembly_gap,weak,none,none,none,D1,D1,"BD2,BD3",IMR90_10kb
19,30650000,assembly_gap,moderate,strong,weak,moderate,D4,D4,"BD2,BD3",IMR90_10kb
19,30660000,assembly_gap,strong,strong,weak,moderate,D5,D4,"BD2,BD3",IMR90_10kb
19,30670000,assembly_gap,moderate,strong,moderate,moderate,D4,D4,"BD2,BD3",IMR90_10kb
19,30700000,assembly_gap,weak,weak,weak,moderate,D3,D3,"BD2,BD3",IMR90_10kb
19,30710000,assembly_gap,weak,weak,none,moderate,D3,D3,"BD2,BD3",IMR90_10kb
19,30760000,assembly_gap,weak,none,none,moderate,D3,D3,"BD2,BD3",IMR90_10kb
19,30840000,assembly_gap,weak,none,none,moderate,D3,D3,"BD2,BD3",IMR90_10kb
19,30890000,assembly_gap,weak,none,none,none,D1,D1,"BD2,BD3",IMR90_10kb
19,30960000,assembly_gap,weak,none,none,none,D1,D1,"BD2,BD3",IMR90_10kb
19,30970000,assembly_gap,weak,none,none,none,D1,D1,"BD2,BD3",IMR90_10kb
19,31020000,assembly_gap,weak,none,none,none,D1,D1,"BD2,BD3",IMR90_10kb
19,31030000,assembly_gap,weak,none,none,none,D1,D1,"BD2,BD3",IMR90_10kb
19,31050000,assembly_gap,moderate,weak,moderate,none,D4,D3,"BD2,BD3",IMR90_10kb
19,31060000,assembly_gap,moderate,weak,moderate,none,D4,D3,"BD2,BD3",IMR90_10kb
19,31110000,assembly_gap,weak,weak,moderate,moderate,D3,D3,"BD2,BD3",IMR90_10kb
19,31220000,assembly_gap,weak,none,weak,strong,D3,D3,"BD2,BD3",IMR90_10kb
19,31230000,assembly_gap,weak,none,weak,strong,D3,D3,"BD2,BD3",IMR90_10kb
19,31340000,assembly_gap,weak,weak,strong,moderate,D3,D3,"BD2,BD3",IMR90_10kb
19,31350000,assembly_gap,moderate,weak,strong,moderate,D4,D4,"BD2,BD3",IMR90_10kb
19,31360000,assembly_gap,moderate,weak,moderate,moderate,D4,D4,"BD2,BD3",IMR90_10kb
19,31370000,assembly_gap,weak,none,moderate,moderate,D3,D3,"BD2,BD3",IMR90_10kb
19,31470000,assembly_gap,weak,none,none,none,D1,D1,"BD2,BD3",IMR90_10kb
19,31550000,assembly_gap,weak,none,none,moderate,D3,D3,"BD2,BD3",IMR90_10kb
19,31560000,assembly_gap,weak,none,none,moderate,D3,D3,"BD2,BD3",IMR90_10kb
19,31570000,assembly_gap,weak,none,none,moderate,D3,D3,"BD2,BD3",IMR90_10kb
19,31580000,assembly_gap,weak,none,none,moderate,D3,D3,"BD2,BD3",IMR90_10kb
19,31630000,assembly_gap,weak,none,none,none,D1,D1,"BD2,BD3",IMR90_10kb
19,31690000,assembly_gap,weak,none,none,none,D1,D1,"BD2,BD3",IMR90_10kb
19,31790000,assembly_gap,weak,none,none,none,D1,D1,"BD2,BD3",IMR90_10kb
19,31800000,assembly_gap,weak,none,none,none,D1,D1,"BD2,BD3",IMR90_10kb
19,31860000,assembly_gap,weak,none,none,none,D1,D1,"BD2,BD3",IMR90_10kb
20,25700000,assembly_gap,moderate,none,none,none,D3,D3,"BD2,BD3",IMR90_10kb
20,25710000,assembly_gap,weak,none,none,none,D1,D1,"BD2,BD3",IMR90_10kb
20,25760000,assembly_gap,weak,none,none,none,D1,D1,"BD2,BD3",IMR90_10kb
20,25770000,assembly_gap,moderate,none,none,none,D3,D3,"BD2,BD3",IMR90_10kb
20,25780000,assembly_gap,weak,none,none,none,D1,D1,"BD2,BD3",IMR90_10kb
20,25850000,assembly_gap,weak,none,none,none,D1,D1,"BD2,BD3",IMR90_10kb
20,25860000,assembly_gap,weak,none,none,none,D1,D1,"BD2,BD3",IMR90_10kb
20,26000000,assembly_gap,weak,none,none,none,D1,D1,"BD2,BD3",IMR90_10kb
20,26010000,assembly_gap,weak,none,none,none,D1,D1,"BD2,BD3",IMR90_10kb
20,26090000,assembly_gap,weak,none,none,none,D1,D1,"BD2,BD3",IMR90_10kb
20,26110000,assembly_gap,weak,none,none,none,D1,D1,"BD2,BD3",IMR90_10kb
20,26220000,assembly_gap,weak,none,none,none,D1,D1,"BD2,BD3",IMR90_10kb
20,26230000,assembly_gap,weak,none,none,none,D1,D1,"BD2,BD3",IMR90_10kb
20,26240000,assembly_gap,weak,none,none,none,D1,D1,"BD2,BD3",IMR90_10kb
20,26270000,assembly_gap,weak,none,none,none,D1,D1,"BD2,BD3",IMR90_10kb
20,26280000,assembly_gap,weak,none,none,none,D1,D1,"BD2,BD3",IMR90_10kb
20,28550000,assembly_gap+encode_blacklist,weak,none,none,none,D1,D1,"BD2,BD3",IMR90_10kb
20,28570000,assembly_gap,weak,none,none,none,D1,D1,"BD2,BD3",IMR90_10kb
20,28640000,assembly_gap,weak,none,none,none,D1,D1,"BD2,BD3",IMR90_10kb
20,28730000,assembly_gap+encode_blacklist,weak,none,none,none,D1,D1,"BD2,BD3",IMR90_10kb
20,28780000,assembly_gap+encode_blacklist,weak,none,none,none,D1,D1,"BD2,BD3",IMR90_10kb
20,28820000,assembly_gap+encode_blacklist,weak,none,none,none,D1,D1,"BD2,BD3",IMR90_10kb
20,29020000,assembly_gap,weak,none,none,none,D1,D1,"BD2,BD3",IMR90_10kb
20,29040000,assembly_gap,weak,none,none,none,D1,D1,"BD2,BD3",IMR90_10kb
20,29130000,assembly_gap+encode_blacklist,weak,none,none,none,D1,D1,"BD2,BD3",IMR90_10kb
20,29230000,assembly_gap+encode_blacklist,weak,none,none,none,D1,D1,"BD2,BD3",IMR90_10kb
20,29290000,assembly_gap+encode_blacklist,weak,none,none,none,D1,D1,"BD2,BD3",IMR90_10kb
20,29400000,assembly_gap,weak,none,none,none,D1,D1,"BD2,BD3",IMR90_10kb
20,29500000,assembly_gap,weak,none,none,none,D1,D1,"BD2,BD3",IMR90_10kb
20,29580000,assembly_gap,weak,none,none,none,D1,D1,"BD2,BD3",IMR90_10kb
20,29590000,assembly_gap,weak,none,none,none,D1,D1,"BD2,BD3",IMR90_10kb
20,29660000,assembly_gap,weak,none,none,none,D1,D1,"BD2,BD3",IMR90_10kb
20,29690000,assembly_gap,weak,none,none,none,D1,D1,"BD2,BD3",IMR90_10kb
20,29740000,assembly_gap,weak,none,none,none,D1,D1,"BD2,BD3",IMR90_10kb
20,29750000,assembly_gap,weak,none,none,none,D1,D1,"BD2,BD3",IMR90_10kb
20,29840000,assembly_gap,weak,none,none,none,D1,D1,"BD2,BD3",IMR90_10kb
20,29880000,assembly_gap,weak,none,none,none,D1,D1,"BD2,BD3",IMR90_10kb
20,29890000,assembly_gap,weak,none,none,none,D1,D1,"BD2,BD3",IMR90_10kb
20,30170000,assembly_gap,weak,none,none,none,D1,D1,"BD2,BD3",IMR90_10kb
20,30180000,assembly_gap,weak,none,none,none,D1,D1,"BD2,BD3",IMR90_10kb
20,30220000,assembly_gap,weak,none,none,none,D1,D1,"BD2,BD3",IMR90_10kb
20,30240000,assembly_gap,weak,none,none,none,D1,D1,"BD2,BD3",IMR90_10kb
20,30280000,assembly_gap,weak,none,none,none,D1,D1,"BD2,BD3",IMR90_10kb
20,30430000,assembly_gap,weak,none,none,none,D1,D1,"BD2,BD3",IMR90_10kb
20,30810000,assembly_gap,weak,none,none,none,D1,D1,"BD2,BD3",IMR90_10kb
20,57360000,encode_blacklist,strong,moderate,weak,strong,D5,D5,"BD2,BD3",IMR90_10kb
20,64340000,assembly_gap,weak,none,none,none,D1,D1,"BD2,BD3",IMR90_10kb
21,5210000,assembly_gap,weak,none,none,none,D1,D1,"BD2,BD3",IMR90_10kb
21,5260000,assembly_gap,weak,none,none,none,D1,D1,"BD2,BD3",IMR90_10kb
21,8770000,assembly_gap,weak,none,none,none,D1,D1,"BD2,BD3",IMR90_10kb
21,8990000,assembly_gap,weak,none,none,none,D1,D1,"BD2,BD3",IMR90_10kb
21,9040000,assembly_gap,weak,none,none,none,D1,D1,"BD2,BD3",IMR90_10kb
21,9540000,assembly_gap,weak,none,none,none,D1,D1,"BD2,BD3",IMR90_10kb
21,9720000,assembly_gap,weak,none,none,none,D1,D1,"BD2,BD3",IMR90_10kb
21,9800000,assembly_gap,weak,none,none,none,D1,D1,"BD2,BD3",IMR90_10kb
21,9830000,assembly_gap,weak,none,none,none,D1,D1,"BD2,BD3",IMR90_10kb
21,9900000,assembly_gap,weak,none,none,none,D1,D1,"BD2,BD3",IMR90_10kb
21,9910000,assembly_gap,weak,none,none,none,D1,D1,"BD2,BD3",IMR90_10kb
21,9990000,assembly_gap,weak,none,none,none,D1,D1,"BD2,BD3",IMR90_10kb
21,10010000,assembly_gap,weak,none,none,none,D1,D1,"BD2,BD3",IMR90_10kb
21,10030000,assembly_gap,weak,none,none,none,D1,D1,"BD2,BD3",IMR90_10kb
21,10320000,assembly_gap,weak,none,none,none,D1,D1,"BD2,BD3",IMR90_10kb
21,10330000,assembly_gap,weak,none,none,none,D1,D1,"BD2,BD3",IMR90_10kb
21,10370000,assembly_gap,weak,none,none,none,D1,D1,"BD2,BD3",IMR90_10kb
21,10410000,assembly_gap,weak,none,none,none,D1,D1,"BD2,BD3",IMR90_10kb
21,10490000,assembly_gap,weak,none,none,none,D1,D1,"BD2,BD3",IMR90_10kb
21,10510000,assembly_gap,weak,none,none,none,D1,D1,"BD2,BD3",IMR90_10kb
21,10580000,assembly_gap,weak,none,none,none,D1,D1,"BD2,BD3",IMR90_10kb
21,10660000,assembly_gap+encode_blacklist,weak,none,none,none,D1,D1,"BD2,BD3",IMR90_10kb
21,10790000,assembly_gap+encode_blacklist,weak,none,none,none,D1,D1,"BD2,BD3",IMR90_10kb
21,10810000,assembly_gap+encode_blacklist,weak,none,none,none,D1,D1,"BD2,BD3",IMR90_10kb
21,43260000,assembly_gap,weak,none,none,none,D1,D1,"BD2,BD3",IMR90_10kb
21,46700000,assembly_gap,weak,none,none,none,D1,D1,"BD2,BD3",IMR90_10kb
22,10660000,assembly_gap,weak,none,none,none,D1,D1,"BD2,BD3",IMR90_10kb
22,10730000,assembly_gap,weak,none,none,none,D1,D1,"BD2,BD3",IMR90_10kb
22,10790000,assembly_gap,weak,none,none,none,D1,D1,"BD2,BD3",IMR90_10kb
22,10930000,assembly_gap,weak,none,none,none,D1,D1,"BD2,BD3",IMR90_10kb
22,10970000,assembly_gap,weak,none,none,none,D1,D1,"BD2,BD3",IMR90_10kb
22,11020000,assembly_gap,weak,none,none,none,D1,D1,"BD2,BD3",IMR90_10kb
22,11070000,assembly_gap,weak,none,none,none,D1,D1,"BD2,BD3",IMR90_10kb
22,11290000,assembly_gap,weak,none,none,none,D1,D1,"BD2,BD3",IMR90_10kb
22,11360000,assembly_gap,weak,none,none,none,D1,D1,"BD2,BD3",IMR90_10kb
22,11550000,assembly_gap,weak,none,none,none,D1,D1,"BD2,BD3",IMR90_10kb
22,11630000,assembly_gap,weak,none,none,none,D1,D1,"BD2,BD3",IMR90_10kb
22,12190000,assembly_gap,weak,none,none,none,D1,D1,"BD2,BD3",IMR90_10kb
22,12200000,assembly_gap,weak,none,none,none,D1,D1,"BD2,BD3",IMR90_10kb
22,12590000,assembly_gap,weak,none,none,none,D1,D1,"BD2,BD3",IMR90_10kb
22,12640000,assembly_gap,weak,none,none,none,D1,D1,"BD2,BD3",IMR90_10kb
22,12710000,assembly_gap,weak,none,none,none,D1,D1,"BD2,BD3",IMR90_10kb
22,16100000,assembly_gap,weak,none,none,none,D1,D1,"BD2,BD3",IMR90_10kb
22,16130000,assembly_gap,weak,none,none,none,D1,D1,"BD2,BD3",IMR90_10kb
22,16160000,assembly_gap,weak,none,none,none,D1,D1,"BD2,BD3",IMR90_10kb
22,16260000,assembly_gap,weak,none,none,none,D1,D1,"BD2,BD3",IMR90_10kb
22,16270000,assembly_gap,weak,none,none,none,D1,D1,"BD2,BD3",IMR90_10kb
22,16400000,assembly_gap,weak,none,none,none,D1,D1,"BD2,BD3",IMR90_10kb
22,16480000,assembly_gap,weak,none,none,none,D1,D1,"BD2,BD3",IMR90_10kb
22,16550000,assembly_gap,weak,none,none,none,D1,D1,"BD2,BD3",IMR90_10kb
22,16590000,assembly_gap,weak,none,none,none,D1,D1,"BD2,BD3",IMR90_10kb
22,16650000,assembly_gap,weak,none,none,none,D1,D1,"BD2,BD3",IMR90_10kb
22,16720000,assembly_gap,weak,none,none,none,D1,D1,"BD2,BD3",IMR90_10kb
22,16730000,assembly_gap,weak,none,none,none,D1,D1,"BD2,BD3",IMR90_10kb
22,16790000,assembly_gap,weak,none,none,none,D1,D1,"BD2,BD3",IMR90_10kb
22,16870000,assembly_gap,weak,none,none,moderate,D3,D3,"BD2,BD3",IMR90_10kb
22,16910000,assembly_gap,strong,none,none,moderate,D4,D4,"BD2,BD3",IMR90_10kb
22,16920000,assembly_gap,strong,none,none,moderate,D4,D4,"BD2,BD3",IMR90_10kb
22,17000000,assembly_gap,weak,none,none,none,D1,D1,"BD2,BD3",IMR90_10kb
22,17040000,assembly_gap,weak,none,none,strong,D3,D3,"BD2,BD3",IMR90_10kb
22,17050000,assembly_gap,strong,weak,none,strong,D5,D5,"BD2,BD3",IMR90_10kb
22,17060000,assembly_gap,strong,moderate,weak,strong,D5,D5,"BD2,BD3",IMR90_10kb
22,17070000,assembly_gap,moderate,moderate,weak,strong,D4,D4,"BD2,BD3",IMR90_10kb
22,17170000,assembly_gap,weak,strong,none,moderate,D3,D3,"BD2,BD3",IMR90_10kb
22,17180000,assembly_gap,weak,strong,none,moderate,D3,D3,"BD2,BD3",IMR90_10kb
22,17190000,assembly_gap,weak,strong,none,moderate,D3,D3,"BD2,BD3",IMR90_10kb
22,17200000,assembly_gap,weak,weak,none,moderate,D3,D3,"BD2,BD3",IMR90_10kb
22,17340000,assembly_gap,weak,none,none,none,D1,D1,"BD2,BD3",IMR90_10kb
22,50810000,assembly_gap,weak,none,none,none,D1,D1,"BD2,BD3",IMR90_10kb
X,1950000,assembly_gap,weak,none,none,none,D1,D1,"BD2,BD3",IMR90_10kb
X,2130000,assembly_gap,weak,none,none,none,D1,D1,"BD2,BD3",IMR90_10kb
X,37280000,assembly_gap,strong,none,none,none,D3,D3,"BD2,BD3",IMR90_10kb
X,49350000,assembly_gap,weak,none,none,none,D1,D1,"BD2,BD3",IMR90_10kb
X,50230000,assembly_gap,weak,none,none,none,D1,D1,"BD2,BD3",IMR90_10kb
X,50270000,assembly_gap,weak,none,none,none,D1,D1,"BD2,BD3",IMR90_10kb
X,55180000,encode_blacklist,weak,none,none,none,D1,D1,"BD2,BD3",IMR90_10kb
X,58070000,encode_blacklist,weak,none,none,none,D1,D1,"BD2,BD3",IMR90_10kb
X,58110000,assembly_gap+encode_blacklist,weak,none,none,none,D1,D1,"BD2,BD3",IMR90_10kb
X,58120000,assembly_gap+encode_blacklist,weak,none,none,none,D1,D1,"BD2,BD3",IMR90_10kb
X,58260000,assembly_gap+encode_blacklist,weak,none,none,none,D1,D1,"BD2,BD3",IMR90_10kb
X,58320000,assembly_gap+encode_blacklist,weak,none,none,none,D1,D1,"BD2,BD3",IMR90_10kb
X,58380000,assembly_gap+encode_blacklist,weak,none,none,none,D1,D1,"BD2,BD3",IMR90_10kb
X,62700000,assembly_gap+encode_blacklist,weak,none,none,none,D1,D1,"BD2,BD3",IMR90_10kb
X,62740000,assembly_gap+encode_blacklist,weak,none,none,none,D1,D1,"BD2,BD3",IMR90_10kb
X,62790000,assembly_gap+encode_blacklist,weak,none,none,none,D1,D1,"BD2,BD3",IMR90_10kb
X,62820000,assembly_gap+encode_blacklist,weak,none,none,none,D1,D1,"BD2,BD3",IMR90_10kb
X,62830000,assembly_gap,weak,none,none,none,D1,D1,"BD2,BD3",IMR90_10kb
X,63010000,assembly_gap,weak,none,none,none,D1,D1,"BD2,BD3",IMR90_10kb
X,63070000,assembly_gap,weak,none,none,none,D1,D1,"BD2,BD3",IMR90_10kb
X,63120000,assembly_gap,moderate,none,none,none,D3,D3,"BD2,BD3",IMR90_10kb
X,63130000,assembly_gap,moderate,none,none,none,D3,D3,"BD2,BD3",IMR90_10kb
X,63250000,assembly_gap,weak,none,none,none,D1,D1,"BD2,BD3",IMR90_10kb
X,63270000,assembly_gap,weak,weak,none,none,D2,D1,"BD2,BD3",IMR90_10kb
X,63340000,assembly_gap,weak,none,none,none,D1,D1,"BD2,BD3",IMR90_10kb
X,63400000,assembly_gap,weak,none,none,none,D1,D1,"BD2,BD3",IMR90_10kb
X,63410000,assembly_gap,weak,none,none,none,D1,D1,"BD2,BD3",IMR90_10kb
X,63490000,assembly_gap,weak,none,none,none,D1,D1,"BD2,BD3",IMR90_10kb
X,63560000,assembly_gap,weak,none,none,none,D1,D1,"BD2,BD3",IMR90_10kb
X,63630000,assembly_gap,weak,none,none,none,D1,D1,"BD2,BD3",IMR90_10kb
X,63690000,assembly_gap,weak,none,none,none,D1,D1,"BD2,BD3",IMR90_10kb
X,63770000,assembly_gap,weak,none,none,none,D1,D1,"BD2,BD3",IMR90_10kb
X,63780000,assembly_gap,strong,none,none,none,D3,D3,"BD2,BD3",IMR90_10kb
X,63790000,assembly_gap,moderate,none,none,none,D3,D3,"BD2,BD3",IMR90_10kb
X,114330000,assembly_gap,weak,none,none,none,D1,D1,"BD2,BD3",IMR90_10kb
X,116560000,assembly_gap,weak,none,none,none,D1,D1,"BD2,BD3",IMR90_10kb
X,116590000,assembly_gap,moderate,none,none,none,D3,D3,"BD2,BD3",IMR90_10kb
X,120880000,assembly_gap,weak,none,none,none,D1,D1,"BD2,BD3",IMR90_10kb
X,144470000,assembly_gap,weak,none,none,none,D1,D1,"BD2,BD3",IMR90_10kb
1,16800000,assembly_gap,weak,none,none,none,D1,D1,"BD2,BD3",HepG2_25kb
1,223575000,assembly_gap,weak,none,none,none,D1,D1,"BD2,BD3",HepG2_25kb
1,223600000,assembly_gap,weak,none,none,none,D1,D1,"BD2,BD3",HepG2_25kb
1,248950000,assembly_gap,strong,none,none,none,D3,D3,"BD2,BD3",HepG2_25kb
2,0,assembly_gap,moderate,strong,weak,none,D4,D3,"BD2,BD3",HepG2_25kb
2,89750000,assembly_gap,weak,none,none,none,D1,D1,"BD2,BD3",HepG2_25kb
2,94175000,assembly_gap+encode_blacklist,weak,none,none,none,D1,D1,"BD2,BD3",HepG2_25kb
2,94275000,assembly_gap+encode_blacklist,weak,none,none,none,D1,D1,"BD2,BD3",HepG2_25kb
2,94575000,assembly_gap,weak,none,none,none,D1,D1,"BD2,BD3",HepG2_25kb
2,94675000,assembly_gap,weak,none,none,none,D1,D1,"BD2,BD3",HepG2_25kb
2,94825000,assembly_gap,weak,none,none,none,D1,D1,"BD2,BD3",HepG2_25kb
2,94850000,assembly_gap,weak,weak,none,none,D2,D1,"BD2,BD3",HepG2_25kb
2,94975000,assembly_gap,weak,moderate,weak,strong,D3,D3,"BD2,BD3",HepG2_25kb
2,95000000,assembly_gap,weak,moderate,weak,strong,D3,D3,"BD2,BD3",HepG2_25kb
2,95125000,assembly_gap,weak,weak,none,strong,D3,D3,"BD2,BD3",HepG2_25kb
2,95175000,assembly_gap,moderate,none,none,moderate,D4,D4,"BD2,BD3",HepG2_25kb
2,95200000,assembly_gap,moderate,none,none,strong,D4,D4,"BD2,BD3",HepG2_25kb
2,95325000,assembly_gap,weak,strong,moderate,strong,D3,D3,"BD2,BD3",HepG2_25kb
2,95400000,assembly_gap,weak,strong,moderate,strong,D3,D3,"BD2,BD3",HepG2_25kb
2,95425000,assembly_gap,weak,none,none,strong,D3,D3,"BD2,BD3",HepG2_25kb
2,95475000,assembly_gap,weak,none,none,strong,D3,D3,"BD2,BD3",HepG2_25kb
2,95575000,assembly_gap,weak,none,none,none,D1,D1,"BD2,BD3",HepG2_25kb
2,95650000,assembly_gap,weak,none,none,strong,D3,D3,"BD2,BD3",HepG2_25kb
2,95750000,assembly_gap,moderate,none,none,strong,D4,D4,"BD2,BD3",HepG2_25kb
2,95775000,assembly_gap,strong,none,none,strong,D5,D5,"BD2,BD3",HepG2_25kb
2,95800000,assembly_gap,moderate,none,none,strong,D4,D4,"BD2,BD3",HepG2_25kb
2,95875000,assembly_gap,weak,none,none,strong,D3,D3,"BD2,BD3",HepG2_25kb
2,95975000,assembly_gap,weak,weak,none,strong,D3,D3,"BD2,BD3",HepG2_25kb
2,117025000,encode_blacklist,weak,none,none,none,D1,D1,"BD2,BD3",HepG2_25kb
3,0,assembly_gap,moderate,none,none,none,D3,D3,"BD2,BD3",HepG2_25kb
3,88000000,assembly_gap,weak,none,none,moderate,D3,D3,"BD2,BD3",HepG2_25kb
3,88025000,assembly_gap,weak,none,none,moderate,D3,D3,"BD2,BD3",HepG2_25kb
3,88100000,assembly_gap,weak,none,none,strong,D3,D3,"BD2,BD3",HepG2_25kb
3,88175000,assembly_gap,strong,none,none,strong,D5,D5,"BD2,BD3",HepG2_25kb
3,88200000,assembly_gap,strong,moderate,weak,strong,D5,D5,"BD2,BD3",HepG2_25kb
3,88225000,assembly_gap,moderate,moderate,weak,strong,D4,D4,"BD2,BD3",HepG2_25kb
3,88450000,assembly_gap,weak,none,none,none,D1,D1,"BD2,BD3",HepG2_25kb
3,88650000,assembly_gap,weak,none,none,none,D1,D1,"BD2,BD3",HepG2_25kb
3,88700000,assembly_gap,weak,none,none,none,D1,D1,"BD2,BD3",HepG2_25kb
3,88875000,assembly_gap,weak,none,none,none,D1,D1,"BD2,BD3",HepG2_25kb
3,89075000,assembly_gap,moderate,none,none,moderate,D4,D4,"BD2,BD3",HepG2_25kb
3,89100000,assembly_gap,moderate,moderate,none,moderate,D4,D4,"BD2,BD3",HepG2_25kb
3,89150000,assembly_gap,weak,none,none,moderate,D3,D3,"BD2,BD3",HepG2_25kb
3,89175000,assembly_gap,weak,none,none,none,D1,D1,"BD2,BD3",HepG2_25kb
3,89300000,assembly_gap,weak,none,none,none,D1,D1,"BD2,BD3",HepG2_25kb
3,89450000,assembly_gap,weak,none,none,none,D1,D1,"BD2,BD3",HepG2_25kb
3,89500000,assembly_gap,weak,none,none,none,D1,D1,"BD2,BD3",HepG2_25kb
3,89850000,assembly_gap,weak,none,none,strong,D3,D3,"BD2,BD3",HepG2_25kb
3,89875000,assembly_gap,moderate,none,none,strong,D4,D4,"BD2,BD3",HepG2_25kb
3,89900000,assembly_gap,weak,none,none,none,D1,D1,"BD2,BD3",HepG2_25kb
3,90050000,assembly_gap,weak,none,none,moderate,D3,D3,"BD2,BD3",HepG2_25kb
3,90175000,assembly_gap,weak,none,none,strong,D3,D3,"BD2,BD3",HepG2_25kb
3,90200000,assembly_gap,weak,none,none,strong,D3,D3,"BD2,BD3",HepG2_25kb
3,90250000,assembly_gap,moderate,none,none,strong,D4,D4,"BD2,BD3",HepG2_25kb
3,90275000,assembly_gap+encode_blacklist,moderate,none,none,moderate,D4,D4,"BD2,BD3",HepG2_25kb
3,93800000,assembly_gap+encode_blacklist,moderate,none,none,moderate,D4,D4,"BD2,BD3",HepG2_25kb
3,93825000,assembly_gap,moderate,none,none,moderate,D4,D4,"BD2,BD3",HepG2_25kb
3,94100000,assembly_gap,weak,none,none,moderate,D3,D3,"BD2,BD3",HepG2_25kb
3,94125000,assembly_gap,moderate,none,none,none,D3,D3,"BD2,BD3",HepG2_25kb
3,94150000,assembly_gap,moderate,none,none,none,D3,D3,"BD2,BD3",HepG2_25kb
3,94175000,assembly_gap,weak,none,none,none,D1,D1,"BD2,BD3",HepG2_25kb
3,94225000,assembly_gap,weak,weak,none,moderate,D3,D3,"BD2,BD3",HepG2_25kb
3,94475000,assembly_gap,weak,none,none,moderate,D3,D3,"BD2,BD3",HepG2_25kb
3,94750000,assembly_gap,weak,none,none,strong,D3,D3,"BD2,BD3",HepG2_25kb
3,94850000,assembly_gap,moderate,none,none,moderate,D4,D4,"BD2,BD3",HepG2_25kb
3,94875000,assembly_gap,moderate,none,none,moderate,D4,D4,"BD2,BD3",HepG2_25kb
3,95000000,assembly_gap,weak,none,none,none,D1,D1,"BD2,BD3",HepG2_25kb
3,95175000,assembly_gap,weak,none,none,none,D1,D1,"BD2,BD3",HepG2_25kb
3,95350000,assembly_gap,weak,none,none,none,D1,D1,"BD2,BD3",HepG2_25kb
3,95525000,assembly_gap,weak,none,none,none,D1,D1,"BD2,BD3",HepG2_25kb
3,95550000,assembly_gap,weak,none,none,none,D1,D1,"BD2,BD3",HepG2_25kb
3,95775000,assembly_gap,weak,none,none,none,D1,D1,"BD2,BD3",HepG2_25kb
3,95900000,assembly_gap,weak,none,none,none,D1,D1,"BD2,BD3",HepG2_25kb
3,96000000,assembly_gap,weak,none,none,none,D1,D1,"BD2,BD3",HepG2_25kb
3,96150000,assembly_gap,weak,none,none,none,D1,D1,"BD2,BD3",HepG2_25kb
3,96250000,assembly_gap,weak,none,none,none,D1,D1,"BD2,BD3",HepG2_25kb
3,96275000,assembly_gap,weak,none,none,none,D1,D1,"BD2,BD3",HepG2_25kb
3,96300000,assembly_gap,weak,none,none,none,D1,D1,"BD2,BD3",HepG2_25kb
3,96325000,assembly_gap,weak,none,none,none,D1,D1,"BD2,BD3",HepG2_25kb
3,96475000,assembly_gap,weak,none,none,none,D1,D1,"BD2,BD3",HepG2_25kb
3,96800000,assembly_gap,strong,weak,none,moderate,D4,D4,"BD2,BD3",HepG2_25kb
3,96825000,assembly_gap,strong,weak,none,strong,D5,D5,"BD2,BD3",HepG2_25kb
3,96850000,assembly_gap,strong,weak,none,moderate,D4,D4,"BD2,BD3",HepG2_25kb
3,97175000,assembly_gap,weak,none,none,strong,D3,D3,"BD2,BD3",HepG2_25kb
3,97200000,assembly_gap,weak,none,none,strong,D3,D3,"BD2,BD3",HepG2_25kb
3,97275000,assembly_gap,weak,none,none,moderate,D3,D3,"BD2,BD3",HepG2_25kb
3,97650000,assembly_gap,weak,none,none,moderate,D3,D3,"BD2,BD3",HepG2_25kb
3,97700000,assembly_gap,weak,weak,none,moderate,D3,D3,"BD2,BD3",HepG2_25kb
3,97725000,assembly_gap,strong,weak,none,none,D4,D3,"BD2,BD3",HepG2_25kb
3,97750000,assembly_gap,strong,none,none,strong,D5,D5,"BD2,BD3",HepG2_25kb
3,97775000,assembly_gap,moderate,weak,none,strong,D4,D4,"BD2,BD3",HepG2_25kb
3,98025000,assembly_gap,weak,strong,strong,strong,D3,D3,"BD2,BD3",HepG2_25kb
3,98050000,assembly_gap,moderate,moderate,weak,strong,D4,D4,"BD2,BD3",HepG2_25kb
3,98075000,assembly_gap,weak,none,none,strong,D3,D3,"BD2,BD3",HepG2_25kb
3,98100000,assembly_gap,weak,none,none,none,D1,D1,"BD2,BD3",HepG2_25kb
3,98175000,assembly_gap,weak,none,none,none,D1,D1,"BD2,BD3",HepG2_25kb
3,98350000,assembly_gap,weak,weak,weak,strong,D3,D3,"BD2,BD3",HepG2_25kb
3,98400000,assembly_gap,weak,none,none,none,D1,D1,"BD2,BD3",HepG2_25kb
3,98475000,assembly_gap,weak,none,none,none,D1,D1,"BD2,BD3",HepG2_25kb
3,98525000,assembly_gap,weak,none,none,moderate,D3,D3,"BD2,BD3",HepG2_25kb
3,98575000,assembly_gap,strong,weak,weak,strong,D5,D5,"BD2,BD3",HepG2_25kb
4,48250000,assembly_gap,weak,none,none,moderate,D3,D3,"BD2,BD3",HepG2_25kb
4,48275000,assembly_gap,moderate,moderate,none,strong,D4,D4,"BD2,BD3",HepG2_25kb
4,48300000,assembly_gap,moderate,moderate,none,strong,D4,D4,"BD2,BD3",HepG2_25kb
4,48325000,assembly_gap,weak,weak,none,strong,D3,D3,"BD2,BD3",HepG2_25kb
4,48550000,assembly_gap,moderate,moderate,none,strong,D4,D4,"BD2,BD3",HepG2_25kb
4,48575000,assembly_gap,moderate,weak,none,strong,D4,D4,"BD2,BD3",HepG2_25kb
4,48800000,assembly_gap,weak,none,weak,moderate,D3,D3,"BD2,BD3",HepG2_25kb
4,48950000,assembly_gap,weak,strong,moderate,moderate,D3,D3,"BD2,BD3",HepG2_25kb
4,49050000,assembly_gap,moderate,none,none,none,D3,D3,"BD2,BD3",HepG2_25kb
4,49075000,assembly_gap,moderate,none,none,none,D3,D3,"BD2,BD3",HepG2_25kb
4,49225000,assembly_gap,weak,none,none,strong,D3,D3,"BD2,BD3",HepG2_25kb
4,116300000,encode_blacklist,weak,none,none,none,D1,D1,"BD2,BD3",HepG2_25kb
4,190125000,assembly_gap,weak,none,none,none,D1,D1,"BD2,BD3",HepG2_25kb
5,0,assembly_gap,moderate,none,none,none,D3,D3,"BD2,BD3",HepG2_25kb
5,50300000,assembly_gap,weak,none,none,none,D1,D1,"BD2,BD3",HepG2_25kb
5,50600000,assembly_gap,weak,none,none,none,D1,D1,"BD2,BD3",HepG2_25kb
5,50750000,assembly_gap,weak,weak,none,none,D2,D1,"BD2,BD3",HepG2_25kb
5,50900000,assembly_gap,weak,none,none,none,D1,D1,"BD2,BD3",HepG2_25kb
5,50925000,assembly_gap,strong,none,none,strong,D5,D5,"BD2,BD3",HepG2_25kb
5,50950000,assembly_gap,moderate,moderate,weak,strong,D4,D4,"BD2,BD3",HepG2_25kb
5,51350000,assembly_gap,moderate,none,none,strong,D4,D4,"BD2,BD3",HepG2_25kb
5,51375000,assembly_gap,strong,none,none,strong,D5,D5,"BD2,BD3",HepG2_25kb
5,80650000,encode_blacklist,weak,weak,moderate,moderate,D3,D3,"BD2,BD3",HepG2_25kb
5,134925000,encode_blacklist,strong,moderate,weak,moderate,D4,D4,"BD2,BD3",HepG2_25kb
6,60575000,assembly_gap,weak,none,none,strong,D3,D3,"BD2,BD3",HepG2_25kb
6,60725000,assembly_gap,weak,none,none,none,D1,D1,"BD2,BD3",HepG2_25kb
6,60775000,assembly_gap,weak,none,none,strong,D3,D3,"BD2,BD3",HepG2_25kb
6,60950000,assembly_gap,weak,none,none,strong,D3,D3,"BD2,BD3",HepG2_25kb
6,61050000,assembly_gap,weak,none,none,strong,D3,D3,"BD2,BD3",HepG2_25kb
6,61175000,assembly_gap,weak,none,none,strong,D3,D3,"BD2,BD3",HepG2_25kb
6,61275000,assembly_gap,moderate,none,none,moderate,D4,D4,"BD2,BD3",HepG2_25kb
6,61525000,assembly_gap,moderate,none,none,none,D3,D3,"BD2,BD3",HepG2_25kb
6,61725000,assembly_gap,weak,none,none,none,D1,D1,"BD2,BD3",HepG2_25kb
6,61750000,assembly_gap,weak,none,none,none,D1,D1,"BD2,BD3",HepG2_25kb
6,61775000,assembly_gap,moderate,none,none,moderate,D4,D4,"BD2,BD3",HepG2_25kb
6,61800000,assembly_gap,weak,weak,none,moderate,D3,D3,"BD2,BD3",HepG2_25kb
6,62200000,assembly_gap,weak,none,none,moderate,D3,D3,"BD2,BD3",HepG2_25kb
6,62250000,assembly_gap,weak,none,none,none,D1,D1,"BD2,BD3",HepG2_25kb
6,62325000,assembly_gap,weak,none,none,none,D1,D1,"BD2,BD3",HepG2_25kb
6,62375000,assembly_gap,weak,none,none,none,D1,D1,"BD2,BD3",HepG2_25kb
6,95025000,assembly_gap,weak,none,none,none,D1,D1,"BD2,BD3",HepG2_25kb
6,95050000,assembly_gap,weak,none,none,none,D1,D1,"BD2,BD3",HepG2_25kb
6,167600000,assembly_gap,weak,none,none,none,D1,D1,"BD2,BD3",HepG2_25kb
6,167625000,assembly_gap,weak,none,none,none,D1,D1,"BD2,BD3",HepG2_25kb
7,58100000,assembly_gap,weak,none,none,none,D1,D1,"BD2,BD3",HepG2_25kb
8,43250000,assembly_gap,weak,none,none,strong,D3,D3,"BD2,BD3",HepG2_25kb
8,43275000,assembly_gap,weak,weak,weak,strong,D3,D3,"BD2,BD3",HepG2_25kb
8,43575000,assembly_gap,weak,none,none,none,D1,D1,"BD2,BD3",HepG2_25kb
8,43825000,assembly_gap,weak,none,none,none,D1,D1,"BD2,BD3",HepG2_25kb
8,43900000,assembly_gap,weak,none,none,none,D1,D1,"BD2,BD3",HepG2_25kb
8,46000000,assembly_gap,weak,none,none,moderate,D3,D3,"BD2,BD3",HepG2_25kb
8,46175000,assembly_gap,weak,none,none,strong,D3,D3,"BD2,BD3",HepG2_25kb
8,46275000,assembly_gap,weak,none,none,moderate,D3,D3,"BD2,BD3",HepG2_25kb
8,46300000,assembly_gap,weak,none,none,moderate,D3,D3,"BD2,BD3",HepG2_25kb
8,46325000,assembly_gap,weak,none,none,none,D1,D1,"BD2,BD3",HepG2_25kb
8,46450000,assembly_gap,weak,none,none,moderate,D3,D3,"BD2,BD3",HepG2_25kb
8,46475000,assembly_gap,weak,none,none,moderate,D3,D3,"BD2,BD3",HepG2_25kb
8,46600000,assembly_gap,weak,none,none,none,D1,D1,"BD2,BD3",HepG2_25kb
8,46650000,assembly_gap,weak,none,none,moderate,D3,D3,"BD2,BD3",HepG2_25kb
8,46700000,assembly_gap,weak,none,none,moderate,D3,D3,"BD2,BD3",HepG2_25kb
8,46900000,assembly_gap,weak,none,weak,none,D2,D1,"BD2,BD3",HepG2_25kb
8,46950000,assembly_gap,weak,weak,none,none,D2,D1,"BD2,BD3",HepG2_25kb
8,46975000,assembly_gap,weak,moderate,none,moderate,D3,D3,"BD2,BD3",HepG2_25kb
8,47175000,assembly_gap,moderate,weak,none,moderate,D4,D4,"BD2,BD3",HepG2_25kb
8,85675000,assembly_gap,moderate,none,none,none,D3,D3,"BD2,BD3",HepG2_25kb
8,145125000,assembly_gap,weak,none,none,none,D1,D1,"BD2,BD3",HepG2_25kb
9,42750000,assembly_gap,weak,none,none,strong,D3,D3,"BD2,BD3",HepG2_25kb
10,38000000,assembly_gap,weak,weak,none,strong,D3,D3,"BD2,BD3",HepG2_25kb
10,38125000,assembly_gap,weak,none,none,strong,D3,D3,"BD2,BD3",HepG2_25kb
10,38150000,assembly_gap,weak,none,none,strong,D3,D3,"BD2,BD3",HepG2_25kb
10,38375000,assembly_gap,moderate,none,none,strong,D4,D4,"BD2,BD3",HepG2_25kb
10,38400000,assembly_gap,strong,none,none,strong,D5,D5,"BD2,BD3",HepG2_25kb
10,38425000,assembly_gap,weak,none,none,none,D1,D1,"BD2,BD3",HepG2_25kb
10,55600000,encode_blacklist,weak,none,none,none,D1,D1,"BD2,BD3",HepG2_25kb
11,54600000,assembly_gap,weak,none,none,strong,D3,D3,"BD2,BD3",HepG2_25kb
11,54750000,assembly_gap,weak,none,none,strong,D3,D3,"BD2,BD3",HepG2_25kb
11,55300000,assembly_gap,moderate,none,none,strong,D4,D4,"BD2,BD3",HepG2_25kb
11,55475000,assembly_gap,weak,none,none,none,D1,D1,"BD2,BD3",HepG2_25kb
11,55575000,assembly_gap,weak,none,none,none,D1,D1,"BD2,BD3",HepG2_25kb
11,55600000,assembly_gap,weak,none,none,none,D1,D1,"BD2,BD3",HepG2_25kb
11,55675000,assembly_gap,weak,none,none,none,D1,D1,"BD2,BD3",HepG2_25kb
11,55700000,assembly_gap,weak,none,none,none,D1,D1,"BD2,BD3",HepG2_25kb
11,71050000,assembly_gap,weak,none,none,none,D1,D1,"BD2,BD3",HepG2_25kb
11,88000000,assembly_gap,weak,none,none,strong,D3,D3,"BD2,BD3",HepG2_25kb
12,0,assembly_gap,strong,none,none,none,D3,D3,"BD2,BD3",HepG2_25kb
12,33325000,assembly_gap,weak,none,none,moderate,D3,D3,"BD2,BD3",HepG2_25kb
12,33450000,assembly_gap,weak,none,none,none,D1,D1,"BD2,BD3",HepG2_25kb
12,33475000,assembly_gap,weak,none,none,none,D1,D1,"BD2,BD3",HepG2_25kb
12,33650000,assembly_gap,weak,none,none,none,D1,D1,"BD2,BD3",HepG2_25kb
12,33675000,assembly_gap,weak,none,none,none,D1,D1,"BD2,BD3",HepG2_25kb
12,34000000,assembly_gap,moderate,none,none,strong,D4,D4,"BD2,BD3",HepG2_25kb
12,34025000,assembly_gap,strong,weak,weak,strong,D5,D5,"BD2,BD3",HepG2_25kb
12,34050000,assembly_gap,moderate,none,none,strong,D4,D4,"BD2,BD3",HepG2_25kb
12,34250000,assembly_gap,weak,none,none,strong,D3,D3,"BD2,BD3",HepG2_25kb
12,34375000,assembly_gap,strong,none,none,strong,D5,D5,"BD2,BD3",HepG2_25kb
12,34400000,assembly_gap,strong,none,none,moderate,D4,D4,"BD2,BD3",HepG2_25kb
12,37500000,assembly_gap,weak,none,none,none,D1,D1,"BD2,BD3",HepG2_25kb
12,37600000,assembly_gap,weak,none,none,strong,D3,D3,"BD2,BD3",HepG2_25kb
12,133275000,assembly_gap,strong,none,none,none,D3,D3,"BD2,BD3",HepG2_25kb
13,18175000,assembly_gap,weak,none,none,none,D1,D1,"BD2,BD3",HepG2_25kb
13,18225000,assembly_gap,weak,none,none,none,D1,D1,"BD2,BD3",HepG2_25kb
13,18325000,assembly_gap,weak,none,none,none,D1,D1,"BD2,BD3",HepG2_25kb
13,18400000,assembly_gap,weak,none,none,none,D1,D1,"BD2,BD3",HepG2_25kb
13,18850000,assembly_gap,weak,none,none,none,D1,D1,"BD2,BD3",HepG2_25kb
13,113675000,assembly_gap,moderate,none,none,none,D3,D3,"BD2,BD3",HepG2_25kb
15,20175000,assembly_gap,weak,none,none,none,D1,D1,"BD2,BD3",HepG2_25kb
15,20200000,assembly_gap,weak,none,none,none,D1,D1,"BD2,BD3",HepG2_25kb
15,20300000,assembly_gap,weak,none,none,none,D1,D1,"BD2,BD3",HepG2_25kb
15,20325000,assembly_gap,weak,none,none,moderate,D3,D3,"BD2,BD3",HepG2_25kb
15,20425000,assembly_gap,weak,none,none,none,D1,D1,"BD2,BD3",HepG2_25kb
16,34550000,assembly_gap,weak,none,none,none,D1,D1,"BD2,BD3",HepG2_25kb
16,35425000,assembly_gap,weak,none,none,none,D1,D1,"BD2,BD3",HepG2_25kb
16,35450000,assembly_gap,weak,none,none,none,D1,D1,"BD2,BD3",HepG2_25kb
16,35600000,assembly_gap,weak,none,none,moderate,D3,D3,"BD2,BD3",HepG2_25kb
16,35650000,assembly_gap,weak,none,none,none,D1,D1,"BD2,BD3",HepG2_25kb
16,36250000,assembly_gap+encode_blacklist,weak,none,none,none,D1,D1,"BD2,BD3",HepG2_25kb
16,46375000,assembly_gap,weak,none,none,none,D1,D1,"BD2,BD3",HepG2_25kb
16,46450000,assembly_gap,weak,none,none,none,D1,D1,"BD2,BD3",HepG2_25kb
16,46500000,assembly_gap,weak,none,none,none,D1,D1,"BD2,BD3",HepG2_25kb
16,46600000,assembly_gap,weak,none,none,strong,D3,D3,"BD2,BD3",HepG2_25kb
16,46625000,assembly_gap,moderate,weak,none,strong,D4,D4,"BD2,BD3",HepG2_25kb
16,46650000,assembly_gap,weak,weak,none,strong,D3,D3,"BD2,BD3",HepG2_25kb
16,46800000,assembly_gap,weak,none,none,moderate,D3,D3,"BD2,BD3",HepG2_25kb
16,46825000,assembly_gap,weak,none,weak,strong,D3,D3,"BD2,BD3",HepG2_25kb
16,46925000,assembly_gap,weak,moderate,strong,strong,D3,D3,"BD2,BD3",HepG2_25kb
16,46975000,assembly_gap,weak,none,none,strong,D3,D3,"BD2,BD3",HepG2_25kb
17,450000,assembly_gap,weak,none,none,none,D1,D1,"BD2,BD3",HepG2_25kb
17,475000,assembly_gap,weak,none,none,none,D1,D1,"BD2,BD3",HepG2_25kb
17,26975000,assembly_gap,weak,none,none,strong,D3,D3,"BD2,BD3",HepG2_25kb
17,27050000,assembly_gap,weak,none,none,moderate,D3,D3,"BD2,BD3",HepG2_25kb
17,27150000,assembly_gap,weak,none,none,none,D1,D1,"BD2,BD3",HepG2_25kb
17,27175000,assembly_gap,moderate,none,none,none,D3,D3,"BD2,BD3",HepG2_25kb
17,27200000,assembly_gap,strong,none,none,strong,D5,D5,"BD2,BD3",HepG2_25kb
17,27225000,assembly_gap,moderate,moderate,weak,strong,D4,D4,"BD2,BD3",HepG2_25kb
17,27350000,assembly_gap,weak,weak,moderate,strong,D3,D3,"BD2,BD3",HepG2_25kb
17,27375000,assembly_gap,weak,strong,moderate,strong,D3,D3,"BD2,BD3",HepG2_25kb
17,81750000,assembly_gap,moderate,none,none,none,D3,D3,"BD2,BD3",HepG2_25kb
17,81775000,assembly_gap,weak,none,none,none,D1,D1,"BD2,BD3",HepG2_25kb
17,83250000,assembly_gap,weak,none,none,none,D1,D1,"BD2,BD3",HepG2_25kb
18,20925000,assembly_gap,strong,none,none,strong,D5,D5,"BD2,BD3",HepG2_25kb
18,20950000,assembly_gap,strong,none,none,strong,D5,D5,"BD2,BD3",HepG2_25kb
18,21200000,assembly_gap,weak,moderate,moderate,strong,D3,D3,"BD2,BD3",HepG2_25kb
18,21225000,assembly_gap,weak,none,none,strong,D3,D3,"BD2,BD3",HepG2_25kb
18,21450000,assembly_gap,moderate,none,none,moderate,D4,D4,"BD2,BD3",HepG2_25kb
18,21475000,assembly_gap,strong,weak,weak,moderate,D4,D4,"BD2,BD3",HepG2_25kb
18,46975000,assembly_gap,weak,none,none,none,D1,D1,"BD2,BD3",HepG2_25kb
18,80275000,assembly_gap,strong,strong,strong,none,D5,D3,"BD2,BD3",HepG2_25kb
18,80350000,assembly_gap,weak,none,none,none,D1,D1,"BD2,BD3",HepG2_25kb
19,19975000,assembly_gap,weak,none,none,strong,D3,D3,"BD2,BD3",HepG2_25kb
19,20000000,assembly_gap,weak,none,none,strong,D3,D3,"BD2,BD3",HepG2_25kb
19,20125000,assembly_gap,weak,none,none,none,D1,D1,"BD2,BD3",HepG2_25kb
19,20150000,assembly_gap,weak,none,none,moderate,D3,D3,"BD2,BD3",HepG2_25kb
19,20300000,assembly_gap,weak,none,none,none,D1,D1,"BD2,BD3",HepG2_25kb
19,20325000,assembly_gap,weak,none,none,moderate,D3,D3,"BD2,BD3",HepG2_25kb
19,20450000,assembly_gap,weak,none,none,none,D1,D1,"BD2,BD3",HepG2_25kb
19,20550000,assembly_gap,weak,none,none,strong,D3,D3,"BD2,BD3",HepG2_25kb
19,20725000,assembly_gap,weak,none,none,strong,D3,D3,"BD2,BD3",HepG2_25kb
19,20875000,assembly_gap,weak,none,none,none,D1,D1,"BD2,BD3",HepG2_25kb
19,20900000,assembly_gap,weak,none,none,none,D1,D1,"BD2,BD3",HepG2_25kb
19,20950000,assembly_gap,weak,none,none,none,D1,D1,"BD2,BD3",HepG2_25kb
19,21000000,assembly_gap,weak,none,none,none,D1,D1,"BD2,BD3",HepG2_25kb
19,21025000,assembly_gap,weak,none,none,moderate,D3,D3,"BD2,BD3",HepG2_25kb
19,21200000,assembly_gap,weak,none,none,moderate,D3,D3,"BD2,BD3",HepG2_25kb
19,21225000,assembly_gap,weak,none,none,moderate,D3,D3,"BD2,BD3",HepG2_25kb
19,21300000,assembly_gap,weak,none,none,strong,D3,D3,"BD2,BD3",HepG2_25kb
19,21400000,assembly_gap,weak,none,none,none,D1,D1,"BD2,BD3",HepG2_25kb
19,21450000,assembly_gap,weak,none,none,moderate,D3,D3,"BD2,BD3",HepG2_25kb
19,21550000,assembly_gap,weak,none,none,none,D1,D1,"BD2,BD3",HepG2_25kb
19,21775000,assembly_gap,weak,none,none,none,D1,D1,"BD2,BD3",HepG2_25kb
19,21900000,assembly_gap,weak,none,none,strong,D3,D3,"BD2,BD3",HepG2_25kb
19,21950000,assembly_gap,weak,none,none,moderate,D3,D3,"BD2,BD3",HepG2_25kb
19,22000000,assembly_gap,weak,none,none,moderate,D3,D3,"BD2,BD3",HepG2_25kb
19,22025000,assembly_gap,weak,none,none,moderate,D3,D3,"BD2,BD3",HepG2_25kb
19,22150000,assembly_gap,weak,none,none,strong,D3,D3,"BD2,BD3",HepG2_25kb
19,22175000,assembly_gap,weak,none,none,moderate,D3,D3,"BD2,BD3",HepG2_25kb
19,22375000,assembly_gap,weak,none,none,none,D1,D1,"BD2,BD3",HepG2_25kb
19,22400000,assembly_gap,weak,none,none,none,D1,D1,"BD2,BD3",HepG2_25kb
19,22450000,assembly_gap,weak,none,none,none,D1,D1,"BD2,BD3",HepG2_25kb
19,22650000,assembly_gap,weak,none,none,none,D1,D1,"BD2,BD3",HepG2_25kb
19,22725000,assembly_gap,weak,none,none,none,D1,D1,"BD2,BD3",HepG2_25kb
19,22750000,assembly_gap,weak,none,none,none,D1,D1,"BD2,BD3",HepG2_25kb
19,22925000,assembly_gap,weak,none,none,strong,D3,D3,"BD2,BD3",HepG2_25kb
19,22975000,assembly_gap,weak,none,none,strong,D3,D3,"BD2,BD3",HepG2_25kb
19,23075000,assembly_gap,weak,none,none,none,D1,D1,"BD2,BD3",HepG2_25kb
19,23225000,assembly_gap,weak,none,none,strong,D3,D3,"BD2,BD3",HepG2_25kb
19,23250000,assembly_gap,weak,none,none,strong,D3,D3,"BD2,BD3",HepG2_25kb
19,23425000,assembly_gap,moderate,moderate,none,moderate,D4,D4,"BD2,BD3",HepG2_25kb
19,23450000,assembly_gap,moderate,weak,none,none,D3,D3,"BD2,BD3",HepG2_25kb
19,23600000,assembly_gap,weak,none,none,none,D1,D1,"BD2,BD3",HepG2_25kb
19,23625000,assembly_gap,weak,none,none,none,D1,D1,"BD2,BD3",HepG2_25kb
19,23700000,assembly_gap,weak,none,none,none,D1,D1,"BD2,BD3",HepG2_25kb
19,23750000,assembly_gap,weak,none,none,strong,D3,D3,"BD2,BD3",HepG2_25kb
19,23825000,assembly_gap,weak,none,none,strong,D3,D3,"BD2,BD3",HepG2_25kb
19,23900000,assembly_gap,weak,none,none,strong,D3,D3,"BD2,BD3",HepG2_25kb
19,23950000,assembly_gap,weak,none,none,moderate,D3,D3,"BD2,BD3",HepG2_25kb
19,24000000,assembly_gap,weak,none,none,none,D1,D1,"BD2,BD3",HepG2_25kb
19,24175000,assembly_gap,strong,none,none,none,D3,D3,"BD2,BD3",HepG2_25kb
19,24200000,assembly_gap+encode_blacklist,strong,none,none,none,D3,D3,"BD2,BD3",HepG2_25kb
19,27225000,assembly_gap+encode_blacklist,weak,none,none,none,D1,D1,"BD2,BD3",HepG2_25kb
19,27700000,assembly_gap,weak,none,none,none,D1,D1,"BD2,BD3",HepG2_25kb
19,27750000,assembly_gap,weak,none,none,none,D1,D1,"BD2,BD3",HepG2_25kb
19,27925000,assembly_gap,weak,none,none,moderate,D3,D3,"BD2,BD3",HepG2_25kb
19,27950000,assembly_gap,weak,none,none,moderate,D3,D3,"BD2,BD3",HepG2_25kb
19,28375000,assembly_gap,weak,none,none,none,D1,D1,"BD2,BD3",HepG2_25kb
19,28400000,assembly_gap,weak,none,none,none,D1,D1,"BD2,BD3",HepG2_25kb
19,28425000,assembly_gap,weak,none,none,strong,D3,D3,"BD2,BD3",HepG2_25kb
19,28450000,assembly_gap,weak,none,none,strong,D3,D3,"BD2,BD3",HepG2_25kb
19,28725000,assembly_gap,weak,weak,none,strong,D3,D3,"BD2,BD3",HepG2_25kb
19,28875000,assembly_gap,moderate,none,weak,strong,D4,D4,"BD2,BD3",HepG2_25kb
19,28900000,assembly_gap,strong,none,none,strong,D5,D5,"BD2,BD3",HepG2_25kb
19,28925000,assembly_gap,moderate,none,none,strong,D4,D4,"BD2,BD3",HepG2_25kb
19,29200000,assembly_gap,weak,none,none,none,D1,D1,"BD2,BD3",HepG2_25kb
19,29275000,assembly_gap,weak,moderate,weak,moderate,D3,D3,"BD2,BD3",HepG2_25kb
19,29300000,assembly_gap,weak,none,none,moderate,D3,D3,"BD2,BD3",HepG2_25kb
19,29400000,assembly_gap,weak,none,none,none,D1,D1,"BD2,BD3",HepG2_25kb
19,29575000,assembly_gap,strong,none,none,strong,D5,D5,"BD2,BD3",HepG2_25kb
19,29600000,assembly_gap,strong,weak,weak,strong,D5,D5,"BD2,BD3",HepG2_25kb
19,29725000,assembly_gap,weak,moderate,moderate,strong,D3,D3,"BD2,BD3",HepG2_25kb
19,29750000,assembly_gap,weak,strong,moderate,strong,D3,D3,"BD2,BD3",HepG2_25kb
19,29925000,assembly_gap,weak,none,none,moderate,D3,D3,"BD2,BD3",HepG2_25kb
19,30025000,assembly_gap,moderate,weak,none,none,D3,D3,"BD2,BD3",HepG2_25kb
19,30050000,assembly_gap,strong,weak,none,none,D4,D3,"BD2,BD3",HepG2_25kb
19,30075000,assembly_gap,strong,none,none,none,D3,D3,"BD2,BD3",HepG2_25kb
19,30100000,assembly_gap,weak,none,none,none,D1,D1,"BD2,BD3",HepG2_25kb
19,30225000,assembly_gap,weak,none,weak,strong,D3,D3,"BD2,BD3",HepG2_25kb
19,30650000,assembly_gap,moderate,strong,weak,strong,D4,D4,"BD2,BD3",HepG2_25kb
19,30675000,assembly_gap,strong,strong,moderate,strong,D5,D5,"BD2,BD3",HepG2_25kb
19,30700000,assembly_gap,moderate,weak,weak,strong,D4,D4,"BD2,BD3",HepG2_25kb
19,30725000,assembly_gap,weak,none,none,strong,D3,D3,"BD2,BD3",HepG2_25kb
19,31275000,assembly_gap,weak,none,none,none,D1,D1,"BD2,BD3",HepG2_25kb
19,31325000,assembly_gap,weak,none,none,none,D1,D1,"BD2,BD3",HepG2_25kb
19,31400000,assembly_gap,weak,none,none,none,D1,D1,"BD2,BD3",HepG2_25kb
19,31525000,assembly_gap,weak,none,none,none,D1,D1,"BD2,BD3",HepG2_25kb
19,31575000,assembly_gap,weak,none,none,none,D1,D1,"BD2,BD3",HepG2_25kb
19,31625000,assembly_gap,weak,none,none,none,D1,D1,"BD2,BD3",HepG2_25kb
19,31700000,assembly_gap,weak,none,none,none,D1,D1,"BD2,BD3",HepG2_25kb
20,25750000,assembly_gap,weak,none,none,strong,D3,D3,"BD2,BD3",HepG2_25kb
20,25775000,assembly_gap,weak,none,none,strong,D3,D3,"BD2,BD3",HepG2_25kb
20,26000000,assembly_gap,weak,none,none,moderate,D3,D3,"BD2,BD3",HepG2_25kb
20,26100000,assembly_gap,weak,none,none,strong,D3,D3,"BD2,BD3",HepG2_25kb
20,26250000,assembly_gap,weak,none,none,none,D1,D1,"BD2,BD3",HepG2_25kb
20,26275000,assembly_gap,weak,none,none,none,D1,D1,"BD2,BD3",HepG2_25kb
20,28725000,assembly_gap+encode_blacklist,weak,none,none,none,D1,D1,"BD2,BD3",HepG2_25kb
20,29025000,assembly_gap,weak,none,none,strong,D3,D3,"BD2,BD3",HepG2_25kb
20,29125000,assembly_gap,weak,none,none,strong,D3,D3,"BD2,BD3",HepG2_25kb
20,29200000,assembly_gap+encode_blacklist,weak,none,none,moderate,D3,D3,"BD2,BD3",HepG2_25kb
20,29725000,assembly_gap,weak,none,none,strong,D3,D3,"BD2,BD3",HepG2_25kb
20,29825000,assembly_gap,weak,none,none,moderate,D3,D3,"BD2,BD3",HepG2_25kb
20,30275000,assembly_gap,weak,none,none,strong,D3,D3,"BD2,BD3",HepG2_25kb
20,30375000,assembly_gap,weak,none,none,strong,D3,D3,"BD2,BD3",HepG2_25kb
20,30800000,assembly_gap,weak,none,none,none,D1,D1,"BD2,BD3",HepG2_25kb
21,7950000,assembly_gap,weak,none,none,moderate,D3,D3,"BD2,BD3",HepG2_25kb
21,9650000,assembly_gap,weak,none,none,none,D1,D1,"BD2,BD3",HepG2_25kb
21,9725000,assembly_gap,weak,none,none,none,D1,D1,"BD2,BD3",HepG2_25kb
21,10025000,assembly_gap,moderate,none,none,none,D3,D3,"BD2,BD3",HepG2_25kb
21,10325000,assembly_gap,weak,none,none,none,D1,D1,"BD2,BD3",HepG2_25kb
21,10425000,assembly_gap,weak,none,none,none,D1,D1,"BD2,BD3",HepG2_25kb
21,10500000,assembly_gap,weak,none,none,none,D1,D1,"BD2,BD3",HepG2_25kb
21,10675000,assembly_gap+encode_blacklist,weak,none,none,none,D1,D1,"BD2,BD3",HepG2_25kb
21,10800000,assembly_gap+encode_blacklist,weak,none,none,moderate,D3,D3,"BD2,BD3",HepG2_25kb
21,43250000,assembly_gap,weak,none,none,none,D1,D1,"BD2,BD3",HepG2_25kb
21,46700000,assembly_gap,strong,none,none,none,D3,D3,"BD2,BD3",HepG2_25kb
22,10700000,assembly_gap,weak,none,none,none,D1,D1,"BD2,BD3",HepG2_25kb
22,10800000,assembly_gap,weak,none,none,none,D1,D1,"BD2,BD3",HepG2_25kb
22,11025000,assembly_gap,weak,none,none,none,D1,D1,"BD2,BD3",HepG2_25kb
22,11075000,assembly_gap,weak,none,none,none,D1,D1,"BD2,BD3",HepG2_25kb
22,11575000,assembly_gap,weak,none,none,none,D1,D1,"BD2,BD3",HepG2_25kb
22,11600000,assembly_gap,weak,none,none,none,D1,D1,"BD2,BD3",HepG2_25kb
22,11625000,assembly_gap,weak,none,none,none,D1,D1,"BD2,BD3",HepG2_25kb
22,12675000,assembly_gap,weak,none,none,none,D1,D1,"BD2,BD3",HepG2_25kb
22,12700000,assembly_gap,weak,none,none,none,D1,D1,"BD2,BD3",HepG2_25kb
22,16575000,assembly_gap,weak,none,none,moderate,D3,D3,"BD2,BD3",HepG2_25kb
22,16725000,assembly_gap,weak,none,none,none,D1,D1,"BD2,BD3",HepG2_25kb
22,16875000,assembly_gap,weak,none,none,strong,D3,D3,"BD2,BD3",HepG2_25kb
22,16900000,assembly_gap,weak,none,none,strong,D3,D3,"BD2,BD3",HepG2_25kb
22,16925000,assembly_gap,weak,weak,none,strong,D3,D3,"BD2,BD3",HepG2_25kb
22,17025000,assembly_gap,weak,none,none,strong,D3,D3,"BD2,BD3",HepG2_25kb
22,17075000,assembly_gap,weak,moderate,moderate,strong,D3,D3,"BD2,BD3",HepG2_25kb
22,17225000,assembly_gap,weak,none,none,moderate,D3,D3,"BD2,BD3",HepG2_25kb
22,17250000,assembly_gap,weak,none,none,strong,D3,D3,"BD2,BD3",HepG2_25kb
X,1950000,assembly_gap,weak,none,none,none,D1,D1,"BD2,BD3",HepG2_25kb
X,2100000,assembly_gap,moderate,none,none,none,D3,D3,"BD2,BD3",HepG2_25kb
X,2125000,assembly_gap,moderate,none,none,none,D3,D3,"BD2,BD3",HepG2_25kb
X,37100000,assembly_gap,weak,none,none,none,D1,D1,"BD2,BD3",HepG2_25kb
X,37275000,assembly_gap,strong,none,none,none,D3,D3,"BD2,BD3",HepG2_25kb
X,50275000,assembly_gap,weak,none,none,none,D1,D1,"BD2,BD3",HepG2_25kb
X,58275000,assembly_gap+encode_blacklist,weak,none,none,none,D1,D1,"BD2,BD3",HepG2_25kb
X,58325000,assembly_gap+encode_blacklist,weak,none,none,none,D1,D1,"BD2,BD3",HepG2_25kb
X,62700000,assembly_gap+encode_blacklist,weak,none,none,none,D1,D1,"BD2,BD3",HepG2_25kb
X,62750000,assembly_gap+encode_blacklist,weak,none,none,none,D1,D1,"BD2,BD3",HepG2_25kb
X,62825000,assembly_gap,weak,none,none,none,D1,D1,"BD2,BD3",HepG2_25kb
X,63125000,assembly_gap,weak,none,none,none,D1,D1,"BD2,BD3",HepG2_25kb
X,63250000,assembly_gap,strong,none,none,none,D3,D3,"BD2,BD3",HepG2_25kb
X,63275000,assembly_gap,strong,none,none,none,D3,D3,"BD2,BD3",HepG2_25kb
X,63675000,assembly_gap,moderate,none,none,none,D3,D3,"BD2,BD3",HepG2_25kb
X,63700000,assembly_gap,moderate,none,none,none,D3,D3,"BD2,BD3",HepG2_25kb
X,63775000,assembly_gap,weak,none,none,none,D1,D1,"BD2,BD3",HepG2_25kb
X,114325000,assembly_gap,weak,none,none,none,D1,D1,"BD2,BD3",HepG2_25kb
X,144475000,assembly_gap,weak,none,none,none,D1,D1,"BD2,BD3",HepG2_25kb
1,8910000,encode_blacklist,weak,weak,weak,strong,D3,D3,"BD2,BD3",HepG2_10kb
1,16800000,assembly_gap,weak,none,none,none,D1,D1,"BD2,BD3",HepG2_10kb
1,143190000,assembly_gap+encode_blacklist,weak,none,none,none,D1,D1,"BD2,BD3",HepG2_10kb
1,143230000,encode_blacklist,weak,none,none,none,D1,D1,"BD2,BD3",HepG2_10kb
1,223560000,assembly_gap,weak,none,none,none,D1,D1,"BD2,BD3",HepG2_10kb
1,228560000,assembly_gap,moderate,none,none,none,D3,D3,"BD2,BD3",HepG2_10kb
2,89690000,assembly_gap,weak,none,none,none,D1,D1,"BD2,BD3",HepG2_10kb
2,89700000,assembly_gap,weak,none,none,none,D1,D1,"BD2,BD3",HepG2_10kb
2,89750000,assembly_gap,weak,none,none,none,D1,D1,"BD2,BD3",HepG2_10kb
2,91840000,assembly_gap,weak,none,none,none,D1,D1,"BD2,BD3",HepG2_10kb
2,91900000,assembly_gap,weak,none,none,none,D1,D1,"BD2,BD3",HepG2_10kb
2,94180000,assembly_gap+encode_blacklist,weak,none,none,none,D1,D1,"BD2,BD3",HepG2_10kb
2,94190000,assembly_gap+encode_blacklist,weak,none,none,none,D1,D1,"BD2,BD3",HepG2_10kb
2,94220000,assembly_gap+encode_blacklist,weak,none,none,none,D1,D1,"BD2,BD3",HepG2_10kb
2,94230000,assembly_gap+encode_blacklist,weak,none,none,none,D1,D1,"BD2,BD3",HepG2_10kb
2,94270000,assembly_gap+encode_blacklist,weak,none,none,none,D1,D1,"BD2,BD3",HepG2_10kb
2,94570000,assembly_gap+encode_blacklist,weak,none,none,none,D1,D1,"BD2,BD3",HepG2_10kb
2,94620000,assembly_gap,weak,none,none,none,D1,D1,"BD2,BD3",HepG2_10kb
2,94670000,assembly_gap,weak,none,none,none,D1,D1,"BD2,BD3",HepG2_10kb
2,94720000,assembly_gap,weak,none,none,none,D1,D1,"BD2,BD3",HepG2_10kb
2,94810000,assembly_gap,weak,none,none,none,D1,D1,"BD2,BD3",HepG2_10kb
2,94820000,assembly_gap,weak,none,none,none,D1,D1,"BD2,BD3",HepG2_10kb
2,94850000,assembly_gap,weak,weak,none,none,D2,D1,"BD2,BD3",HepG2_10kb
2,94860000,assembly_gap,weak,moderate,none,none,D3,D1,"BD2,BD3",HepG2_10kb
2,94890000,assembly_gap,weak,moderate,none,none,D3,D1,"BD2,BD3",HepG2_10kb
2,94960000,assembly_gap,moderate,moderate,none,none,D4,D3,"BD2,BD3",HepG2_10kb
2,94970000,assembly_gap,strong,moderate,none,none,D4,D3,"BD2,BD3",HepG2_10kb
2,94980000,assembly_gap,moderate,moderate,weak,strong,D4,D4,"BD2,BD3",HepG2_10kb
2,95020000,assembly_gap,weak,weak,moderate,strong,D3,D3,"BD2,BD3",HepG2_10kb
2,95110000,assembly_gap,moderate,weak,none,strong,D4,D4,"BD2,BD3",HepG2_10kb
2,95120000,assembly_gap,moderate,weak,none,strong,D4,D4,"BD2,BD3",HepG2_10kb
2,95170000,assembly_gap,strong,none,none,strong,D5,D5,"BD2,BD3",HepG2_10kb
2,95190000,assembly_gap,weak,none,none,strong,D3,D3,"BD2,BD3",HepG2_10kb
2,95230000,assembly_gap,weak,none,none,moderate,D3,D3,"BD2,BD3",HepG2_10kb
2,95320000,assembly_gap,weak,moderate,moderate,strong,D3,D3,"BD2,BD3",HepG2_10kb
2,95340000,assembly_gap,weak,moderate,moderate,strong,D3,D3,"BD2,BD3",HepG2_10kb
2,95360000,assembly_gap,weak,weak,moderate,strong,D3,D3,"BD2,BD3",HepG2_10kb
2,95410000,assembly_gap,weak,moderate,weak,strong,D3,D3,"BD2,BD3",HepG2_10kb
2,95420000,assembly_gap,moderate,weak,none,strong,D4,D4,"BD2,BD3",HepG2_10kb
2,95430000,assembly_gap,weak,none,none,strong,D3,D3,"BD2,BD3",HepG2_10kb
2,95480000,assembly_gap,weak,none,none,strong,D3,D3,"BD2,BD3",HepG2_10kb
2,95590000,assembly_gap,weak,none,none,moderate,D3,D3,"BD2,BD3",HepG2_10kb
2,95660000,assembly_gap,weak,none,none,strong,D3,D3,"BD2,BD3",HepG2_10kb
2,95760000,assembly_gap,weak,none,none,strong,D3,D3,"BD2,BD3",HepG2_10kb
2,95770000,assembly_gap,moderate,none,none,strong,D4,D4,"BD2,BD3",HepG2_10kb
2,95780000,assembly_gap,weak,none,none,strong,D3,D3,"BD2,BD3",HepG2_10kb
2,95800000,assembly_gap,weak,none,none,strong,D3,D3,"BD2,BD3",HepG2_10kb
2,95810000,assembly_gap,weak,none,none,moderate,D3,D3,"BD2,BD3",HepG2_10kb
2,95820000,assembly_gap,weak,none,none,moderate,D3,D3,"BD2,BD3",HepG2_10kb
2,95870000,assembly_gap,weak,none,none,strong,D3,D3,"BD2,BD3",HepG2_10kb
2,95900000,assembly_gap,weak,none,none,strong,D3,D3,"BD2,BD3",HepG2_10kb
2,95910000,assembly_gap,weak,none,none,strong,D3,D3,"BD2,BD3",HepG2_10kb
2,95990000,assembly_gap,weak,weak,none,strong,D3,D3,"BD2,BD3",HepG2_10kb
2,131380000,encode_blacklist,weak,none,none,strong,D3,D3,"BD2,BD3",HepG2_10kb
3,87910000,assembly_gap,weak,none,none,none,D1,D1,"BD2,BD3",HepG2_10kb
3,87990000,assembly_gap,moderate,weak,none,moderate,D4,D4,"BD2,BD3",HepG2_10kb
3,88000000,assembly_gap,moderate,none,none,moderate,D4,D4,"BD2,BD3",HepG2_10kb
3,88030000,assembly_gap,weak,none,none,moderate,D3,D3,"BD2,BD3",HepG2_10kb
3,88060000,assembly_gap,weak,none,none,strong,D3,D3,"BD2,BD3",HepG2_10kb
3,88120000,assembly_gap,weak,weak,none,strong,D3,D3,"BD2,BD3",HepG2_10kb
3,88160000,assembly_gap,weak,none,none,strong,D3,D3,"BD2,BD3",HepG2_10kb
3,88190000,assembly_gap,strong,weak,weak,strong,D5,D5,"BD2,BD3",HepG2_10kb
3,88200000,assembly_gap,strong,moderate,weak,strong,D5,D5,"BD2,BD3",HepG2_10kb
3,88280000,assembly_gap,weak,none,none,none,D1,D1,"BD2,BD3",HepG2_10kb
3,88350000,assembly_gap,weak,none,none,none,D1,D1,"BD2,BD3",HepG2_10kb
3,88430000,assembly_gap,weak,none,none,none,D1,D1,"BD2,BD3",HepG2_10kb
3,88500000,assembly_gap,weak,none,none,none,D1,D1,"BD2,BD3",HepG2_10kb
3,88560000,assembly_gap,weak,none,none,none,D1,D1,"BD2,BD3",HepG2_10kb
3,88630000,assembly_gap,weak,none,none,none,D1,D1,"BD2,BD3",HepG2_10kb
3,88690000,assembly_gap,weak,none,none,none,D1,D1,"BD2,BD3",HepG2_10kb
3,88750000,assembly_gap,weak,none,none,none,D1,D1,"BD2,BD3",HepG2_10kb
3,88800000,assembly_gap,weak,none,none,none,D1,D1,"BD2,BD3",HepG2_10kb
3,88840000,assembly_gap,weak,none,none,none,D1,D1,"BD2,BD3",HepG2_10kb
3,88910000,assembly_gap,weak,none,none,none,D1,D1,"BD2,BD3",HepG2_10kb
3,89020000,assembly_gap,weak,none,none,none,D1,D1,"BD2,BD3",HepG2_10kb
3,89080000,assembly_gap,moderate,none,none,moderate,D4,D4,"BD2,BD3",HepG2_10kb
3,89090000,assembly_gap,moderate,weak,none,moderate,D4,D4,"BD2,BD3",HepG2_10kb
3,89120000,assembly_gap,weak,moderate,none,moderate,D3,D3,"BD2,BD3",HepG2_10kb
3,89150000,assembly_gap,weak,none,none,moderate,D3,D3,"BD2,BD3",HepG2_10kb
3,89160000,assembly_gap,weak,none,none,moderate,D3,D3,"BD2,BD3",HepG2_10kb
3,89180000,assembly_gap,weak,none,none,none,D1,D1,"BD2,BD3",HepG2_10kb
3,89200000,assembly_gap,weak,none,none,none,D1,D1,"BD2,BD3",HepG2_10kb
3,89250000,assembly_gap,weak,none,none,none,D1,D1,"BD2,BD3",HepG2_10kb
3,89310000,assembly_gap,weak,none,none,none,D1,D1,"BD2,BD3",HepG2_10kb
3,89460000,assembly_gap,weak,none,none,none,D1,D1,"BD2,BD3",HepG2_10kb
3,89470000,assembly_gap,weak,none,none,none,D1,D1,"BD2,BD3",HepG2_10kb
3,89520000,assembly_gap,weak,none,none,moderate,D3,D3,"BD2,BD3",HepG2_10kb
3,89580000,assembly_gap,weak,none,none,moderate,D3,D3,"BD2,BD3",HepG2_10kb
3,89710000,assembly_gap,weak,none,none,none,D1,D1,"BD2,BD3",HepG2_10kb
3,89740000,assembly_gap,weak,none,none,none,D1,D1,"BD2,BD3",HepG2_10kb
3,89770000,assembly_gap,weak,none,none,none,D1,D1,"BD2,BD3",HepG2_10kb
3,89840000,assembly_gap,weak,none,none,strong,D3,D3,"BD2,BD3",HepG2_10kb
3,89860000,assembly_gap,strong,none,none,strong,D5,D5,"BD2,BD3",HepG2_10kb
3,89870000,assembly_gap,strong,none,none,strong,D5,D5,"BD2,BD3",HepG2_10kb
3,89940000,assembly_gap,weak,none,none,none,D1,D1,"BD2,BD3",HepG2_10kb
3,90000000,assembly_gap,weak,none,none,none,D1,D1,"BD2,BD3",HepG2_10kb
3,90060000,assembly_gap,weak,none,none,moderate,D3,D3,"BD2,BD3",HepG2_10kb
3,90070000,assembly_gap,weak,none,none,moderate,D3,D3,"BD2,BD3",HepG2_10kb
3,90170000,assembly_gap,weak,none,none,strong,D3,D3,"BD2,BD3",HepG2_10kb
3,90180000,assembly_gap,weak,none,none,strong,D3,D3,"BD2,BD3",HepG2_10kb
3,90240000,assembly_gap,weak,none,none,strong,D3,D3,"BD2,BD3",HepG2_10kb
3,90260000,assembly_gap,weak,none,none,moderate,D3,D3,"BD2,BD3",HepG2_10kb
3,90270000,assembly_gap+encode_blacklist,weak,none,none,moderate,D3,D3,"BD2,BD3",HepG2_10kb
3,93800000,assembly_gap+encode_blacklist,weak,none,none,moderate,D3,D3,"BD2,BD3",HepG2_10kb
3,93810000,assembly_gap,moderate,none,none,moderate,D4,D4,"BD2,BD3",HepG2_10kb
3,93820000,assembly_gap,weak,none,none,moderate,D3,D3,"BD2,BD3",HepG2_10kb
3,93850000,assembly_gap,weak,none,none,strong,D3,D3,"BD2,BD3",HepG2_10kb
3,93870000,assembly_gap,weak,none,none,strong,D3,D3,"BD2,BD3",HepG2_10kb
3,93880000,assembly_gap,moderate,none,none,strong,D4,D4,"BD2,BD3",HepG2_10kb
3,93890000,assembly_gap,weak,none,none,strong,D3,D3,"BD2,BD3",HepG2_10kb
3,93970000,assembly_gap,moderate,none,none,strong,D4,D4,"BD2,BD3",HepG2_10kb
3,93980000,assembly_gap,moderate,none,none,moderate,D4,D4,"BD2,BD3",HepG2_10kb
3,94060000,assembly_gap,weak,weak,none,moderate,D3,D3,"BD2,BD3",HepG2_10kb
3,94070000,assembly_gap,weak,none,none,moderate,D3,D3,"BD2,BD3",HepG2_10kb
3,94120000,assembly_gap,moderate,none,none,none,D3,D3,"BD2,BD3",HepG2_10kb
3,94130000,assembly_gap,strong,none,none,none,D3,D3,"BD2,BD3",HepG2_10kb
3,94140000,assembly_gap,weak,none,none,none,D1,D1,"BD2,BD3",HepG2_10kb
3,94170000,assembly_gap,weak,none,none,none,D1,D1,"BD2,BD3",HepG2_10kb
3,94190000,assembly_gap,weak,none,none,none,D1,D1,"BD2,BD3",HepG2_10kb
3,94240000,assembly_gap,weak,moderate,none,moderate,D3,D3,"BD2,BD3",HepG2_10kb
3,94310000,assembly_gap,weak,none,none,none,D1,D1,"BD2,BD3",HepG2_10kb
3,94330000,assembly_gap,weak,none,none,none,D1,D1,"BD2,BD3",HepG2_10kb
3,94380000,assembly_gap,weak,none,none,none,D1,D1,"BD2,BD3",HepG2_10kb
3,94440000,assembly_gap,weak,none,none,none,D1,D1,"BD2,BD3",HepG2_10kb
3,94450000,assembly_gap,weak,none,none,none,D1,D1,"BD2,BD3",HepG2_10kb
3,94510000,assembly_gap,weak,moderate,none,moderate,D3,D3,"BD2,BD3",HepG2_10kb
3,94520000,assembly_gap,weak,moderate,none,moderate,D3,D3,"BD2,BD3",HepG2_10kb
3,94720000,assembly_gap,weak,none,none,strong,D3,D3,"BD2,BD3",HepG2_10kb
3,94730000,assembly_gap,weak,none,none,strong,D3,D3,"BD2,BD3",HepG2_10kb
3,94750000,assembly_gap,weak,none,none,strong,D3,D3,"BD2,BD3",HepG2_10kb
3,94850000,assembly_gap,weak,none,none,moderate,D3,D3,"BD2,BD3",HepG2_10kb
3,94890000,assembly_gap,weak,none,none,none,D1,D1,"BD2,BD3",HepG2_10kb
3,94920000,assembly_gap,weak,none,none,none,D1,D1,"BD2,BD3",HepG2_10kb
3,94930000,assembly_gap,weak,none,none,none,D1,D1,"BD2,BD3",HepG2_10kb
3,95000000,assembly_gap,weak,none,none,none,D1,D1,"BD2,BD3",HepG2_10kb
3,95060000,assembly_gap,weak,none,none,none,D1,D1,"BD2,BD3",HepG2_10kb
3,95090000,assembly_gap,weak,none,none,none,D1,D1,"BD2,BD3",HepG2_10kb
3,95170000,assembly_gap,weak,none,none,none,D1,D1,"BD2,BD3",HepG2_10kb
3,95180000,assembly_gap,weak,none,none,none,D1,D1,"BD2,BD3",HepG2_10kb
3,95230000,assembly_gap,weak,none,none,none,D1,D1,"BD2,BD3",HepG2_10kb
3,95240000,assembly_gap,weak,none,none,none,D1,D1,"BD2,BD3",HepG2_10kb
3,95370000,assembly_gap,weak,none,none,none,D1,D1,"BD2,BD3",HepG2_10kb
3,95400000,assembly_gap,weak,none,none,none,D1,D1,"BD2,BD3",HepG2_10kb
3,95440000,assembly_gap,weak,none,none,none,D1,D1,"BD2,BD3",HepG2_10kb
3,95460000,assembly_gap,weak,none,none,none,D1,D1,"BD2,BD3",HepG2_10kb
3,95500000,assembly_gap,weak,none,none,none,D1,D1,"BD2,BD3",HepG2_10kb
3,95520000,assembly_gap,weak,none,none,none,D1,D1,"BD2,BD3",HepG2_10kb
3,95580000,assembly_gap,weak,none,none,none,D1,D1,"BD2,BD3",HepG2_10kb
3,95650000,assembly_gap,weak,none,none,none,D1,D1,"BD2,BD3",HepG2_10kb
3,95660000,assembly_gap,weak,none,none,none,D1,D1,"BD2,BD3",HepG2_10kb
3,95670000,assembly_gap,weak,none,none,none,D1,D1,"BD2,BD3",HepG2_10kb
3,95720000,assembly_gap,weak,none,none,none,D1,D1,"BD2,BD3",HepG2_10kb
3,95790000,assembly_gap,weak,none,none,none,D1,D1,"BD2,BD3",HepG2_10kb
3,95850000,assembly_gap,weak,none,none,none,D1,D1,"BD2,BD3",HepG2_10kb
3,95890000,assembly_gap,weak,none,none,none,D1,D1,"BD2,BD3",HepG2_10kb
3,95900000,assembly_gap,weak,none,none,none,D1,D1,"BD2,BD3",HepG2_10kb
3,95970000,assembly_gap,weak,none,none,none,D1,D1,"BD2,BD3",HepG2_10kb
3,96030000,assembly_gap,weak,none,none,none,D1,D1,"BD2,BD3",HepG2_10kb
3,96220000,assembly_gap,weak,none,none,none,D1,D1,"BD2,BD3",HepG2_10kb
3,96240000,assembly_gap,weak,none,none,none,D1,D1,"BD2,BD3",HepG2_10kb
3,96300000,assembly_gap,weak,none,none,none,D1,D1,"BD2,BD3",HepG2_10kb
3,96350000,assembly_gap,weak,none,none,none,D1,D1,"BD2,BD3",HepG2_10kb
3,96420000,assembly_gap,weak,none,none,none,D1,D1,"BD2,BD3",HepG2_10kb
3,96510000,assembly_gap,weak,none,none,none,D1,D1,"BD2,BD3",HepG2_10kb
3,96570000,assembly_gap,weak,none,none,none,D1,D1,"BD2,BD3",HepG2_10kb
3,96620000,assembly_gap,weak,none,none,none,D1,D1,"BD2,BD3",HepG2_10kb
3,96630000,assembly_gap,weak,none,none,none,D1,D1,"BD2,BD3",HepG2_10kb
3,96640000,assembly_gap,weak,none,none,none,D1,D1,"BD2,BD3",HepG2_10kb
3,96710000,assembly_gap,weak,none,none,none,D1,D1,"BD2,BD3",HepG2_10kb
3,96790000,assembly_gap,weak,weak,none,moderate,D3,D3,"BD2,BD3",HepG2_10kb
3,96840000,assembly_gap,moderate,weak,none,moderate,D4,D4,"BD2,BD3",HepG2_10kb
3,96850000,assembly_gap,moderate,weak,none,moderate,D4,D4,"BD2,BD3",HepG2_10kb
3,96880000,assembly_gap,weak,weak,none,moderate,D3,D3,"BD2,BD3",HepG2_10kb
3,96980000,assembly_gap,weak,none,none,none,D1,D1,"BD2,BD3",HepG2_10kb
3,97060000,assembly_gap,weak,none,none,none,D1,D1,"BD2,BD3",HepG2_10kb
3,97080000,assembly_gap,weak,none,none,none,D1,D1,"BD2,BD3",HepG2_10kb
3,97140000,assembly_gap,weak,none,none,moderate,D3,D3,"BD2,BD3",HepG2_10kb
3,97200000,assembly_gap,weak,none,none,strong,D3,D3,"BD2,BD3",HepG2_10kb
3,97260000,assembly_gap,weak,none,none,strong,D3,D3,"BD2,BD3",HepG2_10kb
3,97270000,assembly_gap,weak,none,none,moderate,D3,D3,"BD2,BD3",HepG2_10kb
3,97310000,assembly_gap,weak,none,none,none,D1,D1,"BD2,BD3",HepG2_10kb
3,97330000,assembly_gap,weak,none,none,none,D1,D1,"BD2,BD3",HepG2_10kb
3,97370000,assembly_gap,weak,none,none,none,D1,D1,"BD2,BD3",HepG2_10kb
3,97430000,assembly_gap,weak,none,none,none,D1,D1,"BD2,BD3",HepG2_10kb
3,97480000,assembly_gap,weak,none,none,none,D1,D1,"BD2,BD3",HepG2_10kb
3,97510000,assembly_gap,weak,none,none,none,D1,D1,"BD2,BD3",HepG2_10kb
3,97620000,assembly_gap,weak,none,none,moderate,D3,D3,"BD2,BD3",HepG2_10kb
3,97690000,assembly_gap,weak,none,none,moderate,D3,D3,"BD2,BD3",HepG2_10kb
3,97710000,assembly_gap,weak,weak,none,none,D2,D1,"BD2,BD3",HepG2_10kb
3,97750000,assembly_gap,strong,none,none,strong,D5,D5,"BD2,BD3",HepG2_10kb
3,97760000,assembly_gap,strong,none,none,strong,D5,D5,"BD2,BD3",HepG2_10kb
3,97830000,assembly_gap,weak,none,none,strong,D3,D3,"BD2,BD3",HepG2_10kb
3,97930000,assembly_gap,weak,none,none,none,D1,D1,"BD2,BD3",HepG2_10kb
3,98020000,assembly_gap,strong,strong,strong,strong,D5,D5,"BD2,BD3",HepG2_10kb
3,98030000,assembly_gap,strong,strong,moderate,strong,D5,D5,"BD2,BD3",HepG2_10kb
3,98040000,assembly_gap,strong,moderate,moderate,strong,D5,D5,"BD2,BD3",HepG2_10kb
3,98050000,assembly_gap,weak,moderate,weak,strong,D3,D3,"BD2,BD3",HepG2_10kb
3,98160000,assembly_gap,weak,none,none,none,D1,D1,"BD2,BD3",HepG2_10kb
3,98180000,assembly_gap,weak,none,none,none,D1,D1,"BD2,BD3",HepG2_10kb
3,98220000,assembly_gap,weak,none,none,none,D1,D1,"BD2,BD3",HepG2_10kb
3,98300000,assembly_gap,weak,none,none,strong,D3,D3,"BD2,BD3",HepG2_10kb
3,98340000,assembly_gap,weak,weak,weak,strong,D3,D3,"BD2,BD3",HepG2_10kb
3,98350000,assembly_gap,strong,weak,weak,strong,D5,D5,"BD2,BD3",HepG2_10kb
3,98360000,assembly_gap,strong,weak,weak,strong,D5,D5,"BD2,BD3",HepG2_10kb
3,98430000,assembly_gap,weak,none,none,none,D1,D1,"BD2,BD3",HepG2_10kb
3,98490000,assembly_gap,weak,none,none,none,D1,D1,"BD2,BD3",HepG2_10kb
3,98510000,assembly_gap,weak,none,none,none,D1,D1,"BD2,BD3",HepG2_10kb
3,98520000,assembly_gap,weak,none,none,moderate,D3,D3,"BD2,BD3",HepG2_10kb
3,98580000,assembly_gap,strong,moderate,weak,strong,D5,D5,"BD2,BD3",HepG2_10kb
3,98590000,assembly_gap,strong,moderate,weak,strong,D5,D5,"BD2,BD3",HepG2_10kb
4,1430000,assembly_gap,weak,none,none,strong,D3,D3,"BD2,BD3",HepG2_10kb
4,1440000,assembly_gap,weak,none,none,strong,D3,D3,"BD2,BD3",HepG2_10kb
4,8800000,assembly_gap,weak,none,none,none,D1,D1,"BD2,BD3",HepG2_10kb
4,8810000,assembly_gap,weak,none,none,none,D1,D1,"BD2,BD3",HepG2_10kb
4,31820000,assembly_gap,weak,none,none,none,D1,D1,"BD2,BD3",HepG2_10kb
4,31830000,assembly_gap,weak,none,none,none,D1,D1,"BD2,BD3",HepG2_10kb
4,48260000,assembly_gap,weak,weak,none,moderate,D3,D3,"BD2,BD3",HepG2_10kb
4,48270000,assembly_gap,moderate,moderate,none,strong,D4,D4,"BD2,BD3",HepG2_10kb
4,48280000,assembly_gap,strong,moderate,none,strong,D5,D5,"BD2,BD3",HepG2_10kb
4,48290000,assembly_gap,moderate,moderate,none,strong,D4,D4,"BD2,BD3",HepG2_10kb
4,48300000,assembly_gap,weak,moderate,none,strong,D3,D3,"BD2,BD3",HepG2_10kb
4,48320000,assembly_gap,weak,weak,none,strong,D3,D3,"BD2,BD3",HepG2_10kb
4,48430000,assembly_gap,weak,none,none,moderate,D3,D3,"BD2,BD3",HepG2_10kb
4,48440000,assembly_gap,weak,none,none,moderate,D3,D3,"BD2,BD3",HepG2_10kb
4,48540000,assembly_gap,weak,moderate,none,strong,D3,D3,"BD2,BD3",HepG2_10kb
4,48550000,assembly_gap,moderate,moderate,none,strong,D4,D4,"BD2,BD3",HepG2_10kb
4,48560000,assembly_gap,strong,moderate,none,strong,D5,D5,"BD2,BD3",HepG2_10kb
4,48570000,assembly_gap,moderate,moderate,none,strong,D4,D4,"BD2,BD3",HepG2_10kb
4,48780000,assembly_gap,weak,none,weak,moderate,D3,D3,"BD2,BD3",HepG2_10kb
4,48790000,assembly_gap,weak,none,weak,moderate,D3,D3,"BD2,BD3",HepG2_10kb
4,48960000,assembly_gap,weak,strong,moderate,moderate,D3,D3,"BD2,BD3",HepG2_10kb
4,48970000,assembly_gap,moderate,moderate,moderate,moderate,D4,D4,"BD2,BD3",HepG2_10kb
4,48980000,assembly_gap,moderate,moderate,weak,moderate,D4,D4,"BD2,BD3",HepG2_10kb
4,48990000,assembly_gap,weak,none,none,moderate,D3,D3,"BD2,BD3",HepG2_10kb
4,49000000,assembly_gap,weak,none,none,moderate,D3,D3,"BD2,BD3",HepG2_10kb
4,49070000,assembly_gap,weak,none,none,none,D1,D1,"BD2,BD3",HepG2_10kb
4,51810000,encode_blacklist,moderate,none,none,strong,D4,D4,"BD2,BD3",HepG2_10kb
4,58880000,assembly_gap,weak,none,none,strong,D3,D3,"BD2,BD3",HepG2_10kb
4,58920000,assembly_gap,weak,none,none,moderate,D3,D3,"BD2,BD3",HepG2_10kb
5,17540000,assembly_gap,weak,none,none,none,D1,D1,"BD2,BD3",HepG2_10kb
5,45930000,encode_blacklist,weak,none,none,none,D1,D1,"BD2,BD3",HepG2_10kb
5,46430000,assembly_gap+encode_blacklist,weak,none,none,none,D1,D1,"BD2,BD3",HepG2_10kb
5,50180000,assembly_gap+encode_blacklist,weak,none,none,none,D1,D1,"BD2,BD3",HepG2_10kb
5,50260000,assembly_gap+encode_blacklist,weak,none,none,none,D1,D1,"BD2,BD3",HepG2_10kb
5,50270000,assembly_gap,weak,none,none,none,D1,D1,"BD2,BD3",HepG2_10kb
5,50300000,assembly_gap,weak,none,none,none,D1,D1,"BD2,BD3",HepG2_10kb
5,50380000,assembly_gap,weak,none,none,none,D1,D1,"BD2,BD3",HepG2_10kb
5,50430000,assembly_gap,weak,none,none,none,D1,D1,"BD2,BD3",HepG2_10kb
5,50450000,assembly_gap,weak,none,none,none,D1,D1,"BD2,BD3",HepG2_10kb
5,50460000,assembly_gap,weak,none,none,none,D1,D1,"BD2,BD3",HepG2_10kb
5,50500000,assembly_gap,weak,none,none,none,D1,D1,"BD2,BD3",HepG2_10kb
5,50510000,assembly_gap,weak,none,none,none,D1,D1,"BD2,BD3",HepG2_10kb
5,50530000,assembly_gap,weak,none,none,none,D1,D1,"BD2,BD3",HepG2_10kb
5,50540000,assembly_gap,weak,none,none,none,D1,D1,"BD2,BD3",HepG2_10kb
5,50570000,assembly_gap,weak,none,none,none,D1,D1,"BD2,BD3",HepG2_10kb
5,50640000,assembly_gap,weak,none,none,none,D1,D1,"BD2,BD3",HepG2_10kb
5,50650000,assembly_gap,weak,none,none,none,D1,D1,"BD2,BD3",HepG2_10kb
5,50730000,assembly_gap,weak,weak,none,none,D2,D1,"BD2,BD3",HepG2_10kb
5,50780000,assembly_gap,weak,none,none,none,D1,D1,"BD2,BD3",HepG2_10kb
5,50820000,assembly_gap,weak,none,none,none,D1,D1,"BD2,BD3",HepG2_10kb
5,50880000,assembly_gap,weak,none,none,none,D1,D1,"BD2,BD3",HepG2_10kb
5,50890000,assembly_gap,weak,none,none,none,D1,D1,"BD2,BD3",HepG2_10kb
5,50920000,assembly_gap,weak,none,none,strong,D3,D3,"BD2,BD3",HepG2_10kb
5,50950000,assembly_gap,moderate,moderate,weak,strong,D4,D4,"BD2,BD3",HepG2_10kb
5,50960000,assembly_gap,moderate,moderate,weak,strong,D4,D4,"BD2,BD3",HepG2_10kb
5,51060000,assembly_gap,weak,none,none,none,D1,D1,"BD2,BD3",HepG2_10kb
5,51140000,assembly_gap,weak,none,none,none,D1,D1,"BD2,BD3",HepG2_10kb
5,51340000,assembly_gap,weak,none,none,strong,D3,D3,"BD2,BD3",HepG2_10kb
5,51350000,assembly_gap,weak,none,none,strong,D3,D3,"BD2,BD3",HepG2_10kb
5,51370000,assembly_gap,weak,none,none,strong,D3,D3,"BD2,BD3",HepG2_10kb
6,60230000,assembly_gap,weak,none,none,none,D1,D1,"BD2,BD3",HepG2_10kb
6,60540000,assembly_gap,weak,none,none,strong,D3,D3,"BD2,BD3",HepG2_10kb
6,60560000,assembly_gap,weak,none,none,strong,D3,D3,"BD2,BD3",HepG2_10kb
6,60600000,assembly_gap,weak,none,none,strong,D3,D3,"BD2,BD3",HepG2_10kb
6,60660000,assembly_gap,weak,none,none,none,D1,D1,"BD2,BD3",HepG2_10kb
6,60730000,assembly_gap,weak,none,none,none,D1,D1,"BD2,BD3",HepG2_10kb
6,60790000,assembly_gap,weak,none,none,strong,D3,D3,"BD2,BD3",HepG2_10kb
6,60810000,assembly_gap,weak,none,none,strong,D3,D3,"BD2,BD3",HepG2_10kb
6,60820000,assembly_gap,weak,none,none,strong,D3,D3,"BD2,BD3",HepG2_10kb
6,60890000,assembly_gap,weak,none,none,strong,D3,D3,"BD2,BD3",HepG2_10kb
6,60900000,assembly_gap,weak,none,none,strong,D3,D3,"BD2,BD3",HepG2_10kb
6,60950000,assembly_gap,weak,none,none,strong,D3,D3,"BD2,BD3",HepG2_10kb
6,60990000,assembly_gap,weak,none,none,strong,D3,D3,"BD2,BD3",HepG2_10kb
6,61000000,assembly_gap,weak,none,none,moderate,D3,D3,"BD2,BD3",HepG2_10kb
6,61050000,assembly_gap,weak,none,none,strong,D3,D3,"BD2,BD3",HepG2_10kb
6,61060000,assembly_gap,weak,none,none,strong,D3,D3,"BD2,BD3",HepG2_10kb
6,61130000,assembly_gap,weak,none,none,strong,D3,D3,"BD2,BD3",HepG2_10kb
6,61170000,assembly_gap,weak,none,none,strong,D3,D3,"BD2,BD3",HepG2_10kb
6,61180000,assembly_gap,weak,none,none,strong,D3,D3,"BD2,BD3",HepG2_10kb
6,61260000,assembly_gap,weak,none,none,moderate,D3,D3,"BD2,BD3",HepG2_10kb
6,61470000,assembly_gap+encode_blacklist,weak,none,none,none,D1,D1,"BD2,BD3",HepG2_10kb
6,61480000,assembly_gap+encode_blacklist,weak,none,none,none,D1,D1,"BD2,BD3",HepG2_10kb
6,61520000,assembly_gap+encode_blacklist,weak,none,none,none,D1,D1,"BD2,BD3",HepG2_10kb
6,61600000,assembly_gap,weak,none,none,none,D1,D1,"BD2,BD3",HepG2_10kb
6,61640000,assembly_gap,weak,none,none,none,D1,D1,"BD2,BD3",HepG2_10kb
6,61670000,assembly_gap,weak,none,none,none,D1,D1,"BD2,BD3",HepG2_10kb
6,61720000,assembly_gap,weak,none,none,none,D1,D1,"BD2,BD3",HepG2_10kb
6,61790000,assembly_gap,strong,weak,none,moderate,D4,D4,"BD2,BD3",HepG2_10kb
6,61800000,assembly_gap,strong,weak,none,moderate,D4,D4,"BD2,BD3",HepG2_10kb
6,61860000,assembly_gap,weak,none,none,strong,D3,D3,"BD2,BD3",HepG2_10kb
6,61930000,assembly_gap,weak,none,none,moderate,D3,D3,"BD2,BD3",HepG2_10kb
6,62000000,assembly_gap,weak,none,none,none,D1,D1,"BD2,BD3",HepG2_10kb
6,62010000,assembly_gap,weak,none,none,none,D1,D1,"BD2,BD3",HepG2_10kb
6,62080000,assembly_gap,weak,none,none,none,D1,D1,"BD2,BD3",HepG2_10kb
6,62150000,assembly_gap,weak,none,none,moderate,D3,D3,"BD2,BD3",HepG2_10kb
6,62180000,assembly_gap,weak,none,none,moderate,D3,D3,"BD2,BD3",HepG2_10kb
6,62190000,assembly_gap,weak,none,none,moderate,D3,D3,"BD2,BD3",HepG2_10kb
6,62220000,assembly_gap,weak,none,none,none,D1,D1,"BD2,BD3",HepG2_10kb
6,62300000,assembly_gap,weak,none,none,none,D1,D1,"BD2,BD3",HepG2_10kb
6,62310000,assembly_gap,weak,none,none,none,D1,D1,"BD2,BD3",HepG2_10kb
6,62380000,assembly_gap,weak,none,none,none,D1,D1,"BD2,BD3",HepG2_10kb
6,62420000,assembly_gap,weak,none,none,none,D1,D1,"BD2,BD3",HepG2_10kb
6,62470000,assembly_gap,weak,none,none,none,D1,D1,"BD2,BD3",HepG2_10kb
6,62480000,assembly_gap,weak,none,none,none,D1,D1,"BD2,BD3",HepG2_10kb
6,62560000,assembly_gap,weak,none,none,moderate,D3,D3,"BD2,BD3",HepG2_10kb
6,62590000,assembly_gap,weak,none,none,moderate,D3,D3,"BD2,BD3",HepG2_10kb
6,95070000,assembly_gap,weak,none,none,none,D1,D1,"BD2,BD3",HepG2_10kb
6,167630000,assembly_gap,weak,none,none,moderate,D3,D3,"BD2,BD3",HepG2_10kb
6,167640000,assembly_gap,weak,none,none,moderate,D3,D3,"BD2,BD3",HepG2_10kb
7,58110000,assembly_gap,weak,none,none,none,D1,D1,"BD2,BD3",HepG2_10kb
7,62520000,encode_blacklist,weak,none,none,none,D1,D1,"BD2,BD3",HepG2_10kb
7,159340000,assembly_gap,strong,none,none,none,D3,D3,"BD2,BD3",HepG2_10kb
8,43210000,assembly_gap,weak,none,none,none,D1,D1,"BD2,BD3",HepG2_10kb
8,43230000,assembly_gap,weak,none,none,moderate,D3,D3,"BD2,BD3",HepG2_10kb
8,43280000,assembly_gap,weak,weak,weak,strong,D3,D3,"BD2,BD3",HepG2_10kb
8,43310000,assembly_gap,weak,none,none,strong,D3,D3,"BD2,BD3",HepG2_10kb
8,43390000,assembly_gap,weak,none,none,moderate,D3,D3,"BD2,BD3",HepG2_10kb
8,43430000,assembly_gap,weak,none,none,moderate,D3,D3,"BD2,BD3",HepG2_10kb
8,43570000,assembly_gap,weak,none,none,none,D1,D1,"BD2,BD3",HepG2_10kb
8,43580000,assembly_gap,moderate,none,none,none,D3,D3,"BD2,BD3",HepG2_10kb
8,43590000,assembly_gap,weak,none,none,none,D1,D1,"BD2,BD3",HepG2_10kb
8,43700000,assembly_gap,weak,none,weak,strong,D3,D3,"BD2,BD3",HepG2_10kb
8,43790000,assembly_gap,weak,none,none,none,D1,D1,"BD2,BD3",HepG2_10kb
8,43840000,assembly_gap,weak,none,none,none,D1,D1,"BD2,BD3",HepG2_10kb
8,43890000,assembly_gap,weak,none,none,none,D1,D1,"BD2,BD3",HepG2_10kb
8,43910000,assembly_gap,weak,none,none,none,D1,D1,"BD2,BD3",HepG2_10kb
8,45980000,assembly_gap,weak,none,none,moderate,D3,D3,"BD2,BD3",HepG2_10kb
8,45990000,assembly_gap,weak,none,none,moderate,D3,D3,"BD2,BD3",HepG2_10kb
8,46010000,assembly_gap,weak,none,none,moderate,D3,D3,"BD2,BD3",HepG2_10kb
8,46060000,assembly_gap,weak,none,none,moderate,D3,D3,"BD2,BD3",HepG2_10kb
8,46120000,assembly_gap,weak,none,none,none,D1,D1,"BD2,BD3",HepG2_10kb
8,46170000,assembly_gap,weak,none,none,moderate,D3,D3,"BD2,BD3",HepG2_10kb
8,46190000,assembly_gap,weak,none,none,strong,D3,D3,"BD2,BD3",HepG2_10kb
8,46250000,assembly_gap,weak,none,weak,strong,D3,D3,"BD2,BD3",HepG2_10kb
8,46270000,assembly_gap,weak,none,none,strong,D3,D3,"BD2,BD3",HepG2_10kb
8,46290000,assembly_gap,weak,none,none,moderate,D3,D3,"BD2,BD3",HepG2_10kb
8,46320000,assembly_gap,weak,none,none,none,D1,D1,"BD2,BD3",HepG2_10kb
8,46360000,assembly_gap,weak,none,none,none,D1,D1,"BD2,BD3",HepG2_10kb
8,46450000,assembly_gap,moderate,none,none,moderate,D4,D4,"BD2,BD3",HepG2_10kb
8,46460000,assembly_gap,moderate,none,none,moderate,D4,D4,"BD2,BD3",HepG2_10kb
8,46480000,assembly_gap,weak,none,none,moderate,D3,D3,"BD2,BD3",HepG2_10kb
8,46530000,assembly_gap,weak,none,none,none,D1,D1,"BD2,BD3",HepG2_10kb
8,46540000,assembly_gap,weak,none,none,none,D1,D1,"BD2,BD3",HepG2_10kb
8,46570000,assembly_gap,weak,none,none,none,D1,D1,"BD2,BD3",HepG2_10kb
8,46650000,assembly_gap,weak,none,none,moderate,D3,D3,"BD2,BD3",HepG2_10kb
8,46680000,assembly_gap,weak,none,none,moderate,D3,D3,"BD2,BD3",HepG2_10kb
8,46690000,assembly_gap,weak,weak,none,moderate,D3,D3,"BD2,BD3",HepG2_10kb
8,46780000,assembly_gap,weak,none,none,none,D1,D1,"BD2,BD3",HepG2_10kb
8,46870000,assembly_gap,weak,none,none,none,D1,D1,"BD2,BD3",HepG2_10kb
8,46900000,assembly_gap,moderate,none,weak,none,D3,D3,"BD2,BD3",HepG2_10kb
8,46910000,assembly_gap,moderate,none,weak,none,D3,D3,"BD2,BD3",HepG2_10kb
8,46950000,assembly_gap,weak,weak,none,none,D2,D1,"BD2,BD3",HepG2_10kb
8,46960000,assembly_gap,strong,weak,none,none,D4,D3,"BD2,BD3",HepG2_10kb
8,46970000,assembly_gap,strong,moderate,none,moderate,D4,D4,"BD2,BD3",HepG2_10kb
8,46980000,assembly_gap,weak,none,none,moderate,D3,D3,"BD2,BD3",HepG2_10kb
8,47050000,assembly_gap,weak,none,none,moderate,D3,D3,"BD2,BD3",HepG2_10kb
8,47100000,assembly_gap,weak,none,none,none,D1,D1,"BD2,BD3",HepG2_10kb
8,47160000,assembly_gap,weak,weak,none,moderate,D3,D3,"BD2,BD3",HepG2_10kb
8,47180000,assembly_gap,strong,moderate,none,moderate,D4,D4,"BD2,BD3",HepG2_10kb
8,47190000,assembly_gap,strong,moderate,none,moderate,D4,D4,"BD2,BD3",HepG2_10kb
8,85670000,assembly_gap,weak,none,none,none,D1,D1,"BD2,BD3",HepG2_10kb
8,145080000,assembly_gap,strong,weak,weak,none,D4,D3,"BD2,BD3",HepG2_10kb
8,145090000,assembly_gap,weak,weak,weak,none,D2,D1,"BD2,BD3",HepG2_10kb
9,42240000,assembly_gap,weak,none,none,moderate,D3,D3,"BD2,BD3",HepG2_10kb
9,42290000,assembly_gap,weak,none,none,strong,D3,D3,"BD2,BD3",HepG2_10kb
9,42360000,assembly_gap,weak,none,none,strong,D3,D3,"BD2,BD3",HepG2_10kb
9,42410000,assembly_gap,weak,none,none,moderate,D3,D3,"BD2,BD3",HepG2_10kb
9,42720000,assembly_gap,weak,none,none,strong,D3,D3,"BD2,BD3",HepG2_10kb
9,42760000,assembly_gap,weak,none,none,strong,D3,D3,"BD2,BD3",HepG2_10kb
10,38100000,assembly_gap,moderate,none,none,strong,D4,D4,"BD2,BD3",HepG2_10kb
10,38110000,assembly_gap,moderate,none,none,strong,D4,D4,"BD2,BD3",HepG2_10kb
10,38170000,assembly_gap,weak,none,none,strong,D3,D3,"BD2,BD3",HepG2_10kb
10,38240000,assembly_gap,weak,none,none,moderate,D3,D3,"BD2,BD3",HepG2_10kb
10,38350000,assembly_gap,weak,none,none,strong,D3,D3,"BD2,BD3",HepG2_10kb
10,38390000,assembly_gap,weak,none,none,strong,D3,D3,"BD2,BD3",HepG2_10kb
10,38400000,assembly_gap,weak,none,none,strong,D3,D3,"BD2,BD3",HepG2_10kb
10,38470000,assembly_gap,weak,none,none,none,D1,D1,"BD2,BD3",HepG2_10kb
10,38610000,assembly_gap,weak,none,none,none,D1,D1,"BD2,BD3",HepG2_10kb
10,38660000,assembly_gap,weak,none,none,moderate,D3,D3,"BD2,BD3",HepG2_10kb
10,38940000,assembly_gap+encode_blacklist,weak,none,none,moderate,D3,D3,"BD2,BD3",HepG2_10kb
10,39000000,assembly_gap,weak,none,none,moderate,D3,D3,"BD2,BD3",HepG2_10kb
10,39360000,assembly_gap+encode_blacklist,weak,none,none,moderate,D3,D3,"BD2,BD3",HepG2_10kb
10,39390000,assembly_gap+encode_blacklist,weak,none,none,none,D1,D1,"BD2,BD3",HepG2_10kb
10,39400000,assembly_gap+encode_blacklist,weak,none,none,none,D1,D1,"BD2,BD3",HepG2_10kb
10,133700000,assembly_gap,weak,none,none,none,D1,D1,"BD2,BD3",HepG2_10kb
11,54540000,assembly_gap,weak,none,none,none,D1,D1,"BD2,BD3",HepG2_10kb
11,54560000,assembly_gap,weak,none,none,moderate,D3,D3,"BD2,BD3",HepG2_10kb
11,54590000,assembly_gap,weak,none,none,strong,D3,D3,"BD2,BD3",HepG2_10kb
11,54690000,assembly_gap,weak,none,none,strong,D3,D3,"BD2,BD3",HepG2_10kb
11,54700000,assembly_gap,weak,none,none,strong,D3,D3,"BD2,BD3",HepG2_10kb
11,54750000,assembly_gap,weak,none,none,strong,D3,D3,"BD2,BD3",HepG2_10kb
11,55270000,assembly_gap,moderate,none,none,strong,D4,D4,"BD2,BD3",HepG2_10kb
11,55280000,assembly_gap,moderate,none,none,strong,D4,D4,"BD2,BD3",HepG2_10kb
11,55350000,assembly_gap,weak,none,none,none,D1,D1,"BD2,BD3",HepG2_10kb
11,55410000,assembly_gap,weak,none,none,none,D1,D1,"BD2,BD3",HepG2_10kb
11,55420000,assembly_gap,weak,none,none,none,D1,D1,"BD2,BD3",HepG2_10kb
11,55480000,assembly_gap,weak,none,none,none,D1,D1,"BD2,BD3",HepG2_10kb
11,55590000,assembly_gap,weak,none,none,none,D1,D1,"BD2,BD3",HepG2_10kb
11,55640000,assembly_gap,weak,none,none,none,D1,D1,"BD2,BD3",HepG2_10kb
11,55700000,assembly_gap,weak,none,none,none,D1,D1,"BD2,BD3",HepG2_10kb
11,55740000,assembly_gap,weak,none,none,none,D1,D1,"BD2,BD3",HepG2_10kb
11,55760000,assembly_gap,weak,none,none,none,D1,D1,"BD2,BD3",HepG2_10kb
11,55790000,assembly_gap,weak,none,none,none,D1,D1,"BD2,BD3",HepG2_10kb
11,70960000,assembly_gap,weak,none,none,none,D1,D1,"BD2,BD3",HepG2_10kb
11,71020000,assembly_gap,weak,none,none,none,D1,D1,"BD2,BD3",HepG2_10kb
11,71050000,assembly_gap,weak,none,none,none,D1,D1,"BD2,BD3",HepG2_10kb
11,87980000,assembly_gap,weak,none,none,moderate,D3,D3,"BD2,BD3",HepG2_10kb
11,88000000,assembly_gap,weak,none,none,strong,D3,D3,"BD2,BD3",HepG2_10kb
11,135080000,assembly_gap,strong,strong,weak,none,D5,D3,"BD2,BD3",HepG2_10kb
12,33250000,assembly_gap,weak,none,none,none,D1,D1,"BD2,BD3",HepG2_10kb
12,33310000,assembly_gap,weak,none,none,moderate,D3,D3,"BD2,BD3",HepG2_10kb
12,33320000,assembly_gap,weak,none,none,moderate,D3,D3,"BD2,BD3",HepG2_10kb
12,33330000,assembly_gap,weak,none,none,moderate,D3,D3,"BD2,BD3",HepG2_10kb
12,33420000,assembly_gap,weak,none,none,none,D1,D1,"BD2,BD3",HepG2_10kb
12,33430000,assembly_gap,weak,none,none,none,D1,D1,"BD2,BD3",HepG2_10kb
12,33440000,assembly_gap,weak,none,none,none,D1,D1,"BD2,BD3",HepG2_10kb
12,33500000,assembly_gap,weak,none,none,none,D1,D1,"BD2,BD3",HepG2_10kb
12,33610000,assembly_gap,weak,none,none,strong,D3,D3,"BD2,BD3",HepG2_10kb
12,33630000,assembly_gap,weak,none,none,strong,D3,D3,"BD2,BD3",HepG2_10kb
12,33640000,assembly_gap,weak,none,none,none,D1,D1,"BD2,BD3",HepG2_10kb
12,33740000,assembly_gap,weak,none,none,none,D1,D1,"BD2,BD3",HepG2_10kb
12,33820000,assembly_gap,weak,none,none,none,D1,D1,"BD2,BD3",HepG2_10kb
12,33830000,assembly_gap,weak,none,none,none,D1,D1,"BD2,BD3",HepG2_10kb
12,34010000,assembly_gap,strong,none,weak,strong,D5,D5,"BD2,BD3",HepG2_10kb
12,34020000,assembly_gap,strong,weak,weak,strong,D5,D5,"BD2,BD3",HepG2_10kb
12,34030000,assembly_gap,strong,weak,weak,strong,D5,D5,"BD2,BD3",HepG2_10kb
12,34060000,assembly_gap,weak,none,none,strong,D3,D3,"BD2,BD3",HepG2_10kb
12,34090000,assembly_gap,weak,none,none,strong,D3,D3,"BD2,BD3",HepG2_10kb
12,34220000,assembly_gap,weak,none,none,strong,D3,D3,"BD2,BD3",HepG2_10kb
12,34240000,assembly_gap,weak,weak,none,strong,D3,D3,"BD2,BD3",HepG2_10kb
12,34260000,assembly_gap,weak,none,none,strong,D3,D3,"BD2,BD3",HepG2_10kb
12,34370000,assembly_gap,weak,none,none,strong,D3,D3,"BD2,BD3",HepG2_10kb
12,34390000,assembly_gap,weak,none,none,moderate,D3,D3,"BD2,BD3",HepG2_10kb
12,34400000,assembly_gap,moderate,none,none,moderate,D4,D4,"BD2,BD3",HepG2_10kb
12,34410000,assembly_gap,weak,none,none,moderate,D3,D3,"BD2,BD3",HepG2_10kb
12,34610000,assembly_gap,weak,none,none,strong,D3,D3,"BD2,BD3",HepG2_10kb
12,37270000,assembly_gap+encode_blacklist,weak,none,none,none,D1,D1,"BD2,BD3",HepG2_10kb
12,37500000,assembly_gap,weak,none,none,none,D1,D1,"BD2,BD3",HepG2_10kb
12,37540000,assembly_gap,weak,none,none,strong,D3,D3,"BD2,BD3",HepG2_10kb
12,37600000,assembly_gap,weak,none,none,strong,D3,D3,"BD2,BD3",HepG2_10kb
12,133270000,assembly_gap,strong,none,none,none,D3,D3,"BD2,BD3",HepG2_10kb
13,18170000,assembly_gap+encode_blacklist,weak,none,none,none,D1,D1,"BD2,BD3",HepG2_10kb
13,18220000,assembly_gap,weak,none,none,none,D1,D1,"BD2,BD3",HepG2_10kb
13,18230000,assembly_gap,weak,none,none,none,D1,D1,"BD2,BD3",HepG2_10kb
13,18240000,assembly_gap,weak,none,none,none,D1,D1,"BD2,BD3",HepG2_10kb
13,18290000,assembly_gap,weak,none,none,none,D1,D1,"BD2,BD3",HepG2_10kb
13,18300000,assembly_gap,weak,none,none,none,D1,D1,"BD2,BD3",HepG2_10kb
13,18340000,assembly_gap,weak,none,none,none,D1,D1,"BD2,BD3",HepG2_10kb
13,18680000,assembly_gap,weak,none,none,none,D1,D1,"BD2,BD3",HepG2_10kb
13,18730000,assembly_gap,weak,none,none,none,D1,D1,"BD2,BD3",HepG2_10kb
13,18740000,assembly_gap,weak,none,none,none,D1,D1,"BD2,BD3",HepG2_10kb
13,18780000,assembly_gap,weak,none,none,none,D1,D1,"BD2,BD3",HepG2_10kb
13,18850000,assembly_gap,weak,none,none,none,D1,D1,"BD2,BD3",HepG2_10kb
13,18880000,assembly_gap,weak,none,none,none,D1,D1,"BD2,BD3",HepG2_10kb
13,111840000,assembly_gap,strong,none,none,none,D3,D3,"BD2,BD3",HepG2_10kb
13,113680000,assembly_gap,weak,none,none,none,D1,D1,"BD2,BD3",HepG2_10kb
13,113720000,assembly_gap,weak,weak,none,none,D2,D1,"BD2,BD3",HepG2_10kb
13,114360000,assembly_gap,strong,strong,weak,none,D5,D3,"BD2,BD3",HepG2_10kb
14,106890000,assembly_gap,moderate,strong,moderate,none,D4,D3,"BD2,BD3",HepG2_10kb
15,20180000,assembly_gap,weak,none,none,none,D1,D1,"BD2,BD3",HepG2_10kb
15,20190000,assembly_gap,weak,none,none,none,D1,D1,"BD2,BD3",HepG2_10kb
15,20240000,assembly_gap,weak,none,none,none,D1,D1,"BD2,BD3",HepG2_10kb
15,20300000,assembly_gap,weak,none,none,none,D1,D1,"BD2,BD3",HepG2_10kb
15,20330000,assembly_gap,weak,none,none,moderate,D3,D3,"BD2,BD3",HepG2_10kb
15,20420000,assembly_gap,weak,none,none,none,D1,D1,"BD2,BD3",HepG2_10kb
15,20430000,assembly_gap,weak,none,none,none,D1,D1,"BD2,BD3",HepG2_10kb
16,3370000,encode_blacklist,moderate,moderate,weak,none,D4,D3,"BD2,BD3",HepG2_10kb
16,35310000,assembly_gap,weak,none,none,none,D1,D1,"BD2,BD3",HepG2_10kb
16,35340000,assembly_gap,weak,none,none,none,D1,D1,"BD2,BD3",HepG2_10kb
16,35360000,assembly_gap,weak,none,none,none,D1,D1,"BD2,BD3",HepG2_10kb
16,35370000,assembly_gap,weak,weak,none,none,D2,D1,"BD2,BD3",HepG2_10kb
16,35450000,assembly_gap,weak,none,none,none,D1,D1,"BD2,BD3",HepG2_10kb
16,35470000,assembly_gap,weak,none,none,none,D1,D1,"BD2,BD3",HepG2_10kb
16,35480000,assembly_gap,weak,none,none,none,D1,D1,"BD2,BD3",HepG2_10kb
16,35530000,assembly_gap,weak,none,none,none,D1,D1,"BD2,BD3",HepG2_10kb
16,35540000,assembly_gap,weak,none,none,moderate,D3,D3,"BD2,BD3",HepG2_10kb
16,35610000,assembly_gap,weak,none,none,moderate,D3,D3,"BD2,BD3",HepG2_10kb
16,35650000,assembly_gap,weak,none,none,none,D1,D1,"BD2,BD3",HepG2_10kb
16,35700000,assembly_gap,weak,none,none,moderate,D3,D3,"BD2,BD3",HepG2_10kb
16,35720000,assembly_gap,weak,none,none,moderate,D3,D3,"BD2,BD3",HepG2_10kb
16,35760000,assembly_gap,weak,none,none,moderate,D3,D3,"BD2,BD3",HepG2_10kb
16,35880000,assembly_gap,weak,none,none,strong,D3,D3,"BD2,BD3",HepG2_10kb
16,35920000,assembly_gap,weak,none,none,moderate,D3,D3,"BD2,BD3",HepG2_10kb
16,36250000,assembly_gap+encode_blacklist,weak,none,none,none,D1,D1,"BD2,BD3",HepG2_10kb
16,46390000,assembly_gap,weak,none,none,none,D1,D1,"BD2,BD3",HepG2_10kb
16,46430000,assembly_gap,weak,none,none,none,D1,D1,"BD2,BD3",HepG2_10kb
16,46460000,assembly_gap,weak,none,none,none,D1,D1,"BD2,BD3",HepG2_10kb
16,46510000,assembly_gap,weak,none,none,moderate,D3,D3,"BD2,BD3",HepG2_10kb
16,46540000,assembly_gap,weak,weak,none,moderate,D3,D3,"BD2,BD3",HepG2_10kb
16,46620000,assembly_gap,strong,weak,none,moderate,D4,D4,"BD2,BD3",HepG2_10kb
16,46630000,assembly_gap,strong,weak,none,strong,D5,D5,"BD2,BD3",HepG2_10kb
16,46650000,assembly_gap,weak,weak,none,strong,D3,D3,"BD2,BD3",HepG2_10kb
16,46690000,assembly_gap,weak,moderate,weak,strong,D3,D3,"BD2,BD3",HepG2_10kb
16,46790000,assembly_gap,weak,none,none,moderate,D3,D3,"BD2,BD3",HepG2_10kb
16,46810000,assembly_gap,weak,none,none,strong,D3,D3,"BD2,BD3",HepG2_10kb
16,46820000,assembly_gap,moderate,none,weak,strong,D4,D4,"BD2,BD3",HepG2_10kb
16,46830000,assembly_gap,weak,none,weak,strong,D3,D3,"BD2,BD3",HepG2_10kb
16,46930000,assembly_gap,moderate,moderate,strong,strong,D4,D4,"BD2,BD3",HepG2_10kb
16,46940000,assembly_gap,moderate,moderate,moderate,strong,D4,D4,"BD2,BD3",HepG2_10kb
17,450000,assembly_gap,weak,none,none,none,D1,D1,"BD2,BD3",HepG2_10kb
17,22520000,encode_blacklist,weak,none,none,strong,D3,D3,"BD2,BD3",HepG2_10kb
17,22530000,encode_blacklist,weak,none,none,strong,D3,D3,"BD2,BD3",HepG2_10kb
17,26940000,assembly_gap,weak,none,none,strong,D3,D3,"BD2,BD3",HepG2_10kb
17,26980000,assembly_gap,weak,none,none,strong,D3,D3,"BD2,BD3",HepG2_10kb
17,26990000,assembly_gap,weak,none,none,strong,D3,D3,"BD2,BD3",HepG2_10kb
17,27030000,assembly_gap,weak,none,none,strong,D3,D3,"BD2,BD3",HepG2_10kb
17,27040000,assembly_gap,weak,none,none,moderate,D3,D3,"BD2,BD3",HepG2_10kb
17,27060000,assembly_gap,weak,none,none,moderate,D3,D3,"BD2,BD3",HepG2_10kb
17,27100000,assembly_gap,weak,none,none,none,D1,D1,"BD2,BD3",HepG2_10kb
17,27110000,assembly_gap,weak,none,none,none,D1,D1,"BD2,BD3",HepG2_10kb
17,27160000,assembly_gap,moderate,none,none,none,D3,D3,"BD2,BD3",HepG2_10kb
17,27170000,assembly_gap,moderate,none,none,none,D3,D3,"BD2,BD3",HepG2_10kb
17,27190000,assembly_gap,moderate,none,none,strong,D4,D4,"BD2,BD3",HepG2_10kb
17,27350000,assembly_gap,weak,weak,moderate,strong,D3,D3,"BD2,BD3",HepG2_10kb
17,27370000,assembly_gap,weak,moderate,moderate,strong,D3,D3,"BD2,BD3",HepG2_10kb
17,27390000,assembly_gap,weak,moderate,weak,strong,D3,D3,"BD2,BD3",HepG2_10kb
17,81750000,assembly_gap,weak,none,none,none,D1,D1,"BD2,BD3",HepG2_10kb
17,81790000,assembly_gap,weak,none,none,none,D1,D1,"BD2,BD3",HepG2_10kb
17,83250000,assembly_gap,weak,none,none,none,D1,D1,"BD2,BD3",HepG2_10kb
18,20930000,assembly_gap,weak,none,none,strong,D3,D3,"BD2,BD3",HepG2_10kb
18,20940000,assembly_gap,weak,none,none,strong,D3,D3,"BD2,BD3",HepG2_10kb
18,20950000,assembly_gap,moderate,none,none,strong,D4,D4,"BD2,BD3",HepG2_10kb
18,20960000,assembly_gap,weak,none,none,strong,D3,D3,"BD2,BD3",HepG2_10kb
18,21030000,assembly_gap,weak,none,none,strong,D3,D3,"BD2,BD3",HepG2_10kb
18,21110000,assembly_gap,weak,none,none,strong,D3,D3,"BD2,BD3",HepG2_10kb
18,21120000,assembly_gap,weak,none,none,strong,D3,D3,"BD2,BD3",HepG2_10kb
18,21170000,assembly_gap,weak,moderate,weak,strong,D3,D3,"BD2,BD3",HepG2_10kb
18,21190000,assembly_gap,strong,moderate,moderate,strong,D5,D5,"BD2,BD3",HepG2_10kb
18,21200000,assembly_gap,strong,moderate,moderate,strong,D5,D5,"BD2,BD3",HepG2_10kb
18,21450000,assembly_gap,weak,none,none,moderate,D3,D3,"BD2,BD3",HepG2_10kb
18,21460000,assembly_gap,moderate,none,none,moderate,D4,D4,"BD2,BD3",HepG2_10kb
18,21470000,assembly_gap,strong,weak,none,moderate,D4,D4,"BD2,BD3",HepG2_10kb
18,21480000,assembly_gap,moderate,weak,weak,moderate,D4,D4,"BD2,BD3",HepG2_10kb
18,80270000,assembly_gap,moderate,strong,strong,none,D4,D3,"BD2,BD3",HepG2_10kb
19,19910000,assembly_gap,weak,none,none,moderate,D3,D3,"BD2,BD3",HepG2_10kb
19,19960000,assembly_gap,weak,none,weak,strong,D3,D3,"BD2,BD3",HepG2_10kb
19,19970000,assembly_gap,moderate,none,weak,strong,D4,D4,"BD2,BD3",HepG2_10kb
19,19980000,assembly_gap,moderate,none,none,strong,D4,D4,"BD2,BD3",HepG2_10kb
19,19990000,assembly_gap,weak,none,none,strong,D3,D3,"BD2,BD3",HepG2_10kb
19,20060000,assembly_gap,weak,none,none,none,D1,D1,"BD2,BD3",HepG2_10kb
19,20130000,assembly_gap,weak,none,none,none,D1,D1,"BD2,BD3",HepG2_10kb
19,20140000,assembly_gap,weak,none,none,moderate,D3,D3,"BD2,BD3",HepG2_10kb
19,20310000,assembly_gap,weak,none,none,none,D1,D1,"BD2,BD3",HepG2_10kb
19,20320000,assembly_gap,moderate,none,none,none,D3,D3,"BD2,BD3",HepG2_10kb
19,20330000,assembly_gap,weak,none,none,moderate,D3,D3,"BD2,BD3",HepG2_10kb
19,20450000,assembly_gap,weak,none,none,none,D1,D1,"BD2,BD3",HepG2_10kb
19,20530000,assembly_gap,weak,none,none,strong,D3,D3,"BD2,BD3",HepG2_10kb
19,20560000,assembly_gap,weak,none,none,strong,D3,D3,"BD2,BD3",HepG2_10kb
19,20620000,assembly_gap,weak,none,none,moderate,D3,D3,"BD2,BD3",HepG2_10kb
19,20670000,assembly_gap,weak,none,none,moderate,D3,D3,"BD2,BD3",HepG2_10kb
19,20760000,assembly_gap,weak,none,none,strong,D3,D3,"BD2,BD3",HepG2_10kb
19,20770000,assembly_gap,weak,none,none,strong,D3,D3,"BD2,BD3",HepG2_10kb
19,20850000,assembly_gap,weak,none,none,none,D1,D1,"BD2,BD3",HepG2_10kb
19,20870000,assembly_gap,weak,none,none,none,D1,D1,"BD2,BD3",HepG2_10kb
19,20910000,assembly_gap,weak,none,none,none,D1,D1,"BD2,BD3",HepG2_10kb
19,21010000,assembly_gap,moderate,none,none,none,D3,D3,"BD2,BD3",HepG2_10kb
19,21020000,assembly_gap,moderate,none,none,moderate,D4,D4,"BD2,BD3",HepG2_10kb
19,21170000,assembly_gap,weak,none,none,moderate,D3,D3,"BD2,BD3",HepG2_10kb
19,21190000,assembly_gap,moderate,none,none,moderate,D4,D4,"BD2,BD3",HepG2_10kb
19,21200000,assembly_gap,moderate,none,none,moderate,D4,D4,"BD2,BD3",HepG2_10kb
19,21280000,assembly_gap,weak,none,none,strong,D3,D3,"BD2,BD3",HepG2_10kb
19,21290000,assembly_gap,moderate,none,none,strong,D4,D4,"BD2,BD3",HepG2_10kb
19,21300000,assembly_gap,weak,none,none,strong,D3,D3,"BD2,BD3",HepG2_10kb
19,21370000,assembly_gap,weak,none,none,strong,D3,D3,"BD2,BD3",HepG2_10kb
19,21400000,assembly_gap,weak,none,none,none,D1,D1,"BD2,BD3",HepG2_10kb
19,21410000,assembly_gap,weak,none,none,none,D1,D1,"BD2,BD3",HepG2_10kb
19,21430000,assembly_gap,weak,none,none,none,D1,D1,"BD2,BD3",HepG2_10kb
19,21450000,assembly_gap,weak,none,none,moderate,D3,D3,"BD2,BD3",HepG2_10kb
19,21650000,assembly_gap,weak,none,none,moderate,D3,D3,"BD2,BD3",HepG2_10kb
19,21670000,assembly_gap,weak,none,none,strong,D3,D3,"BD2,BD3",HepG2_10kb
19,21680000,assembly_gap,weak,none,none,strong,D3,D3,"BD2,BD3",HepG2_10kb
19,21720000,assembly_gap,weak,none,none,strong,D3,D3,"BD2,BD3",HepG2_10kb
19,21730000,assembly_gap,weak,none,none,strong,D3,D3,"BD2,BD3",HepG2_10kb
19,21770000,assembly_gap,weak,none,none,none,D1,D1,"BD2,BD3",HepG2_10kb
19,21860000,assembly_gap,weak,none,none,moderate,D3,D3,"BD2,BD3",HepG2_10kb
19,21880000,assembly_gap,weak,none,none,moderate,D3,D3,"BD2,BD3",HepG2_10kb
19,21890000,assembly_gap,weak,none,none,strong,D3,D3,"BD2,BD3",HepG2_10kb
19,21960000,assembly_gap,weak,none,none,moderate,D3,D3,"BD2,BD3",HepG2_10kb
19,21970000,assembly_gap,weak,none,none,moderate,D3,D3,"BD2,BD3",HepG2_10kb
19,22000000,assembly_gap,weak,none,none,moderate,D3,D3,"BD2,BD3",HepG2_10kb
19,22080000,assembly_gap,weak,none,none,strong,D3,D3,"BD2,BD3",HepG2_10kb
19,22100000,assembly_gap,weak,none,none,strong,D3,D3,"BD2,BD3",HepG2_10kb
19,22110000,assembly_gap,weak,none,none,strong,D3,D3,"BD2,BD3",HepG2_10kb
19,22140000,assembly_gap,weak,none,none,strong,D3,D3,"BD2,BD3",HepG2_10kb
19,22150000,assembly_gap,weak,none,none,strong,D3,D3,"BD2,BD3",HepG2_10kb
19,22160000,assembly_gap,weak,none,none,moderate,D3,D3,"BD2,BD3",HepG2_10kb
19,22210000,assembly_gap,weak,none,none,moderate,D3,D3,"BD2,BD3",HepG2_10kb
19,22230000,assembly_gap,weak,none,none,moderate,D3,D3,"BD2,BD3",HepG2_10kb
19,22270000,assembly_gap,weak,none,none,moderate,D3,D3,"BD2,BD3",HepG2_10kb
19,22310000,assembly_gap,weak,none,none,none,D1,D1,"BD2,BD3",HepG2_10kb
19,22320000,assembly_gap,weak,none,none,none,D1,D1,"BD2,BD3",HepG2_10kb
19,22380000,assembly_gap,weak,none,none,none,D1,D1,"BD2,BD3",HepG2_10kb
19,22400000,assembly_gap,weak,none,none,none,D1,D1,"BD2,BD3",HepG2_10kb
19,22410000,assembly_gap,weak,none,none,none,D1,D1,"BD2,BD3",HepG2_10kb
19,22480000,assembly_gap,weak,none,none,moderate,D3,D3,"BD2,BD3",HepG2_10kb
19,22540000,assembly_gap,weak,none,none,moderate,D3,D3,"BD2,BD3",HepG2_10kb
19,22560000,assembly_gap,weak,none,none,moderate,D3,D3,"BD2,BD3",HepG2_10kb
19,22570000,assembly_gap,weak,none,none,none,D1,D1,"BD2,BD3",HepG2_10kb
19,22600000,assembly_gap,weak,none,none,none,D1,D1,"BD2,BD3",HepG2_10kb
19,22610000,assembly_gap,weak,none,none,none,D1,D1,"BD2,BD3",HepG2_10kb
19,22660000,assembly_gap,weak,none,none,none,D1,D1,"BD2,BD3",HepG2_10kb
19,22670000,assembly_gap,weak,none,none,none,D1,D1,"BD2,BD3",HepG2_10kb
19,22690000,assembly_gap,weak,none,none,none,D1,D1,"BD2,BD3",HepG2_10kb
19,22750000,assembly_gap,weak,none,none,none,D1,D1,"BD2,BD3",HepG2_10kb
19,22760000,assembly_gap,weak,none,none,none,D1,D1,"BD2,BD3",HepG2_10kb
19,22770000,assembly_gap,weak,none,none,none,D1,D1,"BD2,BD3",HepG2_10kb
19,22840000,assembly_gap,weak,none,none,none,D1,D1,"BD2,BD3",HepG2_10kb
19,22860000,assembly_gap,weak,none,none,none,D1,D1,"BD2,BD3",HepG2_10kb
19,22870000,assembly_gap,weak,none,none,strong,D3,D3,"BD2,BD3",HepG2_10kb
19,22910000,assembly_gap,weak,none,none,strong,D3,D3,"BD2,BD3",HepG2_10kb
19,22970000,assembly_gap,weak,none,none,strong,D3,D3,"BD2,BD3",HepG2_10kb
19,23090000,assembly_gap,weak,none,none,none,D1,D1,"BD2,BD3",HepG2_10kb
19,23140000,assembly_gap,weak,none,none,none,D1,D1,"BD2,BD3",HepG2_10kb
19,23150000,assembly_gap,weak,none,none,none,D1,D1,"BD2,BD3",HepG2_10kb
19,23210000,assembly_gap,weak,none,none,none,D1,D1,"BD2,BD3",HepG2_10kb
19,23220000,assembly_gap,weak,none,none,strong,D3,D3,"BD2,BD3",HepG2_10kb
19,23290000,assembly_gap,weak,moderate,weak,strong,D3,D3,"BD2,BD3",HepG2_10kb
19,23400000,assembly_gap,weak,none,none,moderate,D3,D3,"BD2,BD3",HepG2_10kb
19,23420000,assembly_gap,weak,moderate,weak,moderate,D3,D3,"BD2,BD3",HepG2_10kb
19,23440000,assembly_gap,weak,weak,none,moderate,D3,D3,"BD2,BD3",HepG2_10kb
19,23460000,assembly_gap,weak,weak,none,none,D2,D1,"BD2,BD3",HepG2_10kb
19,23470000,assembly_gap,weak,none,none,none,D1,D1,"BD2,BD3",HepG2_10kb
19,23480000,assembly_gap,weak,none,none,none,D1,D1,"BD2,BD3",HepG2_10kb
19,23610000,assembly_gap,weak,none,none,none,D1,D1,"BD2,BD3",HepG2_10kb
19,23620000,assembly_gap,weak,none,none,none,D1,D1,"BD2,BD3",HepG2_10kb
19,23640000,assembly_gap,weak,none,none,none,D1,D1,"BD2,BD3",HepG2_10kb
19,23710000,assembly_gap,weak,none,none,none,D1,D1,"BD2,BD3",HepG2_10kb
19,23820000,assembly_gap,weak,none,none,strong,D3,D3,"BD2,BD3",HepG2_10kb
19,23840000,assembly_gap,weak,none,none,moderate,D3,D3,"BD2,BD3",HepG2_10kb
19,23890000,assembly_gap,weak,none,none,strong,D3,D3,"BD2,BD3",HepG2_10kb
19,23900000,assembly_gap,weak,none,none,strong,D3,D3,"BD2,BD3",HepG2_10kb
19,23930000,assembly_gap,weak,none,none,strong,D3,D3,"BD2,BD3",HepG2_10kb
19,24020000,assembly_gap,moderate,none,none,strong,D4,D4,"BD2,BD3",HepG2_10kb
19,24030000,assembly_gap,moderate,none,none,strong,D4,D4,"BD2,BD3",HepG2_10kb
19,24120000,assembly_gap,weak,none,none,moderate,D3,D3,"BD2,BD3",HepG2_10kb
19,24130000,assembly_gap,weak,none,none,moderate,D3,D3,"BD2,BD3",HepG2_10kb
19,24160000,assembly_gap,weak,none,none,none,D1,D1,"BD2,BD3",HepG2_10kb
19,24190000,assembly_gap+encode_blacklist,weak,none,none,none,D1,D1,"BD2,BD3",HepG2_10kb
19,24390000,assembly_gap+encode_blacklist,weak,none,none,moderate,D3,D3,"BD2,BD3",HepG2_10kb
19,27240000,assembly_gap+encode_blacklist,weak,none,none,none,D1,D1,"BD2,BD3",HepG2_10kb
19,27680000,assembly_gap,weak,none,none,none,D1,D1,"BD2,BD3",HepG2_10kb
19,27700000,assembly_gap,weak,none,none,none,D1,D1,"BD2,BD3",HepG2_10kb
19,27770000,assembly_gap,weak,moderate,none,none,D3,D1,"BD2,BD3",HepG2_10kb
19,27810000,assembly_gap,weak,none,none,none,D1,D1,"BD2,BD3",HepG2_10kb
19,27820000,assembly_gap,weak,none,none,none,D1,D1,"BD2,BD3",HepG2_10kb
19,27830000,assembly_gap,weak,none,none,none,D1,D1,"BD2,BD3",HepG2_10kb
19,27910000,assembly_gap,weak,none,none,none,D1,D1,"BD2,BD3",HepG2_10kb
19,27920000,assembly_gap,moderate,none,none,moderate,D4,D4,"BD2,BD3",HepG2_10kb
19,27930000,assembly_gap,weak,none,none,moderate,D3,D3,"BD2,BD3",HepG2_10kb
19,27950000,assembly_gap,weak,none,none,moderate,D3,D3,"BD2,BD3",HepG2_10kb
19,27990000,assembly_gap,weak,none,none,strong,D3,D3,"BD2,BD3",HepG2_10kb
19,28000000,assembly_gap,weak,none,none,strong,D3,D3,"BD2,BD3",HepG2_10kb
19,28050000,assembly_gap,weak,none,none,moderate,D3,D3,"BD2,BD3",HepG2_10kb
19,28110000,assembly_gap,weak,none,none,none,D1,D1,"BD2,BD3",HepG2_10kb
19,28150000,assembly_gap,weak,none,none,none,D1,D1,"BD2,BD3",HepG2_10kb
19,28180000,assembly_gap,weak,none,none,none,D1,D1,"BD2,BD3",HepG2_10kb
19,28210000,assembly_gap,weak,none,none,none,D1,D1,"BD2,BD3",HepG2_10kb
19,28240000,assembly_gap,weak,none,none,none,D1,D1,"BD2,BD3",HepG2_10kb
19,28270000,assembly_gap,weak,none,none,none,D1,D1,"BD2,BD3",HepG2_10kb
19,28280000,assembly_gap,weak,none,none,none,D1,D1,"BD2,BD3",HepG2_10kb
19,28360000,assembly_gap,weak,none,none,none,D1,D1,"BD2,BD3",HepG2_10kb
19,28390000,assembly_gap,weak,none,none,none,D1,D1,"BD2,BD3",HepG2_10kb
19,28400000,assembly_gap,weak,none,none,none,D1,D1,"BD2,BD3",HepG2_10kb
19,28450000,assembly_gap,weak,none,none,strong,D3,D3,"BD2,BD3",HepG2_10kb
19,28460000,assembly_gap,weak,none,none,strong,D3,D3,"BD2,BD3",HepG2_10kb
19,28530000,assembly_gap,weak,none,none,none,D1,D1,"BD2,BD3",HepG2_10kb
19,28540000,assembly_gap,weak,none,none,none,D1,D1,"BD2,BD3",HepG2_10kb
19,28620000,assembly_gap,weak,none,none,none,D1,D1,"BD2,BD3",HepG2_10kb
19,28630000,assembly_gap,weak,none,none,none,D1,D1,"BD2,BD3",HepG2_10kb
19,28650000,assembly_gap,weak,none,none,none,D1,D1,"BD2,BD3",HepG2_10kb
19,28670000,assembly_gap,weak,none,none,strong,D3,D3,"BD2,BD3",HepG2_10kb
19,28680000,assembly_gap,weak,none,none,strong,D3,D3,"BD2,BD3",HepG2_10kb
19,28720000,assembly_gap,weak,weak,none,strong,D3,D3,"BD2,BD3",HepG2_10kb
19,28760000,assembly_gap,weak,none,none,strong,D3,D3,"BD2,BD3",HepG2_10kb
19,28780000,assembly_gap,weak,none,none,strong,D3,D3,"BD2,BD3",HepG2_10kb
19,28830000,assembly_gap,weak,none,none,strong,D3,D3,"BD2,BD3",HepG2_10kb
19,28860000,assembly_gap,weak,none,weak,strong,D3,D3,"BD2,BD3",HepG2_10kb
19,28880000,assembly_gap,weak,none,weak,strong,D3,D3,"BD2,BD3",HepG2_10kb
19,28890000,assembly_gap,moderate,none,weak,strong,D4,D4,"BD2,BD3",HepG2_10kb
19,28900000,assembly_gap,weak,none,none,strong,D3,D3,"BD2,BD3",HepG2_10kb
19,28940000,assembly_gap,weak,none,none,moderate,D3,D3,"BD2,BD3",HepG2_10kb
19,28980000,assembly_gap,weak,none,none,moderate,D3,D3,"BD2,BD3",HepG2_10kb
19,29050000,assembly_gap,weak,none,none,none,D1,D1,"BD2,BD3",HepG2_10kb
19,29250000,assembly_gap,weak,weak,weak,moderate,D3,D3,"BD2,BD3",HepG2_10kb
19,29270000,assembly_gap,weak,moderate,weak,moderate,D3,D3,"BD2,BD3",HepG2_10kb
19,29280000,assembly_gap,weak,moderate,weak,moderate,D3,D3,"BD2,BD3",HepG2_10kb
19,29350000,assembly_gap,weak,none,none,none,D1,D1,"BD2,BD3",HepG2_10kb
19,29360000,assembly_gap,weak,none,none,none,D1,D1,"BD2,BD3",HepG2_10kb
19,29370000,assembly_gap,weak,none,none,none,D1,D1,"BD2,BD3",HepG2_10kb
19,29380000,assembly_gap,weak,none,none,none,D1,D1,"BD2,BD3",HepG2_10kb
19,29410000,assembly_gap,weak,none,none,none,D1,D1,"BD2,BD3",HepG2_10kb
19,29450000,assembly_gap,weak,none,none,none,D1,D1,"BD2,BD3",HepG2_10kb
19,29460000,assembly_gap,moderate,weak,none,none,D3,D3,"BD2,BD3",HepG2_10kb
19,29470000,assembly_gap,weak,weak,none,none,D2,D1,"BD2,BD3",HepG2_10kb
19,29530000,assembly_gap,weak,none,moderate,none,D3,D1,"BD2,BD3",HepG2_10kb
19,29590000,assembly_gap,strong,weak,none,strong,D5,D5,"BD2,BD3",HepG2_10kb
19,29600000,assembly_gap,strong,weak,weak,strong,D5,D5,"BD2,BD3",HepG2_10kb
19,29690000,assembly_gap,weak,strong,moderate,strong,D3,D3,"BD2,BD3",HepG2_10kb
19,29710000,assembly_gap,moderate,strong,strong,strong,D4,D4,"BD2,BD3",HepG2_10kb
19,29720000,assembly_gap,strong,strong,moderate,strong,D5,D5,"BD2,BD3",HepG2_10kb
19,29730000,assembly_gap,strong,moderate,moderate,strong,D5,D5,"BD2,BD3",HepG2_10kb
19,29740000,assembly_gap,weak,moderate,moderate,strong,D3,D3,"BD2,BD3",HepG2_10kb
19,29880000,assembly_gap,moderate,none,strong,strong,D4,D4,"BD2,BD3",HepG2_10kb
19,29890000,assembly_gap,strong,none,moderate,strong,D5,D5,"BD2,BD3",HepG2_10kb
19,29900000,assembly_gap,weak,none,moderate,strong,D3,D3,"BD2,BD3",HepG2_10kb
19,29920000,assembly_gap,weak,none,none,strong,D3,D3,"BD2,BD3",HepG2_10kb
19,29940000,assembly_gap,weak,none,none,moderate,D3,D3,"BD2,BD3",HepG2_10kb
19,29980000,assembly_gap,weak,none,none,none,D1,D1,"BD2,BD3",HepG2_10kb
19,30040000,assembly_gap,moderate,weak,none,none,D3,D3,"BD2,BD3",HepG2_10kb
19,30050000,assembly_gap,strong,weak,none,none,D4,D3,"BD2,BD3",HepG2_10kb
19,30060000,assembly_gap,moderate,weak,none,none,D3,D3,"BD2,BD3",HepG2_10kb
19,30110000,assembly_gap,weak,none,none,none,D1,D1,"BD2,BD3",HepG2_10kb
19,30130000,assembly_gap,weak,none,none,none,D1,D1,"BD2,BD3",HepG2_10kb
19,30140000,assembly_gap,weak,none,none,none,D1,D1,"BD2,BD3",HepG2_10kb
19,30160000,assembly_gap,weak,none,none,none,D1,D1,"BD2,BD3",HepG2_10kb
19,30190000,assembly_gap,weak,none,none,strong,D3,D3,"BD2,BD3",HepG2_10kb
19,30210000,assembly_gap,weak,none,weak,strong,D3,D3,"BD2,BD3",HepG2_10kb
19,30220000,assembly_gap,moderate,none,weak,strong,D4,D4,"BD2,BD3",HepG2_10kb
19,30230000,assembly_gap,weak,none,weak,strong,D3,D3,"BD2,BD3",HepG2_10kb
19,30250000,assembly_gap,weak,none,none,strong,D3,D3,"BD2,BD3",HepG2_10kb
19,30340000,assembly_gap,weak,none,none,none,D1,D1,"BD2,BD3",HepG2_10kb
19,30410000,assembly_gap,moderate,none,none,strong,D4,D4,"BD2,BD3",HepG2_10kb
19,30420000,assembly_gap,moderate,none,none,strong,D4,D4,"BD2,BD3",HepG2_10kb
19,30430000,assembly_gap,weak,none,none,strong,D3,D3,"BD2,BD3",HepG2_10kb
19,30560000,assembly_gap,weak,none,none,none,D1,D1,"BD2,BD3",HepG2_10kb
19,30570000,assembly_gap,weak,none,none,none,D1,D1,"BD2,BD3",HepG2_10kb
19,30650000,assembly_gap,strong,strong,weak,strong,D5,D5,"BD2,BD3",HepG2_10kb
19,30660000,assembly_gap,strong,strong,moderate,strong,D5,D5,"BD2,BD3",HepG2_10kb
19,30670000,assembly_gap,strong,strong,moderate,strong,D5,D5,"BD2,BD3",HepG2_10kb
19,30700000,assembly_gap,weak,weak,weak,strong,D3,D3,"BD2,BD3",HepG2_10kb
19,30720000,assembly_gap,weak,none,none,strong,D3,D3,"BD2,BD3",HepG2_10kb
19,30780000,assembly_gap,weak,weak,weak,none,D2,D1,"BD2,BD3",HepG2_10kb
19,30810000,assembly_gap,weak,weak,weak,none,D2,D1,"BD2,BD3",HepG2_10kb
19,30860000,assembly_gap,weak,none,none,none,D1,D1,"BD2,BD3",HepG2_10kb
19,30880000,assembly_gap,weak,none,none,none,D1,D1,"BD2,BD3",HepG2_10kb
19,30950000,assembly_gap,weak,none,none,none,D1,D1,"BD2,BD3",HepG2_10kb
19,31030000,assembly_gap,weak,none,none,none,D1,D1,"BD2,BD3",HepG2_10kb
19,31050000,assembly_gap,weak,none,none,none,D1,D1,"BD2,BD3",HepG2_10kb
19,31070000,assembly_gap,weak,none,none,none,D1,D1,"BD2,BD3",HepG2_10kb
19,31100000,assembly_gap,weak,none,none,none,D1,D1,"BD2,BD3",HepG2_10kb
19,31120000,assembly_gap,weak,none,none,none,D1,D1,"BD2,BD3",HepG2_10kb
19,31140000,assembly_gap,weak,none,none,none,D1,D1,"BD2,BD3",HepG2_10kb
19,31160000,assembly_gap,weak,none,none,none,D1,D1,"BD2,BD3",HepG2_10kb
19,31240000,assembly_gap,weak,none,none,none,D1,D1,"BD2,BD3",HepG2_10kb
19,31250000,assembly_gap,weak,none,none,none,D1,D1,"BD2,BD3",HepG2_10kb
19,31260000,assembly_gap,weak,none,none,none,D1,D1,"BD2,BD3",HepG2_10kb
19,31280000,assembly_gap,weak,none,none,none,D1,D1,"BD2,BD3",HepG2_10kb
19,31290000,assembly_gap,weak,none,none,none,D1,D1,"BD2,BD3",HepG2_10kb
19,31350000,assembly_gap,weak,none,none,none,D1,D1,"BD2,BD3",HepG2_10kb
19,31380000,assembly_gap,weak,none,none,none,D1,D1,"BD2,BD3",HepG2_10kb
19,31390000,assembly_gap,weak,none,none,none,D1,D1,"BD2,BD3",HepG2_10kb
19,31440000,assembly_gap,weak,none,none,none,D1,D1,"BD2,BD3",HepG2_10kb
19,31460000,assembly_gap,weak,none,none,none,D1,D1,"BD2,BD3",HepG2_10kb
19,31500000,assembly_gap,weak,none,none,none,D1,D1,"BD2,BD3",HepG2_10kb
19,31570000,assembly_gap,weak,none,none,none,D1,D1,"BD2,BD3",HepG2_10kb
19,31600000,assembly_gap,weak,none,none,none,D1,D1,"BD2,BD3",HepG2_10kb
19,31640000,assembly_gap,weak,none,none,none,D1,D1,"BD2,BD3",HepG2_10kb
19,31700000,assembly_gap,weak,none,none,none,D1,D1,"BD2,BD3",HepG2_10kb
20,25700000,assembly_gap,weak,none,none,strong,D3,D3,"BD2,BD3",HepG2_10kb
20,25760000,assembly_gap,weak,none,none,strong,D3,D3,"BD2,BD3",HepG2_10kb
20,25770000,assembly_gap,weak,none,none,strong,D3,D3,"BD2,BD3",HepG2_10kb
20,25850000,assembly_gap,weak,none,none,strong,D3,D3,"BD2,BD3",HepG2_10kb
20,25870000,assembly_gap,weak,none,none,strong,D3,D3,"BD2,BD3",HepG2_10kb
20,25880000,assembly_gap,weak,none,none,strong,D3,D3,"BD2,BD3",HepG2_10kb
20,25930000,assembly_gap,weak,none,none,strong,D3,D3,"BD2,BD3",HepG2_10kb
20,25970000,assembly_gap,weak,none,none,strong,D3,D3,"BD2,BD3",HepG2_10kb
20,26010000,assembly_gap,weak,none,none,moderate,D3,D3,"BD2,BD3",HepG2_10kb
20,26020000,assembly_gap,weak,none,none,moderate,D3,D3,"BD2,BD3",HepG2_10kb
20,26090000,assembly_gap,weak,none,none,strong,D3,D3,"BD2,BD3",HepG2_10kb
20,26110000,assembly_gap,weak,none,none,strong,D3,D3,"BD2,BD3",HepG2_10kb
20,26120000,assembly_gap,weak,none,none,strong,D3,D3,"BD2,BD3",HepG2_10kb
20,26170000,assembly_gap,weak,none,none,none,D1,D1,"BD2,BD3",HepG2_10kb
20,26230000,assembly_gap,weak,none,none,none,D1,D1,"BD2,BD3",HepG2_10kb
20,26240000,assembly_gap,weak,none,none,none,D1,D1,"BD2,BD3",HepG2_10kb
20,26280000,assembly_gap,weak,none,none,none,D1,D1,"BD2,BD3",HepG2_10kb
20,28560000,assembly_gap,weak,none,none,strong,D3,D3,"BD2,BD3",HepG2_10kb
20,28640000,assembly_gap,weak,none,none,none,D1,D1,"BD2,BD3",HepG2_10kb
20,29010000,assembly_gap+encode_blacklist,weak,none,none,none,D1,D1,"BD2,BD3",HepG2_10kb
20,29040000,assembly_gap,weak,weak,none,strong,D3,D3,"BD2,BD3",HepG2_10kb
20,29130000,assembly_gap+encode_blacklist,weak,none,none,strong,D3,D3,"BD2,BD3",HepG2_10kb
20,29210000,assembly_gap+encode_blacklist,weak,none,none,moderate,D3,D3,"BD2,BD3",HepG2_10kb
20,29590000,assembly_gap,weak,none,none,strong,D3,D3,"BD2,BD3",HepG2_10kb
20,29690000,assembly_gap,weak,none,none,strong,D3,D3,"BD2,BD3",HepG2_10kb
20,29740000,assembly_gap,weak,none,weak,strong,D3,D3,"BD2,BD3",HepG2_10kb
20,29790000,assembly_gap,weak,none,none,strong,D3,D3,"BD2,BD3",HepG2_10kb
20,29880000,assembly_gap,weak,none,none,strong,D3,D3,"BD2,BD3",HepG2_10kb
20,30280000,assembly_gap,weak,none,none,strong,D3,D3,"BD2,BD3",HepG2_10kb
20,30290000,assembly_gap,weak,none,none,strong,D3,D3,"BD2,BD3",HepG2_10kb
20,30350000,assembly_gap,weak,none,none,strong,D3,D3,"BD2,BD3",HepG2_10kb
20,30370000,assembly_gap,weak,none,none,strong,D3,D3,"BD2,BD3",HepG2_10kb
20,30430000,assembly_gap,weak,none,none,strong,D3,D3,"BD2,BD3",HepG2_10kb
20,30440000,assembly_gap,weak,none,none,moderate,D3,D3,"BD2,BD3",HepG2_10kb
20,30810000,assembly_gap,weak,none,none,none,D1,D1,"BD2,BD3",HepG2_10kb
20,57360000,encode_blacklist,moderate,weak,weak,strong,D4,D4,"BD2,BD3",HepG2_10kb
20,64340000,assembly_gap,weak,none,none,none,D1,D1,"BD2,BD3",HepG2_10kb
21,5210000,assembly_gap,weak,none,none,none,D1,D1,"BD2,BD3",HepG2_10kb
21,5260000,assembly_gap,weak,none,none,none,D1,D1,"BD2,BD3",HepG2_10kb
21,8990000,assembly_gap,weak,none,none,none,D1,D1,"BD2,BD3",HepG2_10kb
21,9000000,assembly_gap,weak,none,none,none,D1,D1,"BD2,BD3",HepG2_10kb
21,9040000,assembly_gap,weak,none,none,none,D1,D1,"BD2,BD3",HepG2_10kb
21,9720000,assembly_gap,weak,none,none,none,D1,D1,"BD2,BD3",HepG2_10kb
21,9800000,assembly_gap,weak,none,none,none,D1,D1,"BD2,BD3",HepG2_10kb
21,9810000,assembly_gap,weak,none,none,none,D1,D1,"BD2,BD3",HepG2_10kb
21,9830000,assembly_gap,weak,none,none,none,D1,D1,"BD2,BD3",HepG2_10kb
21,9840000,assembly_gap,weak,none,none,none,D1,D1,"BD2,BD3",HepG2_10kb
21,9860000,assembly_gap,weak,none,none,none,D1,D1,"BD2,BD3",HepG2_10kb
21,10030000,assembly_gap,moderate,none,none,none,D3,D3,"BD2,BD3",HepG2_10kb
21,10040000,assembly_gap,moderate,none,none,none,D3,D3,"BD2,BD3",HepG2_10kb
21,10280000,assembly_gap,weak,none,none,none,D1,D1,"BD2,BD3",HepG2_10kb
21,10320000,assembly_gap,weak,none,none,none,D1,D1,"BD2,BD3",HepG2_10kb
21,10440000,assembly_gap,weak,none,none,none,D1,D1,"BD2,BD3",HepG2_10kb
21,10490000,assembly_gap,weak,none,none,none,D1,D1,"BD2,BD3",HepG2_10kb
21,10510000,assembly_gap,weak,none,none,none,D1,D1,"BD2,BD3",HepG2_10kb
21,10660000,assembly_gap+encode_blacklist,weak,none,none,none,D1,D1,"BD2,BD3",HepG2_10kb
21,10730000,assembly_gap+encode_blacklist,weak,none,none,moderate,D3,D3,"BD2,BD3",HepG2_10kb
21,10750000,assembly_gap+encode_blacklist,weak,none,none,moderate,D3,D3,"BD2,BD3",HepG2_10kb
21,10810000,assembly_gap+encode_blacklist,moderate,none,none,none,D3,D3,"BD2,BD3",HepG2_10kb
21,10820000,assembly_gap+encode_blacklist,moderate,none,none,none,D3,D3,"BD2,BD3",HepG2_10kb
21,43220000,assembly_gap,weak,none,none,none,D1,D1,"BD2,BD3",HepG2_10kb
21,43260000,assembly_gap,weak,none,none,none,D1,D1,"BD2,BD3",HepG2_10kb
21,46700000,assembly_gap,strong,none,none,none,D3,D3,"BD2,BD3",HepG2_10kb
22,10660000,assembly_gap,weak,none,none,none,D1,D1,"BD2,BD3",HepG2_10kb
22,10670000,assembly_gap,weak,none,none,none,D1,D1,"BD2,BD3",HepG2_10kb
22,10710000,assembly_gap,weak,none,none,none,D1,D1,"BD2,BD3",HepG2_10kb
22,10730000,assembly_gap,weak,none,none,none,D1,D1,"BD2,BD3",HepG2_10kb
22,10790000,assembly_gap,weak,none,none,none,D1,D1,"BD2,BD3",HepG2_10kb
22,11020000,assembly_gap,weak,none,none,none,D1,D1,"BD2,BD3",HepG2_10kb
22,11070000,assembly_gap,weak,none,none,none,D1,D1,"BD2,BD3",HepG2_10kb
22,11300000,assembly_gap,weak,none,none,none,D1,D1,"BD2,BD3",HepG2_10kb
22,11310000,assembly_gap,weak,none,none,none,D1,D1,"BD2,BD3",HepG2_10kb
22,11560000,assembly_gap,weak,none,none,none,D1,D1,"BD2,BD3",HepG2_10kb
22,11630000,assembly_gap,weak,none,none,none,D1,D1,"BD2,BD3",HepG2_10kb
22,12590000,assembly_gap,weak,none,none,none,D1,D1,"BD2,BD3",HepG2_10kb
22,12710000,assembly_gap,weak,none,none,none,D1,D1,"BD2,BD3",HepG2_10kb
22,15630000,assembly_gap,weak,none,none,none,D1,D1,"BD2,BD3",HepG2_10kb
22,15640000,assembly_gap,weak,none,none,none,D1,D1,"BD2,BD3",HepG2_10kb
22,16130000,assembly_gap,weak,none,none,none,D1,D1,"BD2,BD3",HepG2_10kb
22,16140000,assembly_gap,weak,none,none,none,D1,D1,"BD2,BD3",HepG2_10kb
22,16150000,assembly_gap,weak,none,none,none,D1,D1,"BD2,BD3",HepG2_10kb
22,16160000,assembly_gap,weak,none,none,none,D1,D1,"BD2,BD3",HepG2_10kb
22,16400000,assembly_gap,weak,none,none,moderate,D3,D3,"BD2,BD3",HepG2_10kb
22,16450000,assembly_gap,weak,none,none,moderate,D3,D3,"BD2,BD3",HepG2_10kb
22,16580000,assembly_gap,weak,none,none,moderate,D3,D3,"BD2,BD3",HepG2_10kb
22,16590000,assembly_gap,weak,none,none,moderate,D3,D3,"BD2,BD3",HepG2_10kb
22,16620000,assembly_gap,weak,none,none,moderate,D3,D3,"BD2,BD3",HepG2_10kb
22,16650000,assembly_gap,weak,none,none,moderate,D3,D3,"BD2,BD3",HepG2_10kb
22,16670000,assembly_gap,weak,none,none,none,D1,D1,"BD2,BD3",HepG2_10kb
22,16720000,assembly_gap,weak,none,none,none,D1,D1,"BD2,BD3",HepG2_10kb
22,16750000,assembly_gap,weak,none,none,moderate,D3,D3,"BD2,BD3",HepG2_10kb
22,16770000,assembly_gap,weak,none,none,moderate,D3,D3,"BD2,BD3",HepG2_10kb
22,16870000,assembly_gap,weak,none,none,strong,D3,D3,"BD2,BD3",HepG2_10kb
22,16890000,assembly_gap,weak,none,none,strong,D3,D3,"BD2,BD3",HepG2_10kb
22,16900000,assembly_gap,strong,none,none,strong,D5,D5,"BD2,BD3",HepG2_10kb
22,16910000,assembly_gap,strong,weak,none,strong,D5,D5,"BD2,BD3",HepG2_10kb
22,16920000,assembly_gap,strong,weak,none,strong,D5,D5,"BD2,BD3",HepG2_10kb
22,17020000,assembly_gap,weak,none,none,strong,D3,D3,"BD2,BD3",HepG2_10kb
22,17030000,assembly_gap,weak,none,none,strong,D3,D3,"BD2,BD3",HepG2_10kb
22,17050000,assembly_gap,weak,weak,weak,strong,D3,D3,"BD2,BD3",HepG2_10kb
22,17060000,assembly_gap,strong,weak,moderate,strong,D5,D5,"BD2,BD3",HepG2_10kb
22,17070000,assembly_gap,strong,moderate,moderate,strong,D5,D5,"BD2,BD3",HepG2_10kb
22,17180000,assembly_gap,weak,moderate,weak,strong,D3,D3,"BD2,BD3",HepG2_10kb
22,17200000,assembly_gap,moderate,none,none,strong,D4,D4,"BD2,BD3",HepG2_10kb
22,17210000,assembly_gap,moderate,none,none,strong,D4,D4,"BD2,BD3",HepG2_10kb
22,17280000,assembly_gap,weak,none,none,moderate,D3,D3,"BD2,BD3",HepG2_10kb
22,17350000,assembly_gap,weak,none,none,none,D1,D1,"BD2,BD3",HepG2_10kb
X,1950000,assembly_gap,moderate,none,none,none,D3,D3,"BD2,BD3",HepG2_10kb
X,1960000,assembly_gap,weak,none,none,none,D1,D1,"BD2,BD3",HepG2_10kb
X,2130000,assembly_gap,moderate,none,none,none,D3,D3,"BD2,BD3",HepG2_10kb
X,37100000,assembly_gap,weak,none,none,none,D1,D1,"BD2,BD3",HepG2_10kb
X,37280000,assembly_gap,weak,none,none,none,D1,D1,"BD2,BD3",HepG2_10kb
X,50230000,assembly_gap,weak,none,none,moderate,D3,D3,"BD2,BD3",HepG2_10kb
X,58070000,encode_blacklist,weak,none,none,moderate,D3,D3,"BD2,BD3",HepG2_10kb
X,58080000,encode_blacklist,weak,none,none,moderate,D3,D3,"BD2,BD3",HepG2_10kb
X,58140000,assembly_gap+encode_blacklist,weak,none,none,none,D1,D1,"BD2,BD3",HepG2_10kb
X,58180000,assembly_gap+encode_blacklist,weak,none,none,none,D1,D1,"BD2,BD3",HepG2_10kb
X,58280000,assembly_gap+encode_blacklist,weak,none,none,none,D1,D1,"BD2,BD3",HepG2_10kb
X,58290000,assembly_gap+encode_blacklist,weak,none,none,none,D1,D1,"BD2,BD3",HepG2_10kb
X,58320000,assembly_gap+encode_blacklist,weak,none,none,none,D1,D1,"BD2,BD3",HepG2_10kb
X,58330000,assembly_gap+encode_blacklist,weak,none,none,none,D1,D1,"BD2,BD3",HepG2_10kb
X,58390000,assembly_gap+encode_blacklist,weak,none,none,none,D1,D1,"BD2,BD3",HepG2_10kb
X,58410000,assembly_gap+encode_blacklist,weak,none,none,none,D1,D1,"BD2,BD3",HepG2_10kb
X,62570000,assembly_gap+encode_blacklist,weak,none,none,none,D1,D1,"BD2,BD3",HepG2_10kb
X,62740000,assembly_gap+encode_blacklist,weak,none,none,none,D1,D1,"BD2,BD3",HepG2_10kb
X,62820000,assembly_gap+encode_blacklist,weak,none,none,none,D1,D1,"BD2,BD3",HepG2_10kb
X,63010000,assembly_gap,weak,none,none,none,D1,D1,"BD2,BD3",HepG2_10kb
X,63110000,assembly_gap,weak,none,none,none,D1,D1,"BD2,BD3",HepG2_10kb
X,63130000,assembly_gap,weak,none,none,none,D1,D1,"BD2,BD3",HepG2_10kb
X,63140000,assembly_gap,weak,none,none,none,D1,D1,"BD2,BD3",HepG2_10kb
X,63250000,assembly_gap,moderate,none,none,none,D3,D3,"BD2,BD3",HepG2_10kb
X,63260000,assembly_gap,moderate,none,none,none,D3,D3,"BD2,BD3",HepG2_10kb
X,63630000,assembly_gap,weak,none,none,none,D1,D1,"BD2,BD3",HepG2_10kb
X,63690000,assembly_gap,weak,none,none,none,D1,D1,"BD2,BD3",HepG2_10kb
X,63710000,assembly_gap,weak,none,none,none,D1,D1,"BD2,BD3",HepG2_10kb
X,63750000,assembly_gap,weak,none,none,none,D1,D1,"BD2,BD3",HepG2_10kb
X,63770000,assembly_gap,weak,none,none,none,D1,D1,"BD2,BD3",HepG2_10kb
X,114320000,assembly_gap,weak,none,none,none,D1,D1,"BD2,BD3",HepG2_10kb
X,114330000,assembly_gap,weak,none,none,none,D1,D1,"BD2,BD3",HepG2_10kb
X,116560000,assembly_gap,weak,none,none,none,D1,D1,"BD2,BD3",HepG2_10kb
X,116590000,assembly_gap,weak,none,none,none,D1,D1,"BD2,BD3",HepG2_10kb
X,120880000,assembly_gap,weak,none,none,none,D1,D1,"BD2,BD3",HepG2_10kb
X,120890000,assembly_gap,weak,none,none,none,D1,D1,"BD2,BD3",HepG2_10kb
X,144450000,assembly_gap,weak,none,none,none,D1,D1,"BD2,BD3",HepG2_10kb
